preprint_folder,preprint_title,subject,n_arxiv_refs_with_category,subject_share
A-C1-Counterexample-to-the-Entropy-Conjecture-September-25-2026,A C¹ Counterexample to the Entropy Conjecture,,0,
A-CH-Obstruction-to-a-Prescribed-Categoricity-Threshold-September-24-2026,A CH obstruction to a prescribed categoricity threshold,math.LO,9,0.89
A-Capacity-Criterion-for-Four-State-Potts-Reconstruction-on-Trees-October-5-2026,A Capacity Criterion for Four-State Potts Reconstruction on Trees,math.PR,1,1.00
A-Charged-Reduction-of-the-Spacetime-Penrose-Inequality-in-Spatial-Dimensions-at-Least-Four-October-5-2026,A Charged Reduction of the Spacetime Penrose Inequality in Spatial Dimensions at Least Four,gr-qc,10,0.40
A-Codimension-One-Bound-for-the-Singular-Set-of-a-Stationary-Integral-Varifold-October-5-2026,A Codimension-One Bound for the Singular Set of a Stationary Integral Varifold,math.DG,11,0.82
A-Complete-Local-Domain-Without-a-Small-Cohen-Macaulay-Module-September-23-2026,A Complete Local Domain without a Small Cohen-Macaulay Module,math.AG,5,0.80
A-Conditional-Reduction-for-Algebraic-Kuga-Satake-Correspondences-September-10-2026,A Conditional Reduction for Algebraic Kuga–Satake Correspondences,math.AG,1,1.00
A-Coulomb-Ground-State-Density-without-Kohn-Sham-Ensemble-Representation-September-25-2026,A Coulomb ground-state density without Kohn–Sham ensemble representation,physics.chem-ph,3,0.67
A-Counterexample-to-Kaplanskys-Direct-Finiteness-Conjecture-in-Characteristic-Two-September-23-2026,A Counterexample to Kaplansky's Direct-Finiteness Conjecture in Characteristic Two,math.RA,5,0.40
A-Counterexample-to-Kaplanskys-Direct-Finiteness-Conjecture-in-Odd-Characteristic-September-26-2026,A Counterexample to Kaplansky's Direct-Finiteness Conjecture in Odd Characteristic,,0,
A-Counterexample-to-Kuroshs-Division-Ring-Problem-September-23-2026,A Counterexample to Kurosh’s Division-Ring Problem,math.RA,5,0.80
A-Counterexample-to-Rysers-Covering-Conjecture-September-23-2026,A counterexample to Ryser's covering conjecture,math.CO,16,1.00
A-Counterexample-to-Walls-D2-Problem-October-6-2026,A Counterexample to Wall's D(2) Problem,,0,
A-Counterexample-to-the-Group-Ring-Determinant-Conjecture-September-23-2026,A Counterexample to the Group-Ring Determinant Conjecture,math.GT,4,0.50
A-Counterexample-to-the-Infinite-Matroid-Packing-Covering-Conjecture-September-24-2026,A Counterexample to the Infinite Matroid Packing/Covering Conjecture,math.CO,1,1.00
A-Cyclic-Polytabloid-Proof-of-Saxls-Conjecture-September-24-2026,A Cyclic Polytabloid Proof of Saxl's Conjecture,math.CO,4,0.50
A-Direct-Proof-of-Optimal-Max-Cut-Hardness-September-23-2026,A Direct Proof of Optimal Max-Cut Hardness,,0,
A-Fixed-Particle-Test-for-Computation-in-a-Forced-Viscous-Flow-September-27-2026,A Fixed Particle Test for Computation in a Forced Viscous Flow,math.AP,1,1.00
A-Fock-space-inequality-and-the-Laughlin-spectral-gap-September-24-2026,A Fock-space inequality and the Laughlin spectral gap,math-ph,16,0.50
A-Fully-Polynomial-Randomized-Approximation-Scheme-for-Perfect-Matchings-in-General-Graphs-September-23-2026,A Fully Polynomial Randomized Approximation Scheme for Perfect Matchings in General Graphs,cs.DS,5,0.60
A-Gepner-stability-condition-on-every-smooth-quintic-threefold-September-24-2026,A Gepner stability condition on every smooth quintic threefold,math.AG,12,0.83
A-Limiting-Satisfiability-Threshold-for-Every-Fixed-Clause-Size-September-25-2026,A Limiting Satisfiability Threshold for Every Fixed Clause Size,math.PR,10,0.40
A-Linear-Clock-for-Random-Walk-on-Tree-Weighted-Planar-Maps-October-5-2026,A Linear Clock for Random Walk on Tree-Weighted Planar Maps,math.PR,4,1.00
A-Logarithmic-Independence-Bound-for-Clique-Free-Graphs-September-25-2026,A logarithmic independence bound for clique-free graphs,math.CO,5,0.60
A-Low-Space-Algorithm-for-Worst-Case-Subset-Sum-September-26-2026,A Low-Space Algorithm for Worst-Case Subset Sum,cs.DS,3,0.67
A-Modulus-Proof-of-Cannons-Conjecture-September-23-2026,A Modulus Proof of Cannon’s Conjecture,math.GT,1,1.00
A-Nearly-Quartic-Separation-Between-Randomized-and-Quantum-Query-Complexity-October-5-2026,A Nearly Quartic Separation Between Randomized and Quantum Query Complexity,quant-ph,21,0.71
A-Negative-Solution-to-the-Finite-Lattice-Representation-Problem-September-24-2026,A negative solution to the finite lattice representation problem,math.GR,5,0.60
A-Nonspectrahedral-Hyperbolicity-Cone-September-24-2026,A nonspectrahedral hyperbolicity cone,math.AG,13,0.46
A-PD4-group-without-an-aspherical-manifold-model-September-24-2026,A PD4 group without an aspherical manifold model,math.GT,6,0.83
A-Pivotal-Amplitude-for-Voronoi-Percolation-from-Cardys-Formula-October-5-2026,A Pivotal Amplitude for Voronoi Percolation from Cardy's Formula,math.PR,1,1.00
A-Polynomial-Time-2-Approximation-for-Shortest-Common-Superstring-September-24-2026,A Polynomial-Time 2-Approximation for Shortest Common Superstring,cs.DS,2,1.00
A-Power-Saving-for-Polynomial-Differences-at-Prime-Arguments-October-5-2026,A Power Saving for Polynomial Differences at Prime Arguments,math.NT,8,0.62
A-Sharp-Threshold-Bound-for-Monotone-Graph-Properties-September-25-2026,A Sharp Threshold Bound for Monotone Graph Properties,cs.DM,1,1.00
A-Smooth-Metric-with-No-Local-Isometric-Immersion-into-Three-Space-September-24-2026,A Smooth Metric with No Local Isometric Immersion into Three-Space,math.AP,3,0.67
A-Three-Dimensional-Counterexample-to-Integer-Degree-Harmonic-Dimension-Comparison-September-26-2026,A Three-Dimensional Counterexample to Integer-Degree Harmonic Dimension Comparison,math.DG,6,1.00
A-Three-Manifold-Without-Conjugate-Points-and-Without-a-Nonpositively-Curved-Metric-September-24-2026,A Three-Manifold Without Conjugate Points and Without a Nonpositively Curved Metric,math.DG,3,1.00
A-Torsion-Free-Counterexample-to-Reduced-Baum-Connes-Injectivity-September-23-2026,A torsion-free counterexample to reduced Baum–Connes injectivity,math.KT,14,0.50
A-Torsion-Free-Counterexample-to-the-Kadison-Kaplansky-Projection-Conjecture-September-23-2026,A torsion-free counterexample to the Kadison–Kaplansky projection conjecture,math.OA,7,0.57
A-Torsion-Free-Group-Algebra-That-Is-Not-Directly-Finite-October-4-2026,A Torsion-Free Group Algebra That Is Not Directly Finite,math.GR,3,0.67
A-Torsion-Free-Group-Algebra-with-Zero-Divisors-September-23-2026,A Torsion-Free Group Algebra with Zero Divisors,math.GR,8,0.88
A-boundary-field-gap-for-the-spin-one-Heisenberg-chain-September-24-2026,A boundary-field gap for the spin-one Heisenberg chain,quant-ph,5,0.40
A-boundary-only-obstruction-to-four-dimensional-disk-embedding-September-24-2026,A boundary-only obstruction to four-dimensional disk embedding,math.GT,4,0.75
A-classification-of-finite-Euclidean-Ramsey-configurations-September-23-2026,A classification of finite Euclidean Ramsey configurations,math.CO,11,0.91
A-closed-Ricci-flow-with-bounded-scalar-curvature-and-finite-time-curvature-blowup-September-24-2026,A closed Ricci flow with bounded scalar curvature and finite-time curvature blowup,math.DG,5,0.80
A-conditional-abelianity-theorem-for-special-fourfold-pairs-with-a-half-weight-divisor-October-5-2026,A conditional abelianity theorem for special fourfold pairs with a half-weight divisor,math.AG,7,0.86
A-continuum-temperature-singularity-for-a-radial-pair-potential-September-24-2026,A continuum temperature singularity for a radial pair potential,cond-mat,4,0.50
A-counterexample-to-Hadwigers-conjecture-September-23-2026,A counterexample to Hadwiger's conjecture,math.CO,10,0.90
A-counterexample-to-Kaplanskys-quasitrace-conjecture-September-23-2026,A counterexample to Kaplansky's quasitrace conjecture and failure of tensor-product stable finiteness,math.OA,4,0.75
A-counterexample-to-Naimarks-problem-in-ZFC-September-24-2026,A counterexample to Naimark's problem in ZFC,math.OA,6,0.83
A-counterexample-to-Sidorenkos-conjecture-September-23-2026,A counterexample to Sidorenko's conjecture,math.CO,7,0.71
A-counterexample-to-Tachikawas-second-conjecture-September-23-2026,A counterexample to Tachikawa's second conjecture,math.RT,15,0.67
A-counterexample-to-integer-degree-harmonic-dimension-comparison-September-25-2026,A counterexample to integer-degree harmonic dimension comparison,math.DG,5,1.00
A-counterexample-to-the-Colin-de-Verdiere-chromatic-conjecture-September-23-2026,A counterexample to the Colin de Verdière chromatic conjecture,math.CO,6,0.67
A-counterexample-to-the-Monge-ansatz-for-the-three-marginal-Coulomb-cost-September-25-2026,A counterexample to the Monge ansatz for the three-marginal Coulomb cost,math.AP,6,0.50
A-counterexample-to-the-coarse-Novikov-conjecture-September-23-2026,A counterexample to the coarse Novikov conjecture,math.KT,2,1.00
A-counterexample-to-the-nearby-Lagrangian-conjecture-September-23-2026,A counterexample to the nearby Lagrangian conjecture,math.SG,6,0.67
A-cubic-lower-bound-for-border-determinantal-complexity-of-the-permanent-September-24-2026,A cubic lower bound for border determinantal complexity of the permanent,cs.CC,11,0.55
A-degenerate-counterexample-to-the-critical-number-Arnold-bound-September-23-2026,Three fixed points on the symplectic quadric threefold,math.SG,4,0.75
A-density-uniform-condensate-bound-for-dilute-Bose-gases-September-27-2026,A density-uniform condensate bound for dilute Bose gases,math-ph,20,0.65
A-dimension-free-logarithmic-Sobolev-inequality-for-subgaussian-log-concave-measures-September-23-2026,A dimension-free logarithmic Sobolev inequality for subgaussian log-concave measures,math.PR,9,0.33
A-direct-proof-of-the-complete-Crouzeix-inequality-September-26-2026,A direct proof of the complete Crouzeix inequality,math.CA,4,0.25
A-directional-zero-one-law-for-finite-range-dependent-random-environments-October-5-2026,A directional zero-one law for finite-range-dependent random environments,cs.LG,1,1.00
A-directional-zero-one-law-under-strict-ellipticity-September-23-2026,A directional zero–one law under strict ellipticity,math.PR,9,0.89
A-doubling-Hilbert-subset-with-no-finite-dimensional-bi-Lipschitz-embedding-September-25-2026,A doubling Hilbert subset with no finite-dimensional bi-Lipschitz embedding,math.MG,1,1.00
A-finite-Smith-Toda-complex-V4-at-the-prime-1009-September-23-2026,A finite Smith–Toda complex V(4) at the prime 1009,math.AT,4,0.75
A-finite-entropy-separation-of-microstates-and-nonmicrostates-free-entropy-September-25-2026,A finite-entropy separation of microstates and nonmicrostates free entropy,math.PR,2,0.50
A-finite-entropy-system-without-a-smooth-positive-volume-model-September-25-2026,A zero-entropy system without a smooth positive-volume model,math.DS,1,1.00
A-finite-time-singularity-of-Calabi-flow-on-projective-space-September-24-2026,A finite-time singularity of Calabi flow on projective space,math.DG,4,1.00
A-finitely-generated-counterexample-to-the-Eilenberg-Ganea-conjecture-September-23-2026,A finitely generated counterexample to the Eilenberg–Ganea conjecture,math.GR,3,0.67
A-group-without-fixed-price-October-5-2026,A group without fixed price,math.GR,4,1.00
A-high-arity-counterexample-to-Pixton-completeness-in-Chow-September-24-2026,A high-arity counterexample to Pixton completeness in Chow,math.AG,33,1.00
A-hyperbolic-group-with-no-geometric-CAT0-action-September-25-2026,A hyperbolic group with no geometric CAT(0) action,math.MG,7,0.43
A-latest-anchor-induction-with-spectrally-compact-masks-for-worst-case-trace-reconstruction-October-5-2026,A latest-anchor induction with spectrally compact masks for worst-case trace reconstruction,math.PR,3,0.33
A-linear-cycle-and-edge-decomposition-of-every-graph-September-24-2026,A linear cycle-and-edge decomposition of every graph,math.CO,5,1.00
A-linear-list-coloring-bound-in-terms-of-the-Hadwiger-number-September-23-2026,A linear list-coloring bound in terms of the Hadwiger number,math.CO,9,1.00
A-local-Penrose-inequality-for-conformal-perturbations-of-Schwarzschild-anti-de-Sitter-data-October-5-2026,A local Penrose inequality for conformal perturbations of Schwarzschild–anti-de Sitter data,math.DG,5,0.80
A-marked-tensor-obstruction-to-four-dimensional-disk-embedding-September-24-2026,A marked tensor obstruction to four-dimensional disk embedding,math.AG,3,0.67
A-negatively-pinched-Kahler-threefold-without-bounded-holomorphic-coordinates-September-25-2026,A negatively pinched Kähler threefold without bounded holomorphic coordinates,math.CV,3,0.67
A-nine-dimensional-counterexample-to-Borsuks-covering-assertion-September-23-2026,A nine-dimensional counterexample to Borsuk's covering assertion,math.CO,5,0.60
A-nondegenerate-counterexample-to-the-Morse-number-Arnold-bound-September-23-2026,A nondegenerate counterexample to the Morse-number Arnold bound,math.SG,7,0.86
A-pointwise-2-converse-for-elliptic-curves-with-rational-two-torsion-September-24-2026,A pointwise 2-converse for elliptic curves with rational two-torsion,math.NT,11,1.00
A-polynomial-time-algorithm-for-three-machine-unit-job-scheduling-September-24-2026,A Polynomial-Time Algorithm for Three-Machine Unit-Job Scheduling,,0,
A-polynomial-time-construction-of-strong-thin-trees-September-23-2026,A polynomial-time construction of strong thin trees,cs.DS,11,0.73
A-positive-solution-to-Tingleys-problem-September-23-2026,A positive solution to Tingley's problem,math.OA,3,0.33
A-power-improvement-in-the-Heilbronn-triangle-lower-bound-September-25-2026,A power improvement in the Heilbronn triangle lower bound,math.CO,5,0.40
A-power-saving-for-intersective-polynomial-differences-with-an-exponent-depending-only-on-the-degree-October-5-2026,A power saving for intersective polynomial differences with an exponent depending only on the degree,math.NT,7,0.71
A-power-saving-for-planar-halving-lines-September-25-2026,A power saving for planar halving lines,math.AP,2,0.50
A-power-saving-for-planar-unit-distances-September-23-2026,A power saving for planar unit distances,math.CO,5,0.80
A-power-saving-for-square-difference-free-sets-September-24-2026,A power saving for square-difference-free sets,math.CO,8,0.38
A-product-counterexample-to-the-simplex-maximum-for-projection-body-volume-September-24-2026,A product counterexample to the simplex maximum for projection-body volume,math.MG,1,1.00
A-projective-fourfold-with-large-fundamental-group-and-non-Stein-universal-cover-October-5-2026,A projective fourfold with large fundamental group and non-Stein universal cover,math.AG,1,1.00
A-proof-of-Seymours-second-neighborhood-conjecture-September-23-2026,A proof of Seymour’s second-neighborhood conjecture,math.CO,5,1.00
A-quadratic-bound-for-Jacobsthals-function-September-25-2026,A quadratic bound for Jacobsthal's function,math.NT,6,1.00
A-radial-continuum-phase-transition-with-algebraic-decay-September-24-2026,A radial continuum phase transition with algebraic decay,cond-mat,4,0.50
A-rational-obstruction-to-strong-chromatic-splitting-at-height-three-September-25-2026,A rational obstruction to strong chromatic splitting at height three,math.AT,13,0.38
A-sharp-Fourier-certificate-for-planar-circle-packing-September-23-2026,A sharp Fourier certificate for planar circle packing,math.NT,5,0.40
A-sharp-entropy-bound-and-the-simplex-inequality-for-isotropic-constants-October-5-2026,A sharp entropy bound and the simplex inequality for isotropic constants,math.MG,12,0.42
A-single-lattice-covering-bound-of-order-n-log-n-September-23-2026,A single-lattice covering bound of order n log n,math.MG,3,0.67
A-singular-normal-affine-surface-with-free-tangent-sheaf-September-23-2026,A singular normal affine surface with free tangent sheaf,math.AG,7,1.00
A-smooth-three-torus-diffeomorphism-with-simple-Lebesgue-spectrum-September-23-2026,A smooth three-torus diffeomorphism with simple Lebesgue spectrum,math.DS,2,1.00
A-spectral-gap-throughout-the-high-temperature-Sherrington-Kirkpatrick-phase-September-24-2026,A spectral gap throughout the high-temperature Sherrington–Kirkpatrick phase,math.PR,8,0.62
A-stable-coordinate-that-is-not-a-coordinate-in-four-variables-October-5-2026,A stable coordinate that is not a coordinate in four variables,,0,
A-strict-four-row-permanent-inequality-and-permutation-moments-September-26-2026,A strict four-row permanent inequality and permutation moments,math.PR,9,0.44
A-strict-inverse-first-power-bound-for-univalent-functions-September-24-2026,A strict inverse-first-power bound for univalent functions,math.CV,3,1.00
A-superquadratic-separation-between-sensitivity-and-block-sensitivity-September-25-2026,A superquadratic separation between sensitivity and block sensitivity,cs.CC,4,0.50
A-surface-counterexample-to-Shafarevich-holomorphic-convexity-September-23-2026,A surface counterexample to Shafarevich holomorphic convexity,math.AG,8,0.75
A-translational-tile-with-no-fully-periodic-tiling-in-dimension-three-September-23-2026,A translational tile with no fully periodic tiling in dimension three,math.CO,7,0.86
A-two-dimensional-area-law-from-a-global-spectral-gap-September-24-2026,A two-dimensional area law from a global spectral gap,quant-ph,30,0.70
A-typical-start-upper-bound-for-low-temperature-SK-Glauber-dynamics-September-24-2026,A typical-start upper bound for low-temperature SK Glauber dynamics,math.PR,11,0.82
A-uniform-Hilbert-transform-estimate-for-Lipschitz-directions-September-25-2026,A uniform Hilbert transform estimate for Lipschitz directions,math.CA,16,0.88
A-uniform-influence-bound-for-hypergraph-properties-October-5-2026,A uniform influence bound for hypergraph properties,cs.DM,1,1.00
A-universal-group-of-type-F-infinity-September-23-2026,A universal group of type F∞,math.GR,1,1.00
Abelian-covers-Gale-correspondences-and-the-Hodge-conjecture-for-powers-September-30-2026,"Abelian covers, Gale correspondences, and the Hodge conjecture for powers",math.AG,7,0.86
Absolutely-Continuous-Spectrum-for-Weak-Disorder-Anderson-Models-in-Dimensions-at-Least-Three-September-23-2026,Absolutely Continuous Spectrum for Weak-Disorder Anderson Models in Dimensions at Least Three,math-ph,11,0.82
Abundance-after-nonvanishing-for-compact-Kahler-fourfolds-September-27-2026,Abundance after nonvanishing for compact Kähler fourfolds,math.AG,18,0.94
Abundance-in-numerical-dimension-one-for-terminal-threefolds-in-positive-characteristic-September-24-2026,Abundance in numerical dimension one for terminal threefolds in positive characteristic,math.AG,15,1.00
Additive-hardness-and-unbounded-configuration-gaps-in-bin-packing-September-24-2026,Additive hardness and unbounded configuration gaps in bin packing,cs.DS,1,1.00
Algebraic-Kuga-Satake-correspondences-and-Hodge-conjectures-on-a-K3-quadratic-locus-September-30-2026,Algebraic Kuga–Satake correspondences and Hodge conjectures on a K3 quadratic locus,math.AG,17,0.88
Algebraicity-of-Kuga-Satake-Correspondences-for-K3-Surfaces-October-3-2026,Algebraicity of Kuga–Satake Correspondences for K3 Surfaces,math.AG,8,0.50
Algebraicity-of-Weil-classes-on-split-abelian-eightfolds-September-18-2026,Algebraicity of Weil classes on split abelian eightfolds,math.SG,14,0.71
All-temperature-pressure-for-orthogonally-invariant-Ising-spin-glasses-September-25-2026,All-temperature pressure for orthogonally invariant Ising spin glasses,math.PR,16,0.56
Almost-Linear-Time-Maximum-Cardinality-Matching-in-Sparse-General-Graphs-September-24-2026,Almost-Linear-Time Maximum-Cardinality Matching in General Graphs,cs.DS,15,0.87
Almost-everywhere-Fourier-convergence-in-L-log-L-September-23-2026,Almost-everywhere Fourier convergence in $L\log L$,math.CA,3,0.67
Almost-everywhere-regularity-of-stationary-integral-varifolds-September-23-2026,Almost-everywhere regularity of stationary integral varifolds,math.DG,7,0.71
Ambiently-homeomorphic-isolated-hypersurface-germs-in-C4-with-multiplicities-four-and-five-September-27-2026,Ambiently homeomorphic isolated hypersurface germs in $\mathbb{C}^4$ with multiplicities four and five,math.AG,3,1.00
Ambiently-homeomorphic-isolated-hypersurfaces-of-multiplicities-two-and-three-September-24-2026,Ambiently homeomorphic isolated hypersurfaces of multiplicities two and three,math.AG,7,0.86
An-Almost-Linear-Approximation-Scheme-for-Edit-Distance-September-24-2026,An Almost-Linear Approximation Scheme for Edit Distance,cs.DS,10,1.00
An-Artin-group-with-no-geometric-CAT-0-action-September-23-2026,An Artin group with no geometric CAT(0) action,math.GR,6,1.00
An-Endpoint-Gradient-Bound-for-the-Centered-Disk-Maximal-Operator-September-26-2026,An Endpoint Gradient Bound for the Centered Disk Maximal Operator,math.CA,4,1.00
An-Exact-Semidefinite-Lift-of-a-Nonspectrahedral-Hyperbolicity-Cone-October-5-2026,An Exact Semidefinite Lift of a Nonspectrahedral Hyperbolicity Cone,math.OC,5,0.80
An-FPRAS-for-Cell-Bounded-Contingency-Tables-September-24-2026,An FPRAS for Cell-Bounded Contingency Tables,math.CO,2,0.50
An-FPRAS-for-Common-Integer-Polymatroid-Bases-with-Binary-Capacities-October-5-2026,An FPRAS for Common Integer Polymatroid Bases with Binary Capacities,cs.DS,2,0.50
An-Infinite-Finitely-Presented-Simple-Amenable-Group-September-23-2026,An infinite finitely presented simple amenable group,math.GR,7,0.86
An-Integral-Counterexample-to-Gerstens-Conjecture-September-25-2026,An integral counterexample to Gersten's conjecture,math.KT,4,1.00
An-Integral-Degree-Three-Gersten-Counterexample-September-26-2026,An integral degree-three Gersten counterexample,math.KT,3,1.00
An-Irrational-Trace-Counterexample-to-Reduced-Baum-Connes-September-23-2026,An irrational-trace counterexample to reduced Baum–Connes,math.GR,3,0.67
An-Isolated-Particle-Pole-for-the-Two-Dimensional-O3-Spin-Field-October-4-2026,An Isolated Particle Pole for the Two-Dimensional O(3) Spin Field,math.PR,2,0.50
An-L2-Einstein-Gap-for-Nonnegatively-Curved-Four-Manifolds-October-5-2026,An $L^2$ Einstein Gap for Nonnegatively Curved Four-Manifolds,math.DG,3,1.00
An-L3-bound-for-the-dyadic-triangular-Hilbert-form-October-5-2026,An L³ bound for the dyadic triangular Hilbert form,math.CA,7,1.00
An-L3-bound-for-the-trilinear-Hilbert-transform-October-5-2026,An $L^3$ bound for the trilinear Hilbert transform,math.CA,10,0.40
An-algebra-of-infinite-little-finitistic-dimension-September-23-2026,An algebra of infinite little finitistic dimension,math.RA,7,0.57
An-asymptotic-formula-for-the-number-of-totients-September-25-2026,An asymptotic formula for the number of totients,math.NT,1,1.00
An-atomic-certificate-for-triangular-lattice-universal-optimality-September-26-2026,An atomic certificate for triangular-lattice universal optimality,math.MG,7,0.57
An-exact-Hausdorff-gauge-for-SLE-September-25-2026,An exact Hausdorff gauge for SLE: A moment-integral and finite-batch construction,math.PR,13,0.92
An-explicit-counterexample-to-the-Auslander-Reiten-conjecture-September-23-2026,An explicit counterexample to the Auslander-Reiten conjecture,math.RT,18,0.39
An-explicit-exact-Hausdorff-gauge-for-SLE-September-26-2026,An explicit exact Hausdorff gauge for SLE: A regular formula from quantitative tails and dense visits,math.PR,14,0.93
An-explicit-failure-of-complex-affine-space-cancellation-September-23-2026,An explicit failure of complex affine-space cancellation,math.AC,3,0.67
An-explicit-noncoordinate-polynomial-with-affine-three-space-zero-fibre-September-24-2026,An explicit noncoordinate polynomial with affine three-space zero fibre,math.AG,5,0.80
An-explicit-obstruction-to-nuclear-norm-ultrapower-embeddings-September-23-2026,An explicit obstruction to nuclear norm-ultrapower embeddings,math.OA,7,0.57
An-explicit-power-saving-for-the-exact-discrete-Fourier-transform-September-25-2026,An explicit power saving for the exact discrete Fourier transform,cs.CC,3,0.67
An-exponential-state-lower-bound-for-two-way-nondeterministic-complementation-September-25-2026,An exponential state lower bound for two-way nondeterministic complementation,,0,
An-exponential-two-way-deterministic-state-lower-bound-for-one-way-liveness-September-25-2026,An exponential two-way deterministic state lower bound for one-way liveness,cs.FL,2,1.00
An-infinite-finitely-presented-periodic-group-September-23-2026,An infinite finitely presented periodic group,math.GR,2,0.50
An-infinite-finitely-presented-residually-finite-2-group-October-5-2026,An infinite finitely presented residually finite 2-group,math.GR,1,1.00
An-integral-scalar-curvature-bound-for-real-simplicial-volume-October-5-2026,An integral scalar curvature bound for real simplicial volume,math.DG,6,0.50
An-isomorphism-of-the-free-group-factors-September-23-2026,An isomorphism of the free group factors,math.OA,8,0.75
An-unconditional-first-moment-for-cubic-Gauss-sums-September-25-2026,An unconditional first moment for cubic Gauss sums,math.NT,3,1.00
Annular-variation-of-the-triangular-Hilbert-transform-at-the-symmetric-point-October-5-2026,Annular variation of the triangular Hilbert transform at the symmetric point,math.CA,16,0.94
Anticanonical-nonvanishing-from-smooth-semipositivity-September-26-2026,Anticanonical nonvanishing from smooth semipositivity,math.AG,10,0.90
Approximate-counting-of-common-bases-of-two-matroids-September-23-2026,Approximate counting of common bases of two matroids,cs.DS,10,0.60
Approximation-Paving-over-Arbitrary-Maximal-Abelian-Subalgebras-September-25-2026,Approximation Paving over Arbitrary Maximal Abelian Subalgebras,math.OA,11,0.45
Area-controlled-end-replacement-and-the-Bondi-Penrose-inequality-in-the-CKS-class-September-27-2026,Area-controlled end replacement and the Bondi–Penrose inequality in the CKS class,math.DG,12,0.50
Arithmetic-Stein-degree-bounds-for-log-Calabi-Yau-pairs-September-25-2026,Arithmetic Stein-degree bounds for log Calabi–Yau pairs,math.AG,3,1.00
Arithmetic-classification-and-non-Pisot-singularity-for-Bernoulli-convolutions-October-3-2026,Arithmetic classification and non-Pisot singularity for Bernoulli convolutions,math.PR,2,0.50
Arithmeticity-of-twisted-finite-correspondences-for-lattices-over-local-fields-September-23-2026,Arithmeticity of twisted finite correspondences for lattices over local fields,math.OA,14,0.43
Asymptotic-midpoint-uniform-convexity-and-unbounded-diamond-distortion-in-a-reflexive-tree-space-September-27-2026,Asymptotic midpoint uniform convexity and unbounded diamond distortion in a reflexive tree space,math.FA,9,0.78
Asymptotically-minimal-maxima-of-real-Littlewood-polynomials-September-23-2026,Asymptotically minimal maxima of real Littlewood polynomials,math.CA,9,0.56
Average-Sensitivity-of-Polynomial-Threshold-Functions-September-25-2026,Average sensitivity of polynomial threshold functions,cs.CC,9,0.33
B-semiampleness-for-compact-log-smooth-Kahler-fibrations-September-10-2026,B-semiampleness for compact log-smooth Kähler fibrations,math.AG,7,0.86
BKT-universality-for-height-and-planar-spin-fields-September-24-2026,BKT universality for height and planar spin fields,math.PR,21,0.67
Backward-intertwiners-and-a-transitive-commutant-September-27-2026,Backward intertwiners and a transitive commutant,math.FA,1,1.00
Balanced-Counterexamples-to-Rysers-Conjecture-at-Prime-Orders-September-27-2026,Balanced counterexamples to Ryser's conjecture at prime orders,math.CO,11,1.00
Baumslag-Solitar-free-one-relator-groups-are-hyperbolic-September-25-2026,Baumslag–Solitar-free one-relator groups are hyperbolic,math.GR,12,1.00
Beyond-the-Square-Root-Exponent-for-Depth-Three-Boolean-Circuits-September-23-2026,Beyond the Square-Root Exponent for Depth-Three Boolean Circuits,cs.CC,1,1.00
Bi-Lipschitz-Absorption-of-c0-Without-a-Linear-Copy-of-c0-September-26-2026,Bi-Lipschitz Absorption of $c_0$ Without a Linear Copy of $c_0$,math.FA,3,1.00
Bi-Lipschitz-Coordinates-at-Regular-Points-of-Noncollapsed-RCD-Spaces-September-25-2026,Bi-Lipschitz Coordinates at Regular Points of Noncollapsed RCD Spaces,math.DG,21,0.48
Blochs-Conjecture-for-Surfaces-with-pg-equals-q-equals-0-September-24-2026,Bloch’s conjecture for surfaces with p_g=0,math.AG,15,1.00
Blochs-Law-for-Finite-Range-Heisenberg-Ferromagnets-in-Three-Dimensions-October-5-2026,Bloch's Law for Finite-Range Heisenberg Ferromagnets in Three Dimensions,cond-mat,1,1.00
Bochner-Riesz-Multipliers-in-Three-Dimensions-September-24-2026,Bochner–Riesz multipliers in three dimensions,math.CA,18,0.94
Bose-Einstein-condensation-at-positive-temperature-in-the-dilute-hard-sphere-gas-October-5-2026,Bose–Einstein condensation at positive temperature in the dilute hard-sphere gas,math-ph,26,0.69
Boundary-graph-deformations-for-the-spacetime-Penrose-inequality-September-27-2026,Boundary graph deformations for the spacetime Penrose inequality,gr-qc,17,0.53
Bounded-Step-Walks-on-Gaussian-Primes-September-26-2026,Bounded-Step Walks on Gaussian Primes,,0,
Bounded-anticanonical-metrics-on-klt-pairs-and-torus-quotients-September-26-2026,Bounded anticanonical metrics on klt pairs and torus quotients,math.AG,13,0.77
Bounded-degree-coboundary-expanders-in-every-dimension-September-24-2026,Bounded-degree coboundary expanders in every dimension,math.CO,4,0.75
Bounded-klt-complements-for-Fano-contractions-September-25-2026,Bounded klt complements for Fano contractions,math.AG,28,0.93
Bounded-recovery-for-modular-spectral-averages-September-23-2026,Bounded recovery for modular spectral averages,math.OA,9,1.00
Bounded-scalar-curvature-and-smooth-extension-of-four-dimensional-Ricci-flow-September-24-2026,Bounded scalar curvature and smooth extension of four-dimensional Ricci flow,math.DG,15,0.80
Boundedness-and-persistence-of-weakly-reversible-mass-action-systems-September-25-2026,Boundedness and persistence of weakly reversible mass-action systems,math.DS,5,1.00
Brennans-conjecture-and-sharp-inverse-square-integral-means-September-24-2026,Brennan's conjecture and sharp inverse-square integral means,math.CV,7,0.57
Brownian-continuum-random-tree-limits-of-finite-Fortuin-Kasteleyn-maps-above-four-September-24-2026,Brownian continuum random tree limits of finite Fortuin–Kasteleyn maps above four,math.PR,4,1.00
Buffered-comparison-and-stopping-band-resolution-in-critical-Ising-September-23-2026,Buffered comparison and stopping-band resolution in critical Ising,math.PR,5,0.80
Canonical-ampleness-of-compact-hyperbolic-Kahler-manifolds-September-23-2026,Canonical ampleness of compact hyperbolic Kähler manifolds,math.DG,11,0.45
Canonical-conformal-limits-of-subcritical-FK-planar-maps-September-24-2026,Canonical conformal limits of subcritical FK planar maps,math.PR,33,0.88
Cap-selected-amplitudes-and-triangle-chords-for-honeycomb-walks-September-26-2026,Cap-selected amplitudes and triangle chords for honeycomb walks,math-ph,6,0.50
Cardys-formula-for-critical-Poisson-Voronoi-percolation-September-23-2026,Cardy’s formula for critical Poisson–Voronoi percolation,math.PR,9,0.67
Catalans-constant-is-irrational-September-24-2026,Catalan's constant is irrational,math.NT,14,0.64
Choiceless-polynomial-time-with-counting-does-not-capture-polynomial-time-September-23-2026,Choiceless polynomial time with counting does not capture polynomial time,cs.LO,6,0.50
Classical-capacity-and-entropy-inequalities-for-generalized-amplitude-damping-September-24-2026,Classical capacity and entropy inequalities for generalized amplitude damping,quant-ph,6,0.83
Close-Separable-Cstar-Algebras-Without-Spatial-Conjugacy-October-5-2026,Close Separable C*-Algebras Without Spatial Conjugacy,,0,
Cohomological-transfer-and-equivariant-anticanonical-sections-September-26-2026,Cohomological transfer and equivariant anticanonical sections,math.AG,20,0.75
Combinatorial-Invariance-of-Kazhdan-Lusztig-Polynomials-September-24-2026,Combinatorial invariance of Kazhdan–Lusztig polynomials,math.RT,9,0.56
Commuting-Division-Coefficient-Forms-and-the-Artinian-Eisenbud-Green-Harris-Conjecture-September-23-2026,Commuting Division-Coefficient Forms and the Artinian Eisenbud-Green-Harris Conjecture,math.AC,9,0.89
Compatibility-entropy-and-the-spectrum-of-a-Thorp-sweep-September-26-2026,Compatibility entropy and the spectrum of a Thorp sweep,math.PR,15,0.27
Complex-Matrix-Multiplication-Below-2.258-and-Rectangular-Bounds-September-24-2026,Complex Matrix Multiplication Below 2.258 and Rectangular Bounds,cs.DS,11,0.64
Computation-under-Rapidly-Vanishing-Navier-Stokes-Forcing-September-27-2026,Computation under Rapidly Vanishing Navier–Stokes Forcing,math.AP,1,1.00
Computing-the-Random-3-SAT-Threshold-September-27-2026,Computing the Random 3-SAT Threshold,math.PR,16,0.69
Conditional-coordinate-sweeps-and-analytic-transfer-September-26-2026,Conditional coordinate sweeps and analytic transfer,math.PR,6,0.50
Conditional-good-minimal-models-for-compact-Kahler-fourfolds-October-5-2026,Conditional good minimal models for compact Kähler fourfolds,math.AG,34,0.97
Conditional-information-under-deterministic-coordinate-sweeps-September-26-2026,Conditional information under deterministic coordinate sweeps,math.PR,5,0.80
Conditional-permutations-in-a-revealed-switching-environment-September-26-2026,Conditional permutations in a revealed switching environment,math.PR,5,0.80
Conformal-Limits-of-Critical-Square-Lattice-Random-Cluster-Interfaces-October-5-2026,Conformal Limits of Critical Square-Lattice Random-Cluster Interfaces,math.PR,22,0.73
Conformal-flow-and-the-Riemannian-Penrose-inequality-with-minimizing-frontiers-September-27-2026,Conformal flow and the Riemannian Penrose inequality with minimizing frontiers,math.DG,11,0.82
Conformal-universality-of-bulk-Ising-correlations-under-weak-interactions-September-23-2026,Conformal universality of bulk Ising correlations under weak interactions,math-ph,11,0.55
Constant-factor-hardness-of-Min-UnCut-September-23-2026,Constant-factor hardness of Min-UnCut,,0,
Constant-factor-hardness-of-directed-feedback-vertex-set-September-23-2026,Constant-factor hardness of directed feedback vertex set,,0,
Constant-factor-hardness-of-uniform-sparsest-cut-September-24-2026,Constant-factor hardness of uniform sparsest cut,cs.DS,5,0.40
Constructible-tame-Hecke-eigensheaves-in-positive-characteristic-October-5-2026,Constructible tame Hecke eigensheaves in positive characteristic,math.AG,21,0.76
Contact-Fano-manifolds-and-the-LeBrun-Salamon-conjecture-September-23-2026,Contact Fano manifolds and the LeBrun–Salamon conjecture,math.AG,15,0.53
Continuous-Phase-Foliations-Create-Analytic-Caustic-Collars-September-24-2026,Continuous Phase Foliations Create Analytic Caustic Collars,,0,
Continuum-Coulomb-hardness-with-binary-nuclear-charges-September-24-2026,Continuum Coulomb hardness with binary nuclear charges,quant-ph,4,0.75
Correspondence-Coloring-Graphs-with-a-Forbidden-Clique-October-5-2026,Correspondence coloring graphs with a forbidden clique,math.CO,4,0.50
Counterexamples-to-the-Hahn-Wilson-conjecture-at-height-two-September-26-2026,Counterexamples to the Hahn-Wilson conjecture at height two,math.AT,11,1.00
Counterexamples-to-the-duality-conjecture-for-metric-entropy-September-24-2026,Counterexamples to the duality conjecture for metric entropy,math.FA,4,0.75
Counterexamples-to-weak-chromatic-splitting-sphere-kernels-and-descent-exponents-September-27-2026,Counterexamples to weak chromatic splitting: sphere kernels and descent exponents,math.AT,11,1.00
Critical-Center-Magnetization-in-the-Planar-XY-Model-October-5-2026,Critical Center Magnetization in the Planar XY Model,math-ph,7,0.57
Critical-bond-and-site-percolation-on-the-cubic-lattice-September-24-2026,Critical bond and site percolation on the cubic lattice,math.PR,1,1.00
Critical-honeycomb-chords-with-prescribed-boundary-endpoints-September-26-2026,Critical honeycomb chords with prescribed boundary endpoints,math.PR,4,0.75
Critical-local-smoothing-for-the-three-dimensional-wave-equation-September-24-2026,Critical local smoothing for the three-dimensional wave equation,math.AP,6,0.50
Critical-mixing-in-the-Sherrington-Kirkpatrick-model-September-25-2026,Critical mixing in the Sherrington–Kirkpatrick model,math.PR,19,0.58
Critical-slowing-down-in-the-Sherrington-Kirkpatrick-model-September-24-2026,Critical slowing down in the Sherrington–Kirkpatrick model,math.PR,13,0.77
Critical-strip-crossing-mass-on-the-honeycomb-lattice-September-26-2026,Critical strip-crossing mass on the honeycomb lattice,math-ph,13,0.62
Cuntz-comparison-and-Jiang-Su-absorption-September-23-2026,Cuntz comparison and Jiang–Su absorption,math.OA,17,1.00
Cutoff-throughout-the-high-temperature-Sherrington-Kirkpatrick-phase-September-24-2026,Cutoff throughout the high-temperature Sherrington–Kirkpatrick phase,math.PR,14,0.71
Cycle-clique-Ramsey-numbers-September-25-2026,Cycle–clique Ramsey numbers,math.CO,2,1.00
Cyclic-Length-and-Chromatic-Fixed-Point-Loss-September-24-2026,Cyclic length and chromatic fixed-point loss,math.AT,2,1.00
Cylinder-amplitudes-and-logarithmic-bridge-length-windows-on-the-honeycomb-lattice-September-26-2026,Cylinder amplitudes and logarithmic bridge-length windows on the honeycomb lattice,math.PR,6,0.67
Cylinder-loop-weights-and-planar-nesting-September-26-2026,Cylinder loop weights and planar nesting,math-ph,11,0.55
De-Giorgis-conjecture-in-dimension-eight-September-26-2026,A positive resolution of De Giorgi's conjecture in dimension eight,math.AP,6,0.83
Deforming-hypersymplectic-four-manifolds-to-hyperkahler-triples-September-23-2026,Deforming hypersymplectic four-manifolds to hyperkähler triples,math.DG,23,0.52
Determination-of-a-metric-and-a-unitary-connection-from-one-boundary-patch-October-5-2026,Determination of a metric and a unitary connection from one boundary patch,math.AP,5,0.60
Deterministic-Polynomial-Factorization-over-Prime-Fields-October-4-2026,Deterministic Polynomial Factorization over Prime Fields,math.NT,1,1.00
Deterministic-nonbipartite-Ramanujan-graphs-in-every-fixed-degree-September-23-2026,Deterministic nonbipartite Ramanujan graphs in every fixed degree,math.PR,5,0.40
Deterministic-quasipolynomial-time-mean-payoff-games-September-25-2026,Deterministic quasipolynomial-time mean-payoff games,cs.GT,8,0.50
Diagonal-Fourier-extension-for-positively-curved-surfaces-in-three-dimensions-September-24-2026,Diagonal Fourier extension for positively curved surfaces in three dimensions,math.CA,11,1.00
Diamond-distortion-from-midpoint-and-tree-energies-September-27-2026,Distortion of countably branching diamonds from midpoint and tree energies,math.FA,8,0.75
Directional-transience-implies-ballisticity-September-23-2026,Directional transience implies ballisticity,math.PR,4,1.00
Disk-transfer-representations-and-confined-bridge-mass-September-26-2026,Disk transfer representations and confined bridge mass,math-ph,7,0.43
Donovans-Conjecture-over-Algebraic-Closures-of-Prime-Fields-September-24-2026,Donovan's Conjecture over Algebraically Closed Fields,math.RT,7,0.57
Edit-Distance-in-l1-Matching-Bounds-up-to-Constants-in-the-Exponent-September-27-2026,Edit Distance in $\ell_1$: Matching Bounds up to Constants in the Exponent,,0,
Electromagnetic-tails-and-the-Kerr-Newman-Penrose-inequality-October-5-2026,Electromagnetic tails and the Kerr–Newman Penrose inequality,gr-qc,2,1.00
Elementary-Positivity-of-Chromatic-Quasisymmetric-Functions-September-24-2026,Elementary positivity of chromatic quasisymmetric functions,math.CO,33,0.58
Elliptic-Squares-and-Zilber-Pink-for-Curves-in-A2-September-24-2026,Elliptic squares and Zilber-Pink for curves in A2,math.NT,10,0.90
Elliptic-capacity-propagation-and-Fourier-restriction-to-the-sphere-September-24-2026,Elliptic capacity propagation and Fourier restriction to the sphere,math.CA,26,0.96
Endpoint-convergence-for-the-planar-Schrodinger-equation-September-24-2026,Endpoint convergence for the planar Schrödinger equation,math.CA,15,0.53
Endpoint-pointwise-convergence-for-the-Schrodinger-equation-in-higher-dimensions-September-24-2026,Endpoint pointwise convergence for the Schrödinger equation in higher dimensions,math.CA,18,0.72
Entanglement-with-zero-distillable-secret-key-in-local-dimension-ten-September-27-2026,Entanglement with zero distillable secret key in local dimension ten,quant-ph,35,0.91
Entropy-and-Face-Dimension-of-the-Perfect-Matching-Polytope-September-23-2026,Entropy and Face Dimension of the Perfect-Matching Polytope,cs.DS,9,0.56
Entropy-equality-and-local-symmetry-in-negative-curvature-September-23-2026,Entropy equality and local symmetry in negative curvature,math.DS,7,0.57
Equality-and-rigidity-in-the-spacetime-Penrose-inequality-September-27-2026,Equality and rigidity in the spacetime Penrose inequality,math.DG,11,0.55
Equality-cases-in-the-sharp-one-dimensional-matrix-Lieb-Thirring-inequality-October-5-2026,Equality cases in the sharp one-dimensional matrix Lieb–Thirring inequality,math.SP,1,1.00
Equidistribution-of-Prime-Degree-Torus-Packets-with-Arbitrary-Local-Type-September-24-2026,Equidistribution of Prime-Degree Torus Packets with Arbitrary Local Type,math.NT,2,1.00
Equidistribution-of-Primitive-Quartic-Torus-Packets-for-Arbitrary-Orders-October-5-2026,Equidistribution of primitive quartic torus packets for arbitrary orders,,0,
Equidistribution-of-Primitive-Sextic-Torus-Packets-October-5-2026,Equidistribution of Primitive Sextic Torus Packets,,0,
Equivariant-Jiang-Su-Stability-for-Amenable-Actions-in-the-Unital-Stably-Finite-Case-October-5-2026,Equivariant Jiang–Su Stability for Amenable Actions in the Unital Stably Finite Case,math.OA,4,1.00
Ergodicity-of-triangular-billiards-with-an-irrational-angle-September-25-2026,Ergodicity of triangular billiards with an irrational angle,math.AP,6,0.33
Essential-Singularity-of-the-Correlation-Length-in-the-Planar-XY-Model-October-5-2026,Essential Singularity of the Correlation Length in the Planar XY Model,math.PR,5,0.80
Etale-covers-with-a-prescribed-exterior-sheet-September-24-2026,Étale covers with a prescribed exterior sheet,math.AG,2,1.00
Eventual-Categoricity-for-Abstract-Elementary-Classes-September-24-2026,Eventual categoricity for abstract elementary classes,math.LO,4,1.00
Every-complex-K3-surface-is-Oka-September-23-2026,Every complex K3 surface is Oka,math.CV,6,0.50
Every-four-dimensional-Kakeya-set-has-full-Hausdorff-dimension-September-24-2026,Every Four-Dimensional Kakeya Set Has Full Hausdorff Dimension,math.CA,20,0.95
Exact-Birch-Swinnerton-Dyer-Formula-from-Low-Selmer-Corank-October-3-2026,Exact Birch–Swinnerton-Dyer Formula from Low Selmer Corank,math.NT,3,1.00
Exact-Derandomization-of-Logarithmic-Space-L-equals-RL-equals-BPL-September-23-2026,Exact Derandomization of Logarithmic Space: L = RL = BPL,cs.CC,4,0.75
Exact-Fourier-certificates-for-complex-Hadamard-matrices-of-order-six-September-24-2026,Exact Fourier certificates for complex Hadamard matrices of order six,math.CO,19,0.37
Exact-Uniform-Sampling-of-Contingency-Tables-with-Arbitrary-Margins-September-24-2026,Exact Uniform Sampling of Contingency Tables with Arbitrary Margins,math.CO,3,0.33
Exact-asymptotic-moduli-in-a-Daugavet-subspace-of-L1-September-27-2026,Exact asymptotic moduli in a Daugavet subspace of L1,math.FA,4,1.00
Exact-mass-asymptotics-for-the-two-dimensional-O4-lattice-model-October-5-2026,Exact mass asymptotics for the two-dimensional O(4) lattice model,,0,
Exact-orders-and-invariant-anticanonical-linear-systems-September-26-2026,Exact orders and invariant anticanonical linear systems,math.AG,34,0.82
Exact-quantum-factoring-over-a-fixed-finite-gate-set-September-25-2026,Exact quantum factoring over a fixed finite gate set,quant-ph,14,0.93
Existential-universal-real-sentences-in-the-counting-hierarchy-October-4-2026,Existential–universal real sentences in the counting hierarchy,cs.CC,5,0.80
Expected-amenable-subalgebras-preserving-core-commutants-September-23-2026,Expected amenable subalgebras preserving core commutants,math.OA,8,1.00
Exponential-PSD-rank-of-positively-shifted-matching-matrices-October-5-2026,Exponential PSD rank of positively shifted matching matrices,cs.CC,7,0.43
Exponential-decay-in-two-dimensional-classical-On-models-September-23-2026,Exponential decay in two-dimensional classical O(n) models,math.PR,3,0.67
Failure-of-Bounded-Approximation-in-a-Lipschitz-Free-Space-over-a-Uniformly-Discrete-Metric-Space-September-26-2026,A uniformly discrete counterexample to bounded approximation in Lipschitz-free spaces,math.FA,8,0.75
Failure-of-finite-assembly-for-a-chromatic-overlap-at-the-prime-three-September-25-2026,Failure of finite assembly for a chromatic overlap at the prime three,math.AT,10,0.50
Failure-of-rational-injectivity-for-maximal-coarse-assembly-October-5-2026,Failure of rational injectivity for maximal coarse assembly,math.OA,1,1.00
Fiber-functors-for-finite-symmetric-tensor-categories-in-positive-characteristic-September-24-2026,Fiber functors for finite symmetric tensor categories in positive characteristic,math.RT,12,0.58
Filtered-chromatic-splitting-at-generic-primes-September-25-2026,Filtered chromatic splitting at generic primes,math.AG,26,0.35
Filtered-products-and-boundary-preserving-compression-in-complex-cobordism-September-25-2026,Filtered products and boundary-preserving compression in complex cobordism,math.OA,2,0.50
Finite-Circle-Obstructions-Binary-Codes-and-Histogram-Embeddings-for-Edit-Distance-September-27-2026,"Finite-Circle Obstructions, Binary Codes, and Histogram Embeddings for Edit Distance",cs.DS,4,0.25
Finite-Congruence-Lattices-Characterization-and-Undecidability-September-24-2026,Finite congruence lattices: characterization and undecidability,math.GR,7,0.71
Finite-Instructions-and-Solenoidal-Shear-Flows-September-27-2026,Finite Instructions and Solenoidal Shear Flows,,0,
Finite-Monoid-Computations-and-a-Uniform-Generalized-Star-Height-Bound-September-25-2026,Finite Monoid Computations and a Uniform Generalized Star-Height Bound,math.DS,2,0.50
Finite-Smith-Toda-Complexes-at-Varying-Primes-September-23-2026,Finite Smith–Toda Complexes at Varying Primes,math.AT,6,1.00
Finite-algebraic-envelopes-and-the-Boone-Higman-conjecture-September-23-2026,Finite algebraic envelopes and the Boone–Higman conjecture,math.GR,6,0.83
Finite-angular-cylinder-covers-below-the-half-area-bound-September-27-2026,Finite angular cylinder covers below the half-area bound,math.MG,4,1.00
Finite-cylinder-approximation-of-ruled-sets-September-27-2026,Finite cylinder approximation of ruled sets,math.MG,2,1.00
Finite-generation-for-the-Kn-local-sphere-September-24-2026,Finite generation for the K(n)-local sphere,math.AT,14,0.36
Finite-ordinary-minimal-model-programs-on-compact-Kahler-fourfolds-October-5-2026,Finite ordinary minimal model programs on compact Kähler fourfolds,math.AG,19,1.00
Finite-ordinary-minimal-model-programs-on-compact-Kahler-fourfolds-September-24-2026,Finite ordinary minimal model programs on compact Kähler fourfolds,math.AG,7,1.00
Finite-tensor-savings-and-exact-Fourier-circuits-September-25-2026,Finite tensor savings and exact Fourier circuits,cs.DS,4,0.50
Finite-triangular-approximation-of-radial-sweeps-September-27-2026,Finite triangular approximation of radial sweeps,math.MG,3,1.00
Fixed-Points-of-Nonexpansive-Maps-in-Reflexive-Banach-Spaces-September-24-2026,Fixed Points of Nonexpansive Maps in Reflexive Banach Spaces,,0,
Fixed-energy-universality-for-weak-Anderson-disorder-on-random-regular-graphs-October-5-2026,Fixed-energy universality for weak Anderson disorder on random regular graphs,math.PR,2,0.50
Fontaine-Mazur-modularity-at-the-prime-2-September-23-2026,Fontaine–Mazur modularity at the prime 2,math.NT,14,0.79
Foulkes-Conjecture-for-the-Sixth-Symmetric-Power-September-25-2026,Foulkes' conjecture for the sixth symmetric power,math.CO,13,0.31
Fourfold-nonvanishing-by-minimal-metrics-and-moving-jets-September-27-2026,Fourfold nonvanishing by minimal metrics and moving jets,math.AG,9,0.89
Frobenius-Structures-on-Tame-Hecke-Eigensheaves-October-5-2026,Frobenius Structures on Tame Hecke Eigensheaves,math.AG,6,0.83
From-critical-crossings-to-quenched-near-critical-universality-in-Voronoi-percolation-October-5-2026,From critical crossings to quenched near-critical universality in Voronoi percolation,,0,
From-partial-permutation-information-to-Fourier-bounds-September-26-2026,From partial permutation information to Fourier bounds,,0,
Fujitas-freeness-conjecture-September-23-2026,Fujita's freeness conjecture,math.AG,8,0.88
Full-support-of-the-zero-temperature-Sherrington-Kirkpatrick-order-parameter-September-27-2026,Full support of the zero-temperature Sherrington–Kirkpatrick order parameter,math.PR,13,0.92
Functional-universality-of-critical-SK-autocorrelations-October-5-2026,Functional universality of critical SK autocorrelations,math.PR,17,0.65
GOE-bulk-universality-for-fixed-degree-random-regular-graphs-September-23-2026,GOE bulk universality for fixed-degree random regular graphs,math.PR,19,0.79
Gaussian-free-field-limits-of-weighted-integer-Lipschitz-heights-September-25-2026,Gaussian free-field limits of weighted integer Lipschitz heights,math.PR,9,0.67
Generalized-Cartan-Hadamard-isoperimetry-and-Euclidean-equality-rigidity-September-23-2026,Generalized Cartan–Hadamard isoperimetry and Euclidean equality rigidity,math.DG,8,0.88
Generalized-Star-Height-at-Most-Four-September-25-2026,Generalized Star Height at Most Four,,0,
Generalized-Star-Height-at-Most-Three-September-25-2026,Generalized Star Height at Most Three,math.DS,1,1.00
Generalized-ionization-energies-for-full-Coulomb-atoms-September-24-2026,Generalized ionization energies for full Coulomb atoms,math-ph,3,0.67
Generalized-outer-electron-radii-of-neutral-Coulomb-atoms-September-24-2026,Generalized outer-electron radii of neutral Coulomb atoms,math-ph,3,1.00
Generic-C1-Future-Inextendibility-Near-Rotating-Subextremal-Kerr-Spacetimes-September-23-2026,Generic C¹ Future Inextendibility Near Rotating Subextremal Kerr Spacetimes,gr-qc,17,0.71
Generic-Future-Inextendibility-with-Square-Integrable-Connection-Near-a-Fixed-Kerr-Spacetime-September-23-2026,Generic Future Inextendibility with Square-Integrable Connection Near a Fixed Kerr Spacetime,gr-qc,12,0.75
Geometric-Programs-for-Solenoidal-Forcing-September-27-2026,Geometric Programs for Solenoidal Forcing,,0,
Giglis-distributional-curvature-characterization-of-Alexandrov-spaces-September-24-2026,Gigli's distributional curvature characterization of Alexandrov spaces,math.DG,25,0.56
Global-Arthur-Enhancements-of-Cuspidal-Excursion-Parameters-October-5-2026,Global Arthur Enhancements of Cuspidal Excursion Parameters,math.AG,4,0.50
Global-Spherical-Shells-on-Minimal-Surfaces-of-Class-VII-September-24-2026,Global Spherical Shells on Minimal Surfaces of Class VII,math.CV,3,0.67
Global-Support-and-Convex-Injectivity-Domains-under-Weak-MTW-September-25-2026,Global Support and Convex Injectivity Domains under Weak MTW,math.AP,2,1.00
Global-Uniqueness-for-the-Smooth-Isotropic-Elasticity-Inverse-Problem-September-24-2026,Global Uniqueness for the Smooth Isotropic Elasticity Inverse Problem,math.AP,3,1.00
Global-classical-solutions-of-the-three-dimensional-relativistic-Vlasov-Maxwell-system-September-23-2026,Global classical solutions of the three-dimensional relativistic Vlasov–Maxwell system,math.AP,12,0.75
Global-quantum-geometric-Langlands-at-irrational-level-October-4-2026,Global quantum geometric Langlands at irrational level,math.AG,29,0.66
Goldfelds-analytic-density-conjecture-and-the-2-converse-for-elliptic-curves-September-23-2026,Goldfeld's analytic density conjecture and the 2-converse for elliptic curves,math.NT,18,0.94
Graph-Decompositions-at-the-Integral-Expectation-Threshold-October-5-2026,Graph Decompositions at the Integral Expectation Threshold,math.CO,1,1.00
Ground-state-condensation-in-the-dilute-hard-sphere-gas-September-24-2026,Ground-state condensation in the dilute hard-sphere gas,math-ph,26,0.65
Hamiltonian-Fixed-Points-Below-the-Stable-Morse-Number-October-5-2026,Hamiltonian Fixed Points Below the Stable Morse Number,math.SG,6,0.83
Hamiltonian-Fixed-Points-Below-the-Stable-Morse-Number-in-Dimension-Twenty-Two-October-5-2026,Hamiltonian Fixed Points Below the Stable Morse Number in Dimension Twenty-Two,math.SG,6,0.83
Hard-sphere-fluctuations-on-the-regular-Boltzmann-lifespan-September-23-2026,Hard-sphere fluctuations on the regular Boltzmann lifespan,math.AP,7,0.86
Hardness-of-finding-large-independent-sets-in-three-colorable-graphs-September-24-2026,Hardness of finding large independent sets in three-colorable graphs,cs.DS,6,0.67
Harmonic-heights-and-the-Artin-K-pi-1-conjecture-September-23-2026,"Harmonic heights and the Artin K(π,1) conjecture",math.GR,16,0.44
Hellinger-contraction-with-arbitrary-Boolean-output-bias-September-24-2026,Hellinger contraction with arbitrary Boolean output bias,cs.IT,7,0.43
Hilberts-tenth-problem-over-the-rational-numbers-September-24-2026,Hilbert's tenth problem over the rational numbers,math.NT,16,0.69
Homogeneous-depth-five-lower-bounds-for-iterated-matrix-multiplication-September-25-2026,Homogeneous depth-five lower bounds for iterated matrix multiplication,cs.CC,4,1.00
Hyperbolicity-Cones-Without-Semidefinite-Lifts-October-5-2026,Hyperbolicity Cones Without Semidefinite Lifts,math.AG,3,1.00
Incompressible-Box-Transport-and-Finite-Computation-September-27-2026,Incompressible Box Transport and Finite Computation,math.DS,6,0.50
Independent-products-in-real-L1-asymptotic-midpoint-convexity-without-AUC-renormings-September-27-2026,Independent products in real L1: asymptotic midpoint convexity without AUC renormings,math.FA,3,0.67
Infinitely-many-closed-geodesic-images-on-every-Riemannian-sphere-September-24-2026,Infinitely many closed geodesic images on every Riemannian sphere,math.DG,14,0.36
Integer-multiplication-below-n-log-n-September-23-2026,Integer multiplication below n log n,cs.CC,6,0.33
Integrability-of-split-tangent-bundles-on-rationally-connected-manifolds-September-23-2026,Integrability of split tangent bundles on rationally connected manifolds,math.AG,4,1.00
Integrable-metrics-and-effectivity-with-controlled-boundary-September-26-2026,Integrable metrics and effectivity with controlled boundary,math.AG,25,0.84
Integral-Donovan-Finiteness-over-Witt-Vectors-September-25-2026,Integral Donovan Finiteness over Witt Vectors,math.RT,4,1.00
Integral-and-fractional-expectation-thresholds-are-equivalent-September-23-2026,Integral and fractional expectation thresholds are equivalent,math.CO,9,0.78
Integral-points-on-character-varieties-of-curves-September-25-2026,Integral points on character varieties of curves,math.AG,6,0.50
Interior-regularity-of-planar-Mumford-Shah-minimizers-September-24-2026,Interior regularity of planar Mumford–Shah minimizers,math.AP,7,0.86
Invariant-anticanonical-indices-and-conversion-of-twisted-differentials-September-26-2026,Invariant anticanonical indices and conversion of twisted differentials,math.AG,11,0.73
Invariant-projection-counterexamples-for-every-irrational-rotation-September-27-2026,Invariant-projection counterexamples for every irrational rotation,math.OA,1,1.00
Irrational-cubic-fourfolds-with-geometric-K3-categories-September-24-2026,Irrational cubic fourfolds with geometric K3 categories,math.AG,33,0.97
Kadisons-similarity-theorem-through-uniform-derivation-estimates-September-23-2026,Kadison's similarity theorem through uniform derivation estimates,math.OA,7,0.71
Koebes-Circle-Domain-Conjecture-September-23-2026,Koebe's Circle-Domain Conjecture,math.CV,5,0.80
L1-Embeddings-of-Graphs-of-Bounded-Treewidth-September-23-2026,$L_1$ Embeddings of Graphs of Bounded Treewidth,cs.DS,2,1.00
Lechs-multiplicity-conjecture-September-23-2026,Lech's multiplicity conjecture,math.AC,11,0.91
Lifting-sections-from-the-reduced-support-of-an-adjoint-September-27-2026,Lifting sections from the reduced support of an adjoint,math.AG,9,0.89
Linear-Variance-of-the-Random-3-SAT-Hitting-Time-October-5-2026,Linear Variance of the Random 3-SAT Hitting Time,math.PR,3,1.00
Lipschitz-Equivalent-Separable-Banach-Spaces-Need-Not-Be-Linearly-Isomorphic-September-24-2026,Lipschitz Equivalent Separable Banach Spaces Need Not Be Linearly Isomorphic,math.FA,4,1.00
Localization-costs-and-information-growth-for-exact-Gaussian-observations-September-27-2026,Localization costs and information growth for exact Gaussian observations,cs.LG,2,1.00
Log-abundance-for-compact-Kahler-spaces-under-logarithmic-Iitaka-subadditivity-October-4-2026,Log abundance for compact Kähler spaces under logarithmic Iitaka subadditivity,math.AG,37,0.86
Log-abundance-in-characteristic-zero-September-24-2026,Log abundance in characteristic zero,math.AG,23,0.96
Log-abundance-in-numerical-dimension-one-for-threefolds-in-positive-characteristic-October-5-2026,Log abundance in numerical dimension one for threefolds in positive characteristic,math.AG,3,1.00
Logarithmic-Kodaira-dimension-and-whole-fiber-variation-September-26-2026,Logarithmic Kodaira dimension and whole-fiber variation,math.AG,19,1.00
Logarithmic-Relative-Fluctuations-in-the-Weakly-Disordered-Planar-Ising-Model-October-5-2026,Logarithmic Relative Fluctuations in the Weakly Disordered Planar Ising Model,math.PR,6,0.50
Marked-polygon-correlations-and-one-arc-bounds-September-26-2026,Marked polygon correlations and one-arc bounds,math.CO,5,0.20
Mass-and-covering-exponents-for-fixed-length-honeycomb-walks-September-26-2026,Mass and covering exponents for fixed-length honeycomb walks,math.PR,2,1.00
Matrix-Multiplication-Nine-Fourths-October-2-2026,An Upper Bound of 9/4 for the Matrix Multiplication Exponent,cs.DS,2,1.00
Maximal-Multipoint-Seshadri-Constants-in-Higher-Dimensions-October-5-2026,Maximal Multipoint Seshadri Constants in Higher Dimensions,math.AG,11,0.91
Maximal-Seshadri-Constants-on-Arbitrary-Polarized-Surfaces-September-23-2026,Maximal Seshadri constants on arbitrary polarized surfaces,math.AG,11,0.91
Maximal-multipoint-Seshadri-constants-in-positive-characteristic-October-5-2026,Maximal multipoint Seshadri constants in positive characteristic,math.AG,5,1.00
Mean-payoff-parity-games-in-quasipolynomial-time-October-5-2026,Mean-payoff parity games in quasipolynomial time,cs.GT,3,0.67
Memory-and-precision-in-noiseless-Gaussian-regression-September-27-2026,Memory and precision in noiseless Gaussian regression,cs.LG,4,0.50
Metric-Markov-Cotype-Two-of-l1-October-5-2026,Metric Markov Cotype Two of $\ell_1$,math.FA,1,1.00
Metric-descent-and-rank-preserving-contractions-September-26-2026,Metric descent and rank-preserving contractions,math.AG,30,0.77
Metric-measure-limits-of-subcritical-FK-and-spanning-tree-planar-maps-September-24-2026,Metric-measure limits of subcritical FK and spanning-tree planar maps,math.PR,34,0.94
Microscopic-jamming-in-the-negative-spherical-perceptron-September-24-2026,Microscopic jamming in the negative spherical perceptron,math.PR,7,0.29
Midpoint-convexity-from-bounded-tree-potentials-and-path-costs-September-27-2026,Midpoint convexity from bounded tree potentials and path costs,math.FA,4,0.75
Midpoint-convexity-from-two-recursive-potentials-September-27-2026,Midpoint convexity from two recursive potentials,math.FA,3,1.00
Midpoint-lenses-in-segment-spaces-September-27-2026,Midpoint lenses in segment spaces,math.FA,11,0.82
Milnes-rationality-conjecture-for-abelian-varieties-September-23-2026,Milne's rationality conjecture for abelian varieties,math.NT,7,0.71
Minimal-metrics-and-interior-injectivity-for-nef-adjoints-September-27-2026,Minimal metrics and interior injectivity for nef adjoints,math.AG,10,0.60
Minimal-models-and-Mori-fibre-spaces-for-generalized-log-canonical-Q-pairs-September-24-2026,Minimal models and Mori fibre spaces for generalized log canonical Q-pairs,math.AG,31,1.00
Minimal-models-in-numerical-dimension-one-September-24-2026,Minimal models in numerical dimension one,math.AG,5,1.00
Modularity-of-elliptic-curves-over-imaginary-quadratic-fields-October-4-2026,Modularity of elliptic curves over imaginary quadratic fields,math.NT,1,1.00
Monochromatic-finite-sums-and-products-in-the-positive-integers-September-23-2026,Monochromatic finite sums and products in the positive integers,math.CO,11,0.73
Nagatas-Conjecture-for-Plane-Curves-September-23-2026,Nagata's conjecture for plane curves,math.AG,10,0.80
Natural-Occupation-Measures-for-Critical-Square-Lattice-FK-Interfaces-October-5-2026,Natural Occupation Measures for Critical Square-Lattice FK Interfaces,math.PR,44,0.73
Near-Inclusions-of-von-Neumann-Algebras-Without-Small-Spatial-Embeddings-October-5-2026,Near Inclusions of von Neumann Algebras Without Small Spatial Embeddings,,0,
Near-square-root-logarithmic-integrality-gaps-for-uniform-sparsest-cut-September-24-2026,Near-square-root logarithmic integrality gaps for uniform sparsest cut,math.MG,3,0.67
Nearly-minimal-maxima-and-positive-minima-of-Littlewood-polynomials-October-5-2026,Nearly minimal maxima and positive minima of Littlewood polynomials,math.CA,7,0.71
No-bigeodesics-in-planar-first-passage-percolation-September-24-2026,No bigeodesics in planar first-passage percolation,math.PR,4,1.00
No-percolation-at-criticality-on-quasi-transitive-graphs-September-24-2026,No percolation at criticality on quasi-transitive graphs,math.PR,12,0.83
Nonhomeomorphic-closed-aspherical-four-manifolds-with-the-same-homotopy-type-October-4-2026,Nonhomeomorphic closed aspherical four-manifolds with the same homotopy type,math.GT,2,1.00
Nonsingular-systems-of-equations-over-arbitrary-groups-October-5-2026,Nonsingular systems of equations over arbitrary groups,math.GR,2,1.00
Nontrivial-Markov-Type-Forces-Superreflexivity-September-23-2026,Nontrivial Markov Type Forces Superreflexivity,,0,
Nonuniqueness-for-Bounded-Measurable-Scalar-Conductivities-in-Three-Dimensions-September-23-2026,Nonuniqueness for Bounded Measurable Scalar Conductivities in Three Dimensions,,0,
Nonuniqueness-for-the-periodic-hard-sphere-Boltzmann-equation-September-23-2026,Nonuniqueness for the periodic hard-sphere Boltzmann equation,math.AP,4,1.00
Nonuniqueness-of-percolation-on-nonamenable-quasi-transitive-graphs-September-24-2026,Nonuniqueness of percolation on nonamenable quasi-transitive graphs,math.PR,19,0.84
Nonuniqueness-with-local-conservation-for-the-hard-sphere-Boltzmann-equation-October-5-2026,Nonuniqueness with local conservation for the hard-sphere Boltzmann equation,math.AP,6,1.00
Nuclear-dimension-and-Jiang-Su-stability-without-elementary-subquotients-September-23-2026,Nuclear dimension and Jiang–Su stability without elementary subquotients,math.OA,21,1.00
Numerical-Semiampleness-of-Nef-Adjoint-Divisors-October-3-2026,Numerical Semiampleness of Nef Adjoint Divisors,math.AG,4,1.00
Numerical-semiampleness-of-nef-adjoint-classes-on-compact-Kahler-manifolds-October-4-2026,Numerical semiampleness of nef adjoint classes on compact Kähler manifolds,math.AG,24,0.79
One-Rational-Matrix-Hitting-Point-for-Noncommutative-Formulas-September-24-2026,One Rational Matrix Hitting Point for Noncommutative Formulas,cs.CC,5,0.40
One-Sample-Suffices-for-Matroid-Prophet-Inequalities-against-an-Almighty-Adversary-September-23-2026,One Sample Suffices for Matroid Prophet Inequalities against an Almighty Adversary,cs.DS,13,1.00
One-sided-negative-sectional-curvature-and-the-holomorphic-Liouville-property-September-25-2026,One-sided negative sectional curvature and the holomorphic Liouville property,math.CV,8,0.50
Open-Homomorphisms-of-Global-Solvably-Closed-Galois-Groups-October-5-2026,Open Homomorphisms of Global Solvably Closed Galois Groups,math.NT,1,1.00
Optimal-order-mixing-of-the-Thorp-shuffle-September-26-2026,Optimal-order mixing of the Thorp shuffle,math.PR,5,0.80
Orbifold-and-logarithmic-Iitaka-subadditivity-September-26-2026,Orbifold and logarithmic Iitaka subadditivity,math.AG,20,0.95
Ordinary-two-point-correlations-of-multiplicative-functions-September-24-2026,Ordinary two-point correlations of multiplicative functions,math.NT,8,1.00
P-equals-W-in-composite-rank-for-fixed-determinant-September-24-2026,P=W in composite rank for fixed determinant,math.AG,10,0.90
Paired-states-and-Hamiltonian-cycles-in-cubic-bipartite-planar-graphs-September-24-2026,Paired states and Hamiltonian cycles in cubic bipartite planar graphs,math.CO,7,0.86
Parabolic-intersections-in-Artin-groups-September-23-2026,Parabolic Intersections in Artin Groups,math.GR,24,0.71
Parity-lifts-and-bounded-treewidth-witnesses-for-Weisfeiler-Leman-equivalence-September-25-2026,Parity lifts and bounded-treewidth witnesses for Weisfeiler–Leman equivalence,math.CO,5,0.40
Path-selection-and-an-elliptic-inequality-on-degenerating-Ricci-flat-trees-September-24-2026,Path selection and an elliptic inequality on degenerating Ricci-flat trees,math.DG,9,0.67
Perfect-completeness-for-2-to-1-games-September-23-2026,Perfect completeness for 2-to-1 games,cs.CC,1,1.00
Pettys-projection-volume-conjecture-in-dimensions-at-least-four-September-24-2026,Petty’s projection-volume conjecture in dimensions at least four,math.MG,6,0.83
Planar-Graph-Metrics-Embed-into-L1-with-Constant-Distortion-September-23-2026,Planar Graph Metrics Embed into $L_1$ with Constant Distortion,cs.CG,1,1.00
Pointwise-Multiple-Ergodic-Averages-for-Mixing-Transformations-October-4-2026,Pointwise Multiple Ergodic Averages for Mixing Transformations,math.DS,1,1.00
Pointwise-convergence-of-fourfold-ergodic-averages-for-mixing-transformations-October-4-2026,Pointwise convergence of fourfold ergodic averages for mixing transformations,math.DS,4,1.00
Pointwise-convergence-of-triple-ergodic-averages-for-mixing-transformations-October-4-2026,Pointwise convergence of triple ergodic averages for mixing transformations,math.CA,16,0.56
Polynomial-Hitting-Lists-for-Noncommutative-Rational-Formulas-September-24-2026,Polynomial Hitting Lists for Noncommutative Rational Formulas,cs.CC,5,0.60
Polynomial-Mixing-of-the-Switch-Chain-for-Every-Graphical-Degree-Sequence-September-25-2026,Polynomial mixing of the switch chain for every graphical degree sequence,math.CO,8,0.50
Polynomial-PEPS-approximation-of-gapped-square-grid-ground-states-September-24-2026,Polynomial PEPS approximation of gapped square-grid ground states,quant-ph,25,0.72
Polynomial-Time-Unitary-Synthesis-from-a-Boolean-Oracle-October-5-2026,Polynomial-Time Unitary Synthesis from a Boolean Oracle,quant-ph,3,1.00
Polynomial-removal-fails-for-ordered-binary-matrices-September-25-2026,Polynomial removal fails for ordered binary matrices,cs.DS,3,0.67
Polynomial-vacuum-representations-and-bridge-mass-for-honeycomb-walks-September-26-2026,Polynomial vacuum representations and bridge mass for honeycomb walks,math-ph,13,0.46
Positive-Metric-Entropy-for-the-Standard-Map-at-Large-Parameters-September-23-2026,Positive Metric Entropy for the Standard Map at Large Parameters,math.DS,2,0.50
Positive-eigenvalues-of-the-relative-SU-2-BFSS-Hamiltonian-October-5-2026,Positive eigenvalues of the relative SU(2) BFSS Hamiltonian,math.CO,1,1.00
Positive-lower-density-of-large-prime-gaps-September-25-2026,Positive lower density of large prime gaps,math.NT,6,1.00
Positive-scalar-curvature-and-uniform-codimension-two-width-September-23-2026,Positive scalar curvature and uniform codimension-two width,math.DG,14,0.64
Positive-scalar-curvature-forces-rational-inessentiality-September-23-2026,Positive scalar curvature forces rational inessentiality,math.DG,9,0.78
Positively-curved-Einstein-four-manifolds-September-23-2026,Positively curved Einstein four-manifolds,math.DG,6,1.00
Positivity-of-Serres-Intersection-Multiplicity-September-23-2026,Positivity of Serre's Intersection Multiplicity,math.AC,13,0.62
Posterior-replicas-and-conditional-information-in-Gaussian-regression-September-27-2026,Posterior replicas and conditional information in Gaussian regression,cs.LG,3,0.67
Power-law-violations-of-Yaus-nodal-upper-bound-September-23-2026,Power-law violations of Yau's nodal upper bound,math.AP,2,1.00
Prefix-Instructions-and-Incompressible-Flows-September-27-2026,Prefix Instructions and Incompressible Flows,math.DS,6,0.50
Prescribed-large-volume-charges-on-threefolds-with-trivial-canonical-bundle-September-24-2026,Prescribed large-volume charges on threefolds with trivial canonical bundle,math.AG,20,0.95
Prime-Predecessors-with-an-Even-Number-of-Prime-Factors-September-17-2026,Prime Predecessors with an Even Number of Prime Factors,math.NT,2,1.00
Primitive-roots-for-every-admissible-integer-base-October-4-2026,Primitive roots for every admissible integer base,math.NT,2,1.00
Product-projection-localization-and-the-QAC0-parity-lower-bound-September-24-2026,Product-projection localization and the QAC⁰ parity lower bound,quant-ph,12,1.00
Projection-moments-positive-cap-domination-and-Riesz-estimates-on-the-sphere-September-27-2026,"Projection moments, positive cap domination, and Riesz estimates on the sphere",cs.LG,4,0.50
Projective-Hodge-lines-and-ordinary-Iitaka-subadditivity-September-27-2026,Projective Hodge lines and ordinary Iitaka subadditivity,math.AG,11,1.00
Projective-Space-Bases-of-Lagrangian-Fibrations-September-23-2026,Projective-space bases of Lagrangian fibrations,math.AG,34,1.00
Pure-Point-Spectrum-for-the-Two-Dimensional-Anderson-Model-at-Every-Positive-Disorder-September-23-2026,Pure-Point Spectrum for the Two-Dimensional Anderson Model at Every Positive Disorder,math-ph,2,0.50
Purely-Cosmetic-Surgery-on-Knots-in-the-Three-Sphere-September-23-2026,Purely cosmetic surgery on knots in the three-sphere,math.GT,29,0.59
QAOA-attains-the-SK-ground-state-energy-in-the-thermodynamic-first-limit-September-25-2026,QAOA attains the SK ground-state energy in the thermodynamic-first limit,math.PR,18,0.56
QMA-hardness-of-continuum-Coulomb-energy-with-unit-nuclear-charges-September-24-2026,QMA-hardness of continuum Coulomb energy with unit nuclear charges,quant-ph,3,1.00
Quadratic-Stabilization-of-the-Canonical-Foulkes-Howe-Map-September-25-2026,Quadratic stabilization of the canonical Foulkes–Howe map,math.RT,4,0.50
Quadratic-Strong-Operator-Paving-over-Arbitrary-Maximal-Abelian-Subalgebras-September-25-2026,Quadratic Strong-Operator Paving over Arbitrary Maximal Abelian Subalgebras,math.FA,2,0.50
Quantitative-Near-Kerr-Evolution-and-Generic-C2-Future-Inextendibility-September-23-2026,Quantitative Near-Kerr Evolution and Generic C² Future Inextendibility,gr-qc,37,0.70
Quantitative-Superexponential-Bounds-for-van-der-Waerden-Numbers-September-23-2026,Quantitative Superexponential Bounds for van der Waerden Numbers,math.CO,5,0.80
Quantum-Depletion-and-Momentum-Distribution-in-the-Dilute-Hard-Sphere-Bose-Gas-October-5-2026,Quantum Depletion and Momentum Distribution in the Dilute Hard-Sphere Bose Gas,math-ph,8,0.88
Quantum-Depletion-for-Fixed-Bounded-Repulsive-Potentials-October-5-2026,Quantum Depletion for Fixed Bounded Repulsive Potentials,math-ph,13,0.77
Quasipolynomial-Bounds-for-Arithmetic-Progressions-September-23-2026,Quasipolynomial Bounds for Arithmetic Progressions,math.CO,12,0.50
Quaternionic-Division-Points-on-Curves-in-the-Siegel-Threefold-September-24-2026,Quaternionic division points on curves in the Siegel threefold,math.NT,9,0.78
Quenched-SLE-Universality-for-Weakly-Disordered-FK-Ising-Interfaces-October-5-2026,Quenched SLE Universality for Weakly Disordered FK–Ising Interfaces,math-ph,3,0.67
Quenched-SLE3-Universality-for-the-Weak-Random-Bond-Ising-Model-October-5-2026,Quenched SLE₃ Universality for the Weak Random-Bond Ising Model,math.PR,8,0.38
Quenched-SLE3-limits-for-general-weak-random-bond-Ising-models-October-5-2026,Quenched SLE₃ limits for general weak random-bond Ising models,math.PR,8,0.38
Radial-transfer-estimates-and-polygon-length-laws-for-honeycomb-walks-September-26-2026,Radial transfer estimates and polygon length laws for honeycomb walks,math-ph,6,0.33
Radius-of-comparison-equals-half-the-mean-dimension-September-25-2026,Radius of comparison equals half the mean dimension,math.OA,7,0.86
Ramanujan-Arthur-Decompositions-of-Cuspidal-Functions-at-Full-Finite-Level-September-24-2026,Ramanujan-Arthur Decompositions of Cuspidal Functions at Full Finite Level,math.AG,28,0.50
Random-Walks-on-Critical-FK-Ising-Maps-and-Liouville-Brownian-Motion-October-5-2026,Random Walks on Critical FK–Ising Maps and Liouville Brownian Motion,math.PR,1,1.00
Random-coordinate-frames-and-partial-permutation-laws-September-26-2026,Random coordinate frames and partial permutation laws,math.PR,5,0.80
Random-subspace-tests-and-trace-smoothing-for-coordinate-sweeps-September-26-2026,Random-subspace tests and trace smoothing for coordinate sweeps,math.PR,7,0.43
Randomized-quasipolynomial-time-mean-payoff-games-September-25-2026,Randomized quasipolynomial-time mean-payoff games,cs.GT,6,0.67
Rational-homology-and-Quillens-conjecture-September-24-2026,Rational homology and Quillen's conjecture,math.GR,10,0.40
Rationality-of-the-Canonical-Unramified-Arthur-Filtration-September-24-2026,Rationality of the Canonical Unramified Arthur Filtration,math.AG,18,0.67
Reconstruction-from-Milnor-K-theory-modulo-the-characteristic-October-5-2026,Reconstruction from Milnor K-theory modulo the characteristic,math.AG,2,0.50
Reconstruction-of-Function-Fields-from-Mod-ell-Milnor-K-Theory-October-5-2026,Reconstruction of Function Fields from Mod-ℓ Milnor K-Theory,math.AG,6,0.67
Regular-trajectories-pruning-and-quantum-parity-September-24-2026,"Regular trajectories, pruning and quantum parity",quant-ph,12,0.92
Relative-denominators-and-effective-systems-for-log-Calabi-Yau-fibrations-September-27-2026,Relative denominators and effective systems for log Calabi-Yau fibrations,math.AG,6,1.00
Relative-generation-and-the-generator-problem-for-finite-factors-September-23-2026,Relative generation and the generator problem for finite factors,math.OA,9,1.00
Relative-independence-of-the-separable-quotient-problem-September-23-2026,Relative independence of the separable quotient problem,math.FA,7,0.86
Removable-Boundaries-and-Rigidity-of-Circle-Domains-September-23-2026,Removable Boundaries and Rigidity of Circle Domains,math.CA,1,1.00
Renewal-and-changes-of-law-for-critical-honeycomb-walks-September-26-2026,Renewal and changes of law for critical honeycomb walks,math.PR,4,1.00
Replacing-Gaussian-observations-in-memory-constrained-inference-September-27-2026,Replacing Gaussian observations in memory-constrained inference,cs.LG,3,0.67
Riesz-transforms-and-uniform-rectifiability-in-higher-codimension-September-24-2026,Riesz transforms and uniform rectifiability in higher codimension,math.CA,11,0.55
Rigidity-of-Smooth-Billiards-with-a-Continuous-Caustic-Collar-September-24-2026,Rigidity of Smooth Billiards with a Continuous Caustic Collar,,0,
Rigidity-of-the-Turing-degrees-September-24-2026,Rigidity of the Turing degrees,math.LO,2,1.00
Rokhlins-multiple-mixing-problem-for-one-transformation-September-23-2026,Rokhlin's multiple-mixing problem for one transformation,math.DS,5,0.60
Routing-densities-and-representation-contraction-for-Thorp-sweeps-September-26-2026,Routing densities and representation contraction for Thorp sweeps,math.PR,18,0.28
Row-column-symmetry-and-contraction-of-coordinate-sweeps-September-26-2026,Row–column symmetry and contraction of coordinate sweeps,math.PR,8,0.50
SLE3-universality-for-weak-finite-range-Ising-interactions-September-23-2026,$\mathrm{SLE}_3$ universality for weak finite-range Ising interactions,math-ph,18,0.56
Scalar-Potentials-and-Slow-Clocks-for-Forced-Fluid-Computation-September-27-2026,Scalar Potentials and Slow Clocks for Forced Fluid Computation,math.AP,4,0.50
Scale-and-conformal-symmetry-in-four-dimensional-operational-quantum-field-theory-September-26-2026,Scale and conformal symmetry in four-dimensional operational quantum field theory,hep-th,23,0.70
Schnell-fiber-spaces-and-good-canonical-models-September-24-2026,Schnell fiber spaces and good canonical models,math.AG,3,1.00
Self-dual-random-cluster-interfaces-below-one-September-23-2026,Self-dual random-cluster interfaces below one,math.PR,19,0.58
Semialgebraic-universal-covers-of-normal-projective-varieties-September-24-2026,Semialgebraic universal covers of normal projective varieties,math.AG,11,0.64
Sharp-Logarithmic-Exponents-for-Fixed-Off-Diagonal-Ramsey-Numbers-September-24-2026,Sharp Logarithmic Exponents for Fixed Off-Diagonal Ramsey Numbers,math.CO,9,0.89
Sharp-One-Dimensional-Lieb-Thirring-Constants-September-23-2026,Sharp one-dimensional Lieb–Thirring constants,math-ph,4,0.75
Sharp-One-Third-Stability-of-Brenier-Maps-September-25-2026,Sharp One-Third Stability of Brenier Maps,math.PR,8,0.25
Sharp-binary-information-contraction-on-the-discrete-cube-September-24-2026,Sharp binary-information contraction on the discrete cube,cs.IT,9,0.67
Sharp-integral-fillings-in-CAT(0)-spaces-September-23-2026,Sharp integral fillings in CAT(0) spaces,math.DG,11,0.64
Sharp-mass-bounds-for-the-two-dimensional-O4-model-September-23-2026,Sharp mass bounds for the two-dimensional O(4) model,math-ph,8,0.38
Sharp-nodal-length-on-smooth-surfaces-September-23-2026,Sharp nodal length on smooth surfaces,math.AP,2,0.50
Sharp-one-dimensional-Lieb-Thirring-inequalities-for-matrix-potentials-October-5-2026,Sharp one-dimensional Lieb–Thirring inequalities for matrix potentials,math.SP,1,1.00
Sharpness-of-the-Cyclic-Integral-Floer-Bound-Below-the-Stable-Morse-Number-October-5-2026,Sharpness of the Cyclic Integral Floer Bound Below the Stable Morse Number,math.SG,6,0.83
Short-Egyptian-fractions-September-25-2026,Short Egyptian fractions,math.NT,5,1.00
Signed-cylinder-propagation-and-marked-polygons-on-the-honeycomb-lattice-September-26-2026,Signed cylinder propagation and marked polygons on the honeycomb lattice,math-ph,7,0.29
Signed-tensor-densities-and-diagram-budgets-for-coordinate-sweeps-September-26-2026,Signed tensor densities and diagram budgets for the Thorp shuffle,math.CO,19,0.26
Simple-F-infinity-overgroups-of-groups-with-decidable-word-problem-September-23-2026,Simple F∞ overgroups of groups with decidable word problem,math.GR,5,1.00
Simulating-One-Tape-Time-in-Two-Fifths-Power-Space-September-25-2026,Simulating One-Tape Time in Two-Fifths-Power Space,cs.CC,1,1.00
Simultaneous-primitive-roots-a-conditional-lower-bound-for-prime-bases-October-4-2026,Simultaneous primitive roots: a conditional lower bound for prime bases,,0,
Single-Exponential-Recovery-and-Bounded-Price-Strictness-for-Metric-k-Median-September-24-2026,Single-exponential recovery and bounded-price strictness for metric k-median,cs.DS,10,1.00
Single-fold-Diophantine-representations-September-24-2026,Single-fold Diophantine representations,,0,
Slope-field-perturbations-of-the-two-cylinder-covering-September-27-2026,Slope-field perturbations of the two-cylinder covering,math.MG,3,1.00
Smooth-Anisotropic-Uniqueness-in-the-Calderon-Problem-from-One-Boundary-Patch-September-24-2026,Smooth anisotropic uniqueness in the Calderón problem from one boundary patch,math.AP,14,0.93
Smooth-Nonquadratic-Affine-Maximal-Graph-in-Dimension-Ten-October-5-2026,A Smooth Nonquadratic Entire Affine Maximal Graph in Dimension Ten,math.DG,2,1.00
Smooth-counterexamples-to-Yaus-nodal-upper-bound-in-dimensions-three-and-four-September-23-2026,Smooth counterexamples to Yau's nodal upper bound in dimensions three and four,math.DG,4,0.50
Smooth-isometric-immersions-of-closed-surfaces-into-Euclidean-four-space-September-23-2026,Smooth isometric immersions of closed surfaces into Euclidean four-space,math.DG,1,1.00
Snaky-in-21-Maker-moves-September-25-2026,Snaky in 21 Maker moves,cs.AI,1,1.00
Spacetime-Penrose-inequalities-enclosing-area-charge-and-rigidity-October-5-2026,"Spacetime Penrose inequalities: enclosing area, charge, and rigidity",math.DG,33,0.52
Spectral-convergence-for-critical-FK-Ising-planar-maps-October-5-2026,Spectral convergence for critical FK–Ising planar maps,math.PR,34,0.91
Spectral-scalar-curvature-and-Urysohn-width-in-dimension-three-October-5-2026,Spectral scalar curvature and Urysohn width in dimension three,math.DG,2,1.00
Spectral-scalar-curvature-and-uniform-Urysohn-width-October-5-2026,Spectral scalar curvature and uniform Urysohn width,math.DG,1,1.00
Spontaneous-magnetization-in-the-quantum-Heisenberg-ferromagnet-September-24-2026,Spontaneous magnetization in the quantum Heisenberg ferromagnet,math.PR,11,0.55
Square-lattice-FK-interfaces-and-nested-loops-for-1-leq-q-lt-4-September-23-2026,Square-lattice FK interfaces and nested loops for 1 ≤ q < 4,math.PR,32,0.69
Squared-logarithmic-randomized-k-server-on-arbitrary-metrics-September-24-2026,Squared-logarithmic randomized k-server on arbitrary metrics,cs.DS,5,1.00
Squarefree-values-of-quartics-and-power-free-values-of-polynomials-September-24-2026,Squarefree values of quartics and power-free values of polynomials,math.NT,12,0.75
Stabilizer-Orbits-and-Thick-Tensor-Ideals-of-Dualizable-Kn-Local-Spectra-September-24-2026,Stabilizer orbits and thick tensor ideals of dualizable K(n)-local spectra,math.CT,6,0.33
Stable-Self-Similar-Blowup-for-a-Supercritical-Defocusing-Schrodinger-Equation-on-the-Torus-September-24-2026,Stable self-similar blowup for a supercritical defocusing Schrödinger equation on the torus,math.AP,13,1.00
Staggered-extraction-for-exact-matrix-multiplication-over-every-field-September-24-2026,Staggered extraction for exact matrix multiplication over every field,cs.DS,5,1.00
Stretched-exponential-barriers-for-typical-SK-initial-states-September-24-2026,Stretched-exponential barriers for typical SK initial states,math.PR,7,1.00
Strict-convexity-and-differentiability-of-the-planar-exponential-first-passage-limit-shape-September-24-2026,Strict convexity and differentiability of the planar exponential first-passage limit shape,math.PR,17,0.94
Strict-hot-spots-and-absence-of-interior-critical-points-on-smooth-simply-connected-planar-domains-September-24-2026,Strict hot spots and absence of interior critical points on smooth simply connected planar domains,math.SP,7,0.57
Strong-Ulam-Stability-Characterizes-Amenability-October-5-2026,Strong Ulam Stability Characterizes Amenability,math.GR,2,0.50
Strong-diffeomorphic-approximation-in-three-dimensions-for-1-le-p-le-2-September-24-2026,Strong diffeomorphic approximation in three dimensions for 1≤p≤2,math.AP,8,0.62
Strong-diffeomorphic-approximation-in-three-dimensions-for-p-gt-2-September-24-2026,Strong diffeomorphic approximation in three dimensions for p>2,math.AP,9,0.56
Strongly-rational-unitary-vertex-operator-algebras-and-conformal-nets-September-25-2026,Strongly rational unitary vertex operator algebras and conformal nets,math.QA,29,0.55
Subpolynomial-dimension-reduction-in-Lp-September-23-2026,Subpolynomial dimension reduction in $L_p$,math.MG,5,0.60
Subpolynomial-query-complexity-for-well-conditioned-log-concave-sampling-September-26-2026,Subpolynomial query complexity for well-conditioned log-concave sampling,math.PR,18,0.28
Subset-Sum-in-Time-2-power-0-49n-October-4-2026,Subset Sum in Time $O(2^{0.49n})$,,0,
Subsphere-methods-for-memory-sample-lower-bounds-in-noiseless-Gaussian-regression-September-27-2026,Subsphere methods for memory–sample lower bounds in noiseless Gaussian regression,cs.LG,4,0.50
Symmetry-of-semialgebraic-bounded-domains-with-compact-quotient-September-24-2026,Symmetry of semialgebraic bounded domains with compact quotient,math.AG,2,0.50
Symplectic-Ball-Packings-in-Higher-Dimensions-September-23-2026,Symplectic Ball Packings in Higher Dimensions,math.SG,4,0.75
Symplectic-Balls-in-Symmetric-Polar-Products-September-22-2026,Symplectic Balls in Symmetric Polar Products,math.MG,10,0.40
Talagrands-discrete-convexity-conjecture-September-23-2026,Talagrand's discrete-convexity conjecture,math.CO,6,0.67
Tame-Hecke-Eigensheaves-with-Several-Marked-Points-October-5-2026,Tame Hecke Eigensheaves with Several Marked Points,math.AG,8,0.75
Taming-implies-compatibility-on-four-manifolds-September-23-2026,Taming implies compatibility on four-manifolds,math.DG,11,0.55
Tangent-flow-uniqueness-2026-09-24,Uniqueness of tangent flows at the first singular time of embedded surface mean-curvature flow,math.DG,15,0.80
Temperedness-at-ramified-places-for-globally-generic-exceptional-groups-October-5-2026,Temperedness at ramified places for globally generic exceptional groups,math.AG,3,0.33
Tensor-Saturation-for-Even-Spin-Groups-September-24-2026,Tensor saturation for even spin groups,math.RT,12,0.67
Termination-for-projective-log-canonical-fourfolds-with-rational-boundary-September-24-2026,Termination for projective log canonical fourfolds with rational boundary,math.AG,13,1.00
Termination-of-generalized-canonical-flips-on-compact-Kahler-fourfolds-October-5-2026,Termination of generalized-canonical flips on compact Kähler fourfolds,math.AG,5,0.80
Termination-of-generalized-log-canonical-flips-on-compact-Kahler-fourfolds-October-5-2026,Termination of generalized log canonical flips on compact Kähler fourfolds,math.AG,3,1.00
The-Abelian-Zilber-Pink-Conjecture-September-24-2026,The abelian Zilber-Pink conjecture,math.NT,8,0.88
The-Approximation-Threshold-for-Metric-k-Median-September-24-2026,The approximation threshold for metric k-median,cs.DS,8,0.75
The-Artinian-Lex-Plus-Powers-Betti-Theorem-September-23-2026,The Artinian Lex-Plus-Powers Betti Theorem,math.AC,6,1.00
The-Bass-trace-conjecture-for-complex-group-rings-September-24-2026,The Bass trace conjecture and the characteristic-zero Kaplansky idempotent conjecture,math.KT,5,0.40
The-Blockwise-Alperin-Weight-Conjecture-September-23-2026,The Blockwise Alperin Weight Conjecture,math.GR,1,1.00
The-Bogomolov-Pop-reconstruction-theorem-September-23-2026,The Bogomolov-Pop reconstruction theorem,math.AG,9,0.78
The-Boltzmann-Grad-limit-for-stable-radial-potentials-on-regular-kinetic-intervals-September-23-2026,The Boltzmann–Grad limit for stable radial potentials on regular kinetic intervals,math.AP,6,0.67
The-Campana-Peternell-conjecture-in-dimension-six-September-25-2026,The Campana–Peternell conjecture in dimension six,math.AG,10,1.00
The-Critical-Spin-Field-of-the-Planar-XY-Model-October-5-2026,The Critical Spin Field of the Planar XY Model,math.PR,6,0.67
The-Deligne-Drinfeld-conjecture-September-23-2026,The Deligne-Drinfeld conjecture,math.QA,10,0.60
The-Dimension-of-the-Two-Adic-Hecke-Algebra-at-Odd-Level-October-5-2026,The Dimension of the Two-Adic Hecke Algebra at Odd Level,math.NT,2,1.00
The-E-times-CM-Component-of-Zilber-Pink-for-Curves-in-A2-September-24-2026,The E×CM component of Zilber-Pink for curves in A2,math.NT,3,1.00
The-Euclidean-Steinitz-Bergstrom-theorem-September-24-2026,The Euclidean Steinitz–Bergström theorem,math.CO,9,0.33
The-Euclidean-plane-is-not-five-colorable-September-23-2026,The Euclidean plane is not five-colorable,math.CO,12,0.92
The-Factor-Two-Hardness-Threshold-for-Vertex-Cover-September-23-2026,The Factor-Two Hardness Threshold for Vertex Cover,cs.CC,1,1.00
The-Falconer-distance-conjecture-in-all-dimensions-September-23-2026,The Falconer distance conjecture in all dimensions,math.CA,12,1.00
The-Gaussian-Propeller-Bound-in-Every-Dimension-September-24-2026,The Gaussian propeller bound in every dimension,math.PR,1,1.00
The-Gaussian-free-field-limit-of-integer-Lipschitz-heights-with-two-arc-boundary-data-September-25-2026,The Gaussian free field limit of integer Lipschitz heights with two-arc boundary data,math.PR,8,0.62
The-Gaussian-free-field-limit-of-the-balanced-six-vertex-model-with-variance-multiplier-1-over-arcsin-c-over-2-September-23-2026,The Gaussian free field limit of the balanced six-vertex model with variance multiplier 1/arcsin(c/2),math.PR,16,0.38
The-Generalized-Mukai-Conjecture-September-24-2026,The generalized Mukai conjecture,math.AG,8,0.88
The-Grothendieck-homotopy-hypothesis-via-elementary-expansions-September-24-2026,The Grothendieck homotopy hypothesis via elementary expansions,math.CT,9,0.78
The-Hilbert-Smith-conjecture-in-every-finite-dimension-September-23-2026,The Hilbert–Smith conjecture in every finite dimension,math.AT,3,0.33
The-Isoperimetric-Conjecture-for-the-Cubic-Flat-Three-Torus-September-24-2026,The Isoperimetric Conjecture for the Cubic Flat Three-Torus,math.AP,1,1.00
The-Kakeya-maximal-conjecture-in-three-dimensions-September-23-2026,The Kakeya maximal conjecture in three dimensions,math.CA,8,1.00
The-Kerr-Newman-Penrose-Inequality-for-Axisymmetric-Electrovacuum-Exteriors-October-5-2026,The Kerr–Newman Penrose Inequality for Axisymmetric Electrovacuum Exteriors,gr-qc,6,0.83
The-Kervaire-Invariant-Problem-at-the-Prime-Three-September-24-2026,The Kervaire invariant problem at the prime three,math.AT,10,0.70
The-Kervaire-Theorem-for-Groups-September-24-2026,The Kervaire theorem for groups,math.GR,6,1.00
The-Kirchberg-Rordam-character-criterion-September-25-2026,The Kirchberg–Rørdam character criterion,math.OA,3,1.00
The-Mahler-Conjecture-for-General-Convex-Bodies-September-22-2026,The Mahler Conjecture for General Convex Bodies,math.MG,11,0.73
The-Margulis-Platonov-conjecture-over-global-function-fields-October-5-2026,The Margulis–Platonov conjecture over global function fields,math.AG,1,1.00
The-Margulis-Platonov-conjecture-over-number-fields-September-23-2026,The Margulis–Platonov conjecture over number fields,math.NT,2,1.00
The-Mezard-Parisi-formula-for-diluted-spin-glasses-September-23-2026,The Mézard–Parisi formula for diluted spin glasses,math.PR,14,0.43
The-PCP-for-PPAD-conjecture-a-quasilinear-reduction-September-25-2026,The PCP-for-PPAD conjecture: a quasilinear reduction,cs.GT,18,0.44
The-Partition-Principle-does-not-imply-Choice-September-24-2026,The Partition Principle does not imply Choice,math.LO,6,1.00
The-Penrose-inequality-for-maximal-asymptotically-hyperbolic-initial-data-October-5-2026,The Penrose inequality for maximal asymptotically hyperbolic initial data,math.DG,6,0.50
The-Poisson-Dirichlet-Law-for-Prime-Predecessors-September-24-2026,The Poisson-Dirichlet law for prime predecessors,math.NT,9,0.89
The-Quasi-Riemann-Hypothesis-October-5-2026,The Quasi-Riemann Hypothesis,math.NT,3,0.67
The-Quasi-Riemann-Hypothesis-September-30-2026,The Quasi-Riemann Hypothesis: A Zero-Free Half-Plane Re(s)>7/8,math.NT,12,0.92
The-Reconstruction-Threshold-for-the-Ferromagnetic-Four-State-Potts-Model-October-5-2026,The Reconstruction Threshold for the Ferromagnetic Four-State Potts Model,math.PR,2,1.00
The-Restricted-Geometric-Langlands-Equivalence-in-Positive-Characteristic-September-24-2026,The Restricted Geometric Langlands Equivalence in Positive Characteristic,math.AG,16,0.94
The-Selmer-converse-for-elliptic-curves-at-every-prime-September-24-2026,The Selmer converse for elliptic curves at every prime,math.NT,23,0.91
The-Sharp-Logarithmic-Exponent-of-r-5-t-September-24-2026,"The sharp logarithmic exponent of r(5,t)",math.CO,7,0.86
The-Sharp-Terminal-Leave-in-Random-Triangle-Removal-September-25-2026,The sharp terminal leave in random triangle removal,math.CO,4,0.75
The-Singer-conjecture-in-dimension-four-September-25-2026,The Singer conjecture in dimension four,math.AT,4,0.50
The-Solomon-Yau-least-volume-theorem-September-23-2026,The Solomon–Yau least-volume theorem,math.DG,14,0.79
The-Stable-Hurewicz-Image-of-the-Sphere-at-Two-September-25-2026,The Stable Hurewicz Image of the Sphere at Two,math.AT,9,1.00
The-Strong-Hyperkahler-SYZ-Conjecture-September-23-2026,The strong hyperkähler SYZ conjecture,math.AG,32,0.72
The-Subcritical-Henon-Lane-Emden-Conjecture-September-24-2026,The Subcritical Hénon–Lane–Emden Conjecture,math.AP,3,1.00
The-Unique-Games-Theorem-September-23-2026,The Unique Games Theorem,cs.CC,7,0.71
The-abelianity-conjecture-for-special-compact-Kahler-manifolds-September-23-2026,The abelianity conjecture for special compact Kähler manifolds,math.AG,12,0.83
The-affine-Bernstein-theorem-in-dimensions-three-through-nine-September-24-2026,The affine Bernstein theorem in dimensions three through nine,math.DG,3,0.67
The-arithmetic-category-and-stable-recovery-of-lattice-factors-September-23-2026,The arithmetic category and stable recovery of lattice factors,math.OA,6,0.83
The-canonical-massive-continuum-limit-of-the-two-dimensional-O3-model-October-4-2026,The canonical massive continuum limit of the two-dimensional O(3) model,math-ph,6,0.50
The-circulant-Hadamard-conjecture-September-23-2026,The circulant Hadamard conjecture,math.CO,5,0.80
The-complete-Crouzeix-theorem-September-23-2026,The complete Crouzeix theorem: optimal similarity and a common positive boundary representation,math.CA,3,0.33
The-complexity-of-identifying-a-graph-by-Weisfeiler-Leman-refinement-September-25-2026,The complexity of identifying a graph by Weisfeiler–Leman refinement,cs.CC,3,0.67
The-cotype-cotype-conjecture-under-the-approximation-property-September-23-2026,The cotype–cotype conjecture under the approximation property,math.FA,3,1.00
The-critical-Liouville-quantum-sphere-and-geometric-limits-of-FK-maps-at-q-equals-4-September-24-2026,The critical Liouville quantum sphere and geometric limits of FK maps at q=4,math.PR,40,0.97
The-critical-correlation-exponent-of-the-planar-XY-model-September-24-2026,The critical correlation exponent of the planar XY model,math.PR,6,0.83
The-critical-dimension-for-one-phase-Bernoulli-minimizers-September-24-2026,The critical dimension for one-phase Bernoulli minimizers,math.AP,6,0.83
The-critical-logarithmic-correction-for-the-planar-XY-model-October-5-2026,The critical logarithmic correction for the planar XY model,math.PR,8,0.62
The-crossing-number-of-complete-bipartite-graphs-September-23-2026,The crossing number of complete bipartite graphs,,0,
The-crossing-number-of-complete-graphs-September-23-2026,The crossing number of complete graphs,math.CO,5,1.00
The-curve-scaling-limit-of-half-plane-double-dimers-September-23-2026,The Curve Scaling Limit of Half-Plane Double Dimers,math.PR,4,0.50
The-dyadic-case-of-the-Erdos-similarity-conjecture-September-25-2026,The dyadic case of the Erdős similarity conjecture,math.CA,7,0.71
The-entropy-photon-number-inequality-September-24-2026,The entropy photon-number inequality,quant-ph,21,0.81
The-entropy-rate-dimension-formula-for-self-similar-measures-on-the-line-September-24-2026,The entropy-rate dimension formula for self-similar measures on the line,math.DS,16,0.75
The-equivariant-cohomological-Hikita-conjecture-for-arbitrary-quivers-September-24-2026,The equivariant cohomological Hikita conjecture for arbitrary quivers,math.RT,34,0.50
The-exact-reconstruction-threshold-for-the-three-state-symmetric-channel-September-25-2026,The exact reconstruction threshold for the three-state symmetric channel,math.PR,9,0.56
The-first-lattice-correction-to-Blochs-law-October-5-2026,The first lattice correction to Bloch's law,math.PR,2,0.50
The-free-energy-of-the-Ising-random-perceptron-September-24-2026,The free energy of the Ising random perceptron,math.PR,20,0.85
The-free-energy-of-the-spherical-random-perceptron-September-24-2026,The free energy of the spherical random perceptron,math.PR,15,0.67
The-free-uniform-spanning-forest-is-a-factor-of-IID-September-25-2026,The free uniform spanning forest is a factor of IID,math.PR,7,0.86
The-geometric-case-of-the-Erdos-similarity-conjecture-October-5-2026,The geometric case of the Erdős similarity conjecture,math.CA,6,0.67
The-height-three-chromatic-overlap-an-explicit-filtration-and-its-attachments-September-27-2026,The height-three chromatic overlap: an explicit filtration and its attachments,math.AT,18,0.33
The-higher-dimensional-Erdos-distinct-distances-conjecture-September-23-2026,The higher-dimensional Erdős distinct-distances conjecture,math.CO,10,0.50
The-hypercube-Ramsey-number-has-linear-order-September-23-2026,The hypercube Ramsey number has linear order,math.CO,1,1.00
The-irrationality-exponent-of-pi-is-2-September-24-2026,The irrationality exponent of π is 2,math.NT,11,0.55
The-joint-Dickman-law-for-consecutive-integers-September-24-2026,The joint Dickman law for consecutive integers,math.NT,10,1.00
The-joint-scaling-limit-of-critical-Ashkin-Teller-currents-September-25-2026,The joint scaling limit of critical Ashkin–Teller currents,math.PR,13,0.69
The-l1-Bass-Conjecture-for-Discrete-Groups-October-5-2026,The $\ell^1$-Bass Conjecture for Discrete Groups,,0,
The-logarithmic-Brunn-Minkowski-conjecture-September-23-2026,The logarithmic Brunn–Minkowski conjecture,math.FA,15,0.33
The-low-temperature-Sherrington-Kirkpatrick-fluctuation-scale-September-24-2026,The low-temperature Sherrington–Kirkpatrick fluctuation scale,math.PR,16,0.69
The-low-temperature-Sherrington-Kirkpatrick-free-energy-limiting-law-September-24-2026,The low-temperature Sherrington–Kirkpatrick free-energy limiting law,math.PR,17,0.71
The-maximal-triangular-Hilbert-transform-at-the-symmetric-point-September-24-2026,The maximal triangular Hilbert transform at the symmetric point,math.CA,14,0.93
The-maximum-number-of-mutually-unbiased-bases-in-dimension-six-September-24-2026,The maximum number of mutually unbiased bases in dimension six,quant-ph,12,0.92
The-mean-analytic-rank-of-quadratic-twists-of-elliptic-curves-September-23-2026,The mean analytic rank of quadratic twists of elliptic curves,math.NT,8,1.00
The-metric-Blaschke-theorem-September-23-2026,The metric Blaschke theorem,math.DG,6,0.83
The-nonmaximal-anti-de-Sitter-Penrose-Inequality-and-original-data-rigidity-October-5-2026,The nonmaximal anti-de Sitter Penrose Inequality and original-data rigidity,math.DG,14,0.79
The-normalized-volume-gap-in-dimension-four-September-24-2026,The normalized-volume gap in dimension four,math.AG,19,0.84
The-ordinary-double-point-gap-in-every-dimension-September-24-2026,The ordinary-double-point gap in every dimension,math.AG,33,0.73
The-p-adic-section-conjecture-September-24-2026,The p-adic section conjecture,math.AG,11,0.82
The-periodic-spin-one-Haldane-gap-September-24-2026,The periodic spin-one Haldane gap,quant-ph,9,0.22
The-rational-Hodge-conjecture-for-CM-abelian-varieties-September-30-2026,The rational Hodge conjecture for CM abelian varieties,math.AG,8,0.88
The-rational-Hodge-conjecture-for-products-of-K3-surfaces-October-4-2026,The rational Hodge conjecture for products of K3 surfaces,math.AG,22,0.55
The-reverse-logarithmic-Kodaira-inequality-and-additivity-September-26-2026,The reverse logarithmic Kodaira inequality and additivity,math.AG,8,0.88
The-second-Kahn-Kalai-conjecture-September-24-2026,The second Kahn–Kalai conjecture,math.CO,4,1.00
The-sharp-exponential-rate-of-singularity-for-symmetric-Bernoulli-matrices-October-3-2026,The sharp exponential rate of singularity for symmetric Bernoulli matrices,,0,
The-sharp-factor-of-IID-threshold-for-the-free-Ising-model-on-regular-trees-September-26-2026,The sharp factor-of-IID threshold for the free Ising model on regular trees,math.PR,8,0.62
The-sharp-singularity-rate-for-biased-symmetric-sign-matrices-October-4-2026,The sharp singularity rate for biased symmetric sign matrices,math.PR,4,0.75
The-spacetime-Penrose-inequality-and-enclosing-area-September-27-2026,The spacetime Penrose inequality and enclosing area,math.DG,30,0.50
The-spacetime-Penrose-inequality-with-charge-and-original-data-rigidity-October-5-2026,The spacetime Penrose inequality with charge and original-data rigidity,gr-qc,9,0.67
The-spherical-magnetization-law-for-the-three-dimensional-quantum-Heisenberg-ferromagnet-October-5-2026,The spherical magnetization law for the three-dimensional quantum Heisenberg ferromagnet,math.PR,7,0.43
The-spherical-perceptron-with-bi-orthogonally-invariant-disorder-September-24-2026,The spherical perceptron with bi-orthogonally invariant disorder,math.PR,7,0.57
The-strong-thin-tree-conjecture-September-23-2026,The strong thin tree conjecture,cs.DS,5,0.80
The-symmetric-Mahler-conjecture-and-its-equality-cases-September-22-2026,The symmetric Mahler conjecture and its equality cases,math.MG,11,0.55
The-trace-cone-classifies-Razak-Jacelon-stabilizations-September-25-2026,The trace cone classifies Razak–Jacelon stabilizations,math.OA,21,0.95
The-two-primary-Birch-Swinnerton-Dyer-formula-in-Selmer-corank-at-most-one-September-24-2026,The two-primary Birch–Swinnerton-Dyer formula in Selmer corank at most one,math.NT,6,1.00
The-unique-threshold-bound-state-of-the-SU-N-BFSS-model-September-24-2026,The unique threshold bound state of the SU(N) BFSS model,hep-th,24,0.92
The-weak-inhomogeneous-Duffin-Schaeffer-conjecture-September-25-2026,The Weak Inhomogeneous Duffin–Schaeffer Conjecture,math.NT,10,1.00
The-weak-pinned-planar-distance-theorem-September-23-2026,The weak pinned planar distance theorem,math.CO,2,1.00
Thermal-FK-Ising-interfaces-and-massive-SLE-October-5-2026,Thermal FK–Ising interfaces and massive SLE,math-ph,6,0.83
Thomason-Model-Structures-in-Every-Strict-Higher-Dimension-September-25-2026,Thomason Model Structures in Every Strict Higher Dimension,math.AT,8,0.50
Thompsons-group-F-is-nonamenable-September-23-2026,Thompson's group F is nonamenable,math.GR,4,1.00
Threshold-parallel-repetition-for-finite-dimensional-entangled-games-September-25-2026,Threshold parallel repetition for finite-dimensional entangled games,quant-ph,7,0.86
Topological-triviality-of-mu-constant-families-of-surface-singularities-September-24-2026,Topological triviality of $\mu$-constant families of surface singularities,math.AG,9,1.00
Tracial-projection-methods-and-uniform-property-Gamma-September-23-2026,Tracial projection methods and uniform property Γ,math.OA,23,0.91
Translative-covering-densities-of-order-n-log-n-September-23-2026,Translative covering densities of order n log n,math.MG,5,0.60
Tree-Constructions-for-the-l1-Distortion-of-Binary-Edit-Distance-September-27-2026,Tree Constructions for the $\ell_1$ Distortion of Binary Edit Distance,cs.DS,5,0.20
Triangular-minimality-for-planar-Coulomb-renormalized-energy-September-23-2026,Triangular minimality for planar Coulomb renormalized energy,math.AP,7,0.57
Triple-ergodic-averages-with-distinct-integer-slopes-October-4-2026,Triple ergodic averages with distinct integer slopes,math.CO,1,1.00
Turn-Based-Stochastic-Mean-Payoff-Games-in-Deterministic-Quasipolynomial-Time-October-5-2026,Turn-Based Stochastic Mean-Payoff Games in Deterministic Quasipolynomial Time,cs.DS,2,0.50
Two-step-monodromy-of-special-quasi-projective-varieties-September-24-2026,Two-step monodromy of special quasi-projective varieties,math.AG,9,1.00
Ultraflat-real-Littlewood-polynomials-October-5-2026,Ultraflat real Littlewood polynomials,math.CA,7,0.71
Unbounded-Violations-of-the-Square-Root-Degree-Bound-September-26-2026,Unbounded Violations of the Square-Root Degree Bound,cs.CC,4,0.50
Unconditional-time-lower-bounds-for-Weisfeiler-Leman-equivalence-September-25-2026,Unconditional time lower bounds for Weisfeiler–Leman equivalence,cs.DS,4,0.25
Uniform-Bi-Holder-Transport-from-Weak-MTW-September-25-2026,Uniform Bi-Hölder Transport from Weak MTW,math.AP,1,1.00
Uniform-Cartier-sections-for-Fano-type-contractions-September-25-2026,Uniform Cartier sections for Fano type contractions,math.AG,26,0.96
Uniform-Interior-C1alpha-Estimates-for-Infinity-Harmonic-Functions-October-4-2026,"Uniform Interior $C^{1,\alpha}$ Estimates for Infinity-Harmonic Functions",math.AP,2,1.00
Uniform-Matrix-Hitting-Points-in-Every-Positive-Characteristic-October-4-2026,Uniform Matrix Hitting Points in Every Positive Characteristic,cs.CC,5,0.40
Uniform-Permanence-in-Weakly-Reversible-Mass-Action-Systems-October-5-2026,Uniform Permanence in Weakly Reversible Mass-Action Systems,math.DS,1,1.00
Uniform-Pluricanonical-Iitaka-Fibrations-October-3-2026,Uniform Pluricanonical Iitaka Fibrations,math.AG,6,1.00
Uniform-Stability-of-the-Spherical-Laughlin-Gap-October-5-2026,Uniform Stability of the Spherical Laughlin Gap,math-ph,1,1.00
Uniform-computation-of-the-squared-logarithmic-k-server-bound-September-24-2026,Uniform computation of the squared-logarithmic k-server bound,cs.DS,3,1.00
Uniform-effective-log-Iitaka-fibrations-for-fourfolds-September-26-2026,Uniform effective log Iitaka fibrations for fourfolds,math.AG,12,1.00
Uniform-excess-charge-for-Coulomb-molecules-and-the-outer-radius-of-neutral-atoms-September-24-2026,Uniform excess charge for Coulomb molecules and the outer radius of neutral atoms,math-ph,9,0.89
Uniform-exclusion-of-Landau-Siegel-zeros-October-1-2026,Uniform exclusion of Landau–Siegel zeros,,0,
Uniform-indices-for-semi-log-canonical-log-Calabi-Yau-pairs-October-5-2026,Uniform indices for semi-log-canonical log Calabi–Yau pairs,math.AG,6,1.00
Uniform-log-Iitaka-fibrations-and-bounded-moduli-denominators-October-4-2026,Uniform log Iitaka fibrations and bounded moduli denominators,math.AG,1,1.00
Uniform-marked-polygon-estimates-and-sharp-finite-bridge-moments-September-26-2026,Uniform marked-polygon estimates and sharp finite bridge moments,math-ph,8,0.50
Uniform-quasipolynomial-time-trace-reconstruction-October-5-2026,Uniform quasipolynomial-time trace reconstruction,cs.DS,4,0.50
Uniform-real-Lipschitz-surfaces-on-the-triangular-lattice-September-25-2026,Uniform real Lipschitz surfaces on the triangular lattice,math.PR,10,0.90
Uniformization-of-complete-Kahler-manifolds-with-positive-bisectional-curvature-September-23-2026,Uniformization of complete Kähler manifolds with positive bisectional curvature,math.DG,26,0.69
Unitarizability-Implies-Amenability-for-Countable-Groups-September-23-2026,Unitarizability implies amenability for discrete groups,math.GR,11,0.55
Universal-Computation-with-Eventually-Stationary-Navier-Stokes-Forcing-September-27-2026,Universal Computation with Eventually Stationary Navier–Stokes Forcing,math.DG,5,0.40
Universal-Tensor-Squares-for-Symmetric-Groups-September-24-2026,Universal Tensor Squares for Symmetric Groups,math.CO,5,0.40
Universal-cover-splitting-for-compact-Kahler-manifolds-September-23-2026,Universal-cover splitting for compact Kähler manifolds,math.AG,10,0.80
Universal-optimality-of-the-triangular-lattice-September-23-2026,Universal optimality of the triangular lattice,math.MG,13,0.38
Universal-strong-Kadison-Kastler-stability-September-23-2026,Universal strong Kadison–Kastler stability,math.OA,13,0.85
Universality-of-critical-quench-autocorrelations-in-the-Sherrington-Kirkpatrick-model-October-5-2026,Universality of critical quench autocorrelations in the Sherrington–Kirkpatrick model,math.PR,12,0.58
Unrestricted-pro-modularity-at-the-prime-two-October-4-2026,Unrestricted pro-modularity at the prime two,math.NT,6,0.83
Vanishing-of-higher-bounded-Hochschild-cohomology-September-23-2026,Vanishing of higher bounded Hochschild cohomology,math.OA,6,0.83
Variable-dimension-Weisfeiler-Leman-equivalence-on-general-and-subcubic-graphs-September-25-2026,Variable-dimension Weisfeiler–Leman equivalence on general and subcubic graphs,cs.DM,1,1.00
Variance-of-the-Random-k-SAT-Hitting-Time-September-27-2026,Variance of the Random k-SAT Hitting Time,math.PR,10,0.50
Velocity-Field-Detection-of-Computation-in-Forced-Navier-Stokes-Flows-September-27-2026,Velocity-Field Detection of Computation in Forced Navier–Stokes Flows,,0,
Virasoro-Constraints-for-Projective-Complete-Intersections-September-24-2026,Virasoro Constraints for Projective Complete Intersections,math.AG,20,0.80
Virasoro-Constraints-under-Projectivization-October-5-2026,Virasoro Constraints under Projectivization,math.AG,2,1.00
Virtual-compact-specialness-of-hyperbolic-one-relator-groups-September-25-2026,Virtual compact specialness of hyperbolic one-relator groups,math.GR,23,0.83
Weak-Hessian-bounds-along-every-geodesic-in-RCD-spaces-September-24-2026,Weak Hessian bounds along every geodesic in RCD spaces,math.FA,10,0.40
Weak-and-strong-normalization-in-pure-type-systems-September-25-2026,Weak and strong normalization in pure type systems,,0,
Weak-mixing-of-triangular-billiards-with-an-irrational-angle-October-5-2026,Weak mixing of triangular billiards with an irrational angle,math.DS,2,1.00
Weak-pure-infiniteness-and-O-infinity-absorption-September-25-2026,Weak pure infiniteness and O-infinity absorption,math.OA,7,1.00
Weighted-Dilation-Graphs-Smooth-Shifted-Primes-and-Totient-Fibers-September-24-2026,"Weighted dilation graphs, smooth shifted primes and totient fibers",math.NT,5,1.00
Weil-classes-and-Hodge-classes-on-abelian-powers-September-30-2026,Weil classes and Hodge classes on abelian powers,math.AG,10,0.90
Witnessed-symmetric-choice-is-strictly-stronger-than-choiceless-polynomial-time-with-counting-September-24-2026,Witnessed symmetric choice is strictly stronger than choiceless polynomial time with counting,cs.LO,5,0.60
Zero-Plane-Rigidity-for-Einstein-Four-Manifolds-October-4-2026,Zero-Plane Rigidity for Einstein Four-Manifolds,math.DG,4,1.00
a-torsion-free-hyperbolic-group-that-is-not-residually-finite-September-23-2026,A torsion-free hyperbolic group that is not residually finite,math.GR,1,1.00
ample-rank-two-bundles-on-the-quadric-surface-without-griffiths-positive-metrics-September-24-2026,Ample rank-two bundles on the quadric surface without Griffiths-positive metrics,math.DG,13,0.46
quantitative-lower-bounds-for-trace-reconstruction-September-24-2026,Quantitative lower bounds for trace reconstruction,math.PR,7,0.57
quasi-isometric-recognition-of-virtually-polycyclic-groups-September-24-2026,Quasi-isometric Recognition of Virtually Polycyclic Groups,math.GR,6,1.00
the-additive-indecomposability-of-the-primes-September-24-2026,The additive indecomposability of the primes,math.NT,7,0.71
two-limit-cycles-for-quintic-lienard-systems-September-24-2026,Two limit cycles for quintic Liénard systems,math.DS,1,1.00
uniform-bounds-for-planar-polynomial-limit-cycles-September-24-2026,Uniform bounds for planar polynomial limit cycles,math.DS,1,1.00
