corpus,paper_id,subject,year,n_references,n_cite_commands,citations_per_reference,share_pinpoint_specific,share_pinpoint_result,share_pinpoint_any,share_in_proof,share_intro_or_front,share_first_quarter,mean_group_size,share_group_3plus,share_refs_cited_once,max_share_one_reference,median_reference_age,share_refs_recent_3y,share_refs_classic_30y,share_section_abstract,share_section_front,share_section_intro,share_section_prelim,share_section_main,share_section_discussion,share_section_appendix,share_refs_with_year,share_refs_arxiv,share_refs_doi
ai,A-C1-Counterexample-to-the-Entropy-Conjecture-September-25-2026,,2026,11,12,1.2727,0.6667,0.4167,0.6667,0.1667,0.75,0.75,1.1667,0.0,0.7273,0.1429,39,0.0,0.6364,0.0,0.0,0.75,0.0,0.25,0.0,0.0,1.0,0.0,0.5455
ai,A-CH-Obstruction-to-a-Prescribed-Categoricity-Threshold-September-24-2026,math.LO,2026,14,20,1.4286,0.75,0.5,0.75,0.05,0.5,0.65,1,0.0,0.7143,0.15,9.5,0.1429,0.3571,0.0,0.0,0.5,0.0,0.5,0.0,0.0,1.0,0.6429,0.7143
ai,A-Capacity-Criterion-for-Four-State-Potts-Reconstruction-on-Trees-October-5-2026,math.PR,2026,9,15,1.7778,0.4667,0.3333,0.4667,0.0,0.7333,0.7333,1.0667,0.0,0.5556,0.3125,20,0.2222,0.1111,0.0,0.0,0.7333,0.0,0.2667,0.0,0.0,1.0,0.1111,0.8889
ai,A-Charged-Reduction-of-the-Spacetime-Penrose-Inequality-in-Spatial-Dimensions-at-Least-Four-October-5-2026,gr-qc,2026,26,43,1.7692,0.3023,0.1628,0.3023,0.7674,0.186,0.2791,1.0698,0.0,0.6923,0.2174,24.5,0.0769,0.3462,0.0,0.0,0.186,0.0465,0.7674,0.0,0.0,1.0,0.2308,0.8846
ai,A-Codimension-One-Bound-for-the-Singular-Set-of-a-Stationary-Integral-Varifold-October-5-2026,math.DG,2026,20,43,2.45,0.5116,0.4419,0.5116,0.2791,0.4419,0.6279,1.1395,0.0233,0.6,0.4286,10.0,0.4,0.3,0.0,0.0,0.4419,0.0,0.5581,0.0,0.0,1.0,0.5,0.5
ai,A-Complete-Local-Domain-Without-a-Small-Cohen-Macaulay-Module-September-23-2026,math.AG,2026,19,35,1.8947,0.8571,0.4,0.8571,0.1429,0.4286,0.4571,1.0286,0.0,0.6316,0.2778,9,0.3158,0.2632,0.0,0.0,0.4286,0.0,0.5714,0.0,0.0,1.0,0.2632,0.5789
ai,A-Conditional-Reduction-for-Algebraic-Kuga-Satake-Correspondences-September-10-2026,math.AG,2026,18,44,2.4444,0.2955,0.1591,0.75,0.2955,0.0682,0.1818,1,0.0,0.2778,0.1591,35,0.0,0.6,0.0,0.0,0.0682,0.0,0.3636,0.0,0.5682,0.8333,0.0556,0.3889
ai,A-Coulomb-Ground-State-Density-without-Kohn-Sham-Ensemble-Representation-September-25-2026,physics.chem-ph,2026,22,27,1.2727,0.5185,0.4074,0.5185,0.4444,0.5185,0.5926,1.037,0.0,0.8182,0.1071,11.5,0.2727,0.3636,0.0,0.0,0.5185,0.0,0.4815,0.0,0.0,1.0,0.1364,0.7727
ai,A-Counterexample-to-Kaplanskys-Direct-Finiteness-Conjecture-in-Characteristic-Two-September-23-2026,math.RA,2026,21,28,1.4286,0.75,0.5714,0.75,0.0714,0.5714,0.6786,1.0714,0.0,0.7619,0.2,17,0.3333,0.2381,0.0,0.0,0.5714,0.0,0.4286,0.0,0.0,1.0,0.2381,0.5238
ai,A-Counterexample-to-Kaplanskys-Direct-Finiteness-Conjecture-in-Odd-Characteristic-September-26-2026,,2026,25,33,1.52,0.5455,0.3636,0.5455,0.1212,0.6061,0.7576,1.1515,0.0303,0.56,0.0789,20,0.28,0.32,0.0,0.0,0.6061,0.0,0.3939,0.0,0.0,1.0,0.0,0.8
ai,A-Counterexample-to-Kuroshs-Division-Ring-Problem-September-23-2026,math.RA,2026,16,22,1.375,0.9091,0.7273,0.9091,0.1364,0.4091,0.6364,1,0.0,0.75,0.1364,14.5,0.0625,0.375,0.0,0.0,0.4091,0.0,0.5909,0.0,0.0,1.0,0.3125,0.5
ai,A-Counterexample-to-Rysers-Covering-Conjecture-September-23-2026,math.CO,2026,31,41,1.3871,0.439,0.3415,0.439,0.122,0.5366,0.7317,1.0488,0.0,0.8065,0.1395,15,0.129,0.2581,0.0,0.0,0.5366,0.0,0.4634,0.0,0.0,1.0,0.5161,0.7419
ai,A-Counterexample-to-Walls-D2-Problem-October-6-2026,,2026,14,23,1.7143,0.5652,0.2609,0.5652,0.0435,0.7391,0.7391,1.0435,0.0,0.3571,0.125,21.0,0.0714,0.4286,0.0,0.0,0.7391,0.0,0.2609,0.0,0.0,1.0,0.0,0.4286
ai,A-Counterexample-to-the-Group-Ring-Determinant-Conjecture-September-23-2026,math.GT,2026,9,14,1.5556,0.8571,0.7143,0.8571,0.1429,0.7857,0.7857,1,0.0,0.5556,0.2143,24,0.2222,0.2222,0.0,0.0,0.7857,0.0,0.2143,0.0,0.0,1.0,0.4444,0.7778
ai,A-Counterexample-to-the-Infinite-Matroid-Packing-Covering-Conjecture-September-24-2026,math.CO,2026,8,18,2.25,0.8333,0.6667,0.8333,0.1111,0.6111,0.7778,1,0.0,0.5,0.2778,7.5,0.25,0.0,0.0,0.0,0.6111,0.0,0.3889,0.0,0.0,1.0,0.125,0.875
ai,A-Cyclic-Polytabloid-Proof-of-Saxls-Conjecture-September-24-2026,math.CO,2026,16,25,1.5625,0.84,0.6,0.84,0.08,0.64,0.64,1,0.0,0.6875,0.16,9.5,0.25,0.25,0.0,0.0,0.64,0.0,0.36,0.0,0.0,1.0,0.25,0.8125
ai,A-Direct-Proof-of-Optimal-Max-Cut-Hardness-September-23-2026,,2026,19,45,2.5263,0.3778,0.2667,0.4222,0.0667,0.5111,0.6,1.0667,0.0,0.5263,0.3333,24,0.1579,0.2105,0.0,0.0,0.5111,0.0667,0.0222,0.0,0.4,1.0,0.0,1.0
ai,A-Fixed-Particle-Test-for-Computation-in-a-Forced-Viscous-Flow-September-27-2026,math.AP,2026,10,14,1.5,0.6429,0.3571,0.6429,0.0714,0.5714,0.7143,1.0714,0.0,0.5,0.1333,35.5,0.3,0.6,0.0,0.0,0.5714,0.0,0.4286,0.0,0.0,1.0,0.1,0.9
ai,A-Fock-space-inequality-and-the-Laughlin-spectral-gap-September-24-2026,math-ph,2026,27,33,1.2963,0.3636,0.1818,0.3636,0.0,0.0,0.697,1.0606,0.0,0.8148,0.1143,13,0.1852,0.2963,0.0,0.0,0.0,0.0,0.9394,0.0,0.0606,1.0,0.5926,0.963
ai,A-Fully-Polynomial-Randomized-Approximation-Scheme-for-Perfect-Matchings-in-General-Graphs-September-23-2026,cs.DS,2026,21,29,1.619,0.4138,0.2414,0.4138,0.069,0.6207,0.6897,1.1724,0.0,0.7143,0.1471,37,0.1905,0.5714,0.0,0.0,0.6207,0.0345,0.3448,0.0,0.0,1.0,0.2381,0.8095
ai,A-Gepner-stability-condition-on-every-smooth-quintic-threefold-September-24-2026,math.AG,2026,16,27,1.6875,0.7407,0.5185,0.7407,0.1852,0.5556,0.8519,1,0.0,0.5625,0.2222,15.5,0.0625,0.125,0.0,0.0,0.5556,0.0,0.4444,0.0,0.0,1.0,0.75,0.6875
ai,A-Limiting-Satisfiability-Threshold-for-Every-Fixed-Clause-Size-September-25-2026,math.PR,2026,20,28,1.4,0.5,0.4643,0.5,0.0,0.0357,0.6786,1,0.0,0.65,0.1071,23.0,0.1,0.25,0.0357,0.0,0.0,0.0,0.9643,0.0,0.0,1.0,0.5,0.9
ai,A-Linear-Clock-for-Random-Walk-on-Tree-Weighted-Planar-Maps-October-5-2026,math.PR,2026,22,63,2.9545,0.2222,0.127,0.2222,0.2063,0.3968,0.6349,1.0317,0.0,0.5,0.4154,7.0,0.0909,0.1818,0.0,0.0,0.3968,0.0,0.6032,0.0,0.0,1.0,0.1818,0.8636
ai,A-Logarithmic-Independence-Bound-for-Clique-Free-Graphs-September-25-2026,math.CO,2026,15,18,1.2,0.8333,0.6667,0.8333,0.0,0.7222,0.8333,1,0.0,0.8667,0.1667,11,0.3333,0.3333,0.0,0.0,0.7222,0.0,0.2778,0.0,0.0,1.0,0.3333,0.6
ai,A-Low-Space-Algorithm-for-Worst-Case-Subset-Sum-September-26-2026,cs.DS,2026,10,27,2.7,0.4815,0.2593,0.4815,0.0741,0.4815,0.6667,1,0.0,0.2,0.2593,11.5,0.2,0.2,0.0,0.0,0.4815,0.0,0.5185,0.0,0.0,1.0,0.3,1.0
ai,A-Modulus-Proof-of-Cannons-Conjecture-September-23-2026,math.GT,2026,24,38,1.6667,0.7895,0.6316,0.8158,0.3684,0.5263,0.7895,1.0526,0.0,0.5,0.1,24.5,0.0417,0.3333,0.0,0.0,0.5263,0.0,0.4737,0.0,0.0,1.0,0.0417,0.8333
ai,A-Nearly-Quartic-Separation-Between-Randomized-and-Quantum-Query-Complexity-October-5-2026,quant-ph,2026,27,40,1.6667,0.05,0.05,0.05,0.125,0.5,0.575,1.125,0.025,0.5556,0.1333,20,0.1481,0.1852,0.0,0.0,0.5,0.0,0.25,0.0,0.25,1.0,0.7407,0.8148
ai,A-Negative-Solution-to-the-Finite-Lattice-Representation-Problem-September-24-2026,math.GR,2026,38,90,2.5789,0.8111,0.6889,0.8111,0.5111,0.2,0.4889,1.0889,0.0222,0.5,0.102,27.0,0.0,0.3947,0.0,0.0,0.2,0.0,0.8,0.0,0.0,1.0,0.1316,0.8158
ai,A-Nonspectrahedral-Hyperbolicity-Cone-September-24-2026,math.AG,2026,17,25,1.4706,0.64,0.4,0.64,0.04,0.8,0.8,1,0.0,0.7059,0.16,11,0.1765,0.2353,0.0,0.0,0.8,0.0,0.16,0.0,0.04,1.0,0.7647,0.8235
ai,A-PD4-group-without-an-aspherical-manifold-model-September-24-2026,math.GT,2026,22,61,2.8182,0.6885,0.5082,0.7869,0.377,0.2295,0.3279,1.0164,0.0,0.5455,0.2258,16.0,0.2273,0.2727,0.0,0.0,0.2295,0.0,0.7705,0.0,0.0,1.0,0.2727,0.5909
ai,A-Pivotal-Amplitude-for-Voronoi-Percolation-from-Cardys-Formula-October-5-2026,math.PR,2026,17,48,3.1176,0.4167,0.1458,0.4792,0.3958,0.2292,0.6875,1.1042,0.0208,0.5882,0.5849,20,0.1176,0.1176,0.0,0.0,0.2292,0.0,0.7708,0.0,0.0,1.0,0.0588,0.8235
ai,A-Polynomial-Time-2-Approximation-for-Shortest-Common-Superstring-September-24-2026,cs.DS,2026,11,18,1.7273,0.1111,0.0,0.1111,0.0,0.7778,0.8889,1.0556,0.0,0.5455,0.2105,13,0.2727,0.2727,0.0,0.0,0.7778,0.0,0.2222,0.0,0.0,1.0,0.1818,0.8182
ai,A-Power-Saving-for-Polynomial-Differences-at-Prime-Arguments-October-5-2026,math.NT,2026,27,37,1.6296,0.4324,0.2703,0.4324,0.027,0.5946,0.6757,1.1892,0.0541,0.6296,0.1364,16,0.2963,0.2963,0.0,0.0,0.5946,0.0,0.4054,0.0,0.0,1.0,0.2963,0.8519
ai,A-Sharp-Threshold-Bound-for-Monotone-Graph-Properties-September-25-2026,cs.DM,2026,10,18,1.9,0.6667,0.5,0.6667,0.0,0.6667,0.6667,1.0556,0.0,0.6,0.3158,29.5,0.3,0.5,0.0,0.0,0.6667,0.0,0.3333,0.0,0.0,1.0,0.1,0.8
ai,A-Smooth-Metric-with-No-Local-Isometric-Immersion-into-Three-Space-September-24-2026,math.AP,2026,16,20,1.4375,0.75,0.45,0.75,0.0,0.85,0.9,1.15,0.0,0.75,0.1304,31.5,0.0,0.5,0.0,0.0,0.85,0.0,0.15,0.0,0.0,1.0,0.1875,0.625
ai,A-Three-Dimensional-Counterexample-to-Integer-Degree-Harmonic-Dimension-Comparison-September-26-2026,math.DG,2026,18,27,1.7778,0.5926,0.5926,0.5926,0.3704,0.4815,0.6667,1.1852,0.0,0.6111,0.25,28.0,0.2778,0.3889,0.0,0.0,0.4815,0.0,0.5185,0.0,0.0,1.0,0.3333,0.7222
ai,A-Three-Manifold-Without-Conjugate-Points-and-Without-a-Nonpositively-Curved-Metric-September-24-2026,math.DG,2026,8,16,2.0,1.0,0.6875,1.0,0.3125,0.4375,0.875,1,0.0,0.5,0.3125,28.5,0.0,0.5,0.0,0.0,0.4375,0.0,0.5,0.0,0.0625,1.0,0.375,0.875
ai,A-Torsion-Free-Counterexample-to-Reduced-Baum-Connes-Injectivity-September-23-2026,math.KT,2026,36,47,1.3611,0.8298,0.5532,0.8298,0.1489,0.4894,0.6383,1.0426,0.0,0.6944,0.0612,19.5,0.0278,0.25,0.0,0.0,0.4894,0.0,0.383,0.1277,0.0,1.0,0.3889,0.8333
ai,A-Torsion-Free-Counterexample-to-the-Kadison-Kaplansky-Projection-Conjecture-September-23-2026,math.OA,2026,41,40,1.122,0.65,0.4,0.65,0.15,0.4,0.55,1.15,0.05,0.878,0.0435,24,0.0976,0.3659,0.0,0.0,0.4,0.025,0.575,0.0,0.0,1.0,0.1707,0.6341
ai,A-Torsion-Free-Group-Algebra-That-Is-Not-Directly-Finite-October-4-2026,math.GR,2026,13,21,1.6154,0.5714,0.381,0.5714,0.0952,0.5238,0.619,1,0.0,0.9231,0.4286,23,0.1538,0.3077,0.0,0.0,0.5238,0.0,0.4762,0.0,0.0,1.0,0.2308,0.6923
ai,A-Torsion-Free-Group-Algebra-with-Zero-Divisors-September-23-2026,math.GR,2026,22,27,1.3182,0.5556,0.4444,0.5556,0.2222,0.7037,0.7037,1.0741,0.0,0.7273,0.1034,20.5,0.2727,0.3636,0.0,0.0,0.7037,0.0,0.2963,0.0,0.0,1.0,0.3636,0.5455
ai,A-boundary-field-gap-for-the-spin-one-Heisenberg-chain-September-24-2026,quant-ph,2026,21,34,1.7619,0.4118,0.3529,0.4118,0.0882,0.5882,0.7059,1.0882,0.0294,0.8095,0.2432,33,0.0952,0.5714,0.0,0.0,0.5882,0.0,0.3235,0.0,0.0882,1.0,0.2381,0.8095
ai,A-boundary-only-obstruction-to-four-dimensional-disk-embedding-September-24-2026,math.GT,2026,20,43,2.15,0.9302,0.4884,0.9302,0.3023,0.6512,0.6744,1,0.0,0.45,0.2093,28.5,0.1,0.5,0.0,0.0,0.6512,0.0,0.3488,0.0,0.0,1.0,0.2,0.85
ai,A-classification-of-finite-Euclidean-Ramsey-configurations-September-23-2026,math.CO,2026,23,32,1.5217,0.625,0.5625,0.625,0.1562,0.0,0.5625,1.0938,0.0,0.8261,0.1429,28,0.3043,0.4783,0.0,0.0,0.0,0.0,1.0,0.0,0.0,1.0,0.3478,0.8696
ai,A-closed-Ricci-flow-with-bounded-scalar-curvature-and-finite-time-curvature-blowup-September-24-2026,math.DG,2026,13,20,1.6154,0.45,0.35,0.5,0.2,0.5,0.6,1.05,0.0,0.9231,0.4286,21,0.0,0.3077,0.0,0.0,0.5,0.0,0.5,0.0,0.0,1.0,0.3846,0.6154
ai,A-conditional-abelianity-theorem-for-special-fourfold-pairs-with-a-half-weight-divisor-October-5-2026,math.AG,2026,12,12,1.25,0.3333,0.3333,0.3333,0.4167,0.0,0.75,1.25,0.0,0.6,0.2,15.0,0.1667,0.25,0.0,0.0,0.0,0.4167,0.5833,0.0,0.0,1.0,0.4167,0.6667
ai,A-continuum-temperature-singularity-for-a-radial-pair-potential-September-24-2026,cond-mat,2026,14,20,1.5714,0.6,0.55,0.6,0.15,0.0,0.7,1.1,0.0,0.5714,0.1818,45.5,0.2143,0.5714,0.0,0.0,0.0,0.0,0.95,0.0,0.05,1.0,0.2857,0.7143
ai,A-counterexample-to-Hadwigers-conjecture-September-23-2026,math.CO,2026,31,40,1.3548,0.375,0.325,0.375,0.025,0.775,0.925,1.05,0.0,0.6774,0.0714,21,0.2581,0.3871,0.0,0.0,0.775,0.0,0.225,0.0,0.0,1.0,0.3226,0.9032
ai,A-counterexample-to-Kaplanskys-quasitrace-conjecture-September-23-2026,math.OA,2026,13,38,2.9231,0.8158,0.5263,0.8158,0.1053,0.5,0.5,1,0.0,0.2308,0.2632,23,0.1538,0.3846,0.0,0.0,0.5,0.0,0.5,0.0,0.0,1.0,0.3077,0.6154
ai,A-counterexample-to-Naimarks-problem-in-ZFC-September-24-2026,math.OA,2026,14,25,2.0,0.72,0.72,0.72,0.08,0.64,0.76,1.12,0.0,0.3571,0.2143,17.0,0.1429,0.1429,0.0,0.0,0.64,0.0,0.36,0.0,0.0,1.0,0.4286,0.7857
ai,A-counterexample-to-Sidorenkos-conjecture-September-23-2026,math.CO,2026,27,40,1.5556,0.45,0.325,0.45,0.1,0.75,0.8,1.05,0.0,0.5926,0.119,16,0.1481,0.3333,0.0,0.0,0.75,0.0,0.25,0.0,0.0,1.0,0.2593,0.6667
ai,A-counterexample-to-Tachikawas-second-conjecture-September-23-2026,math.RT,2026,30,44,1.4667,0.8636,0.6364,0.8636,0.0909,0.6136,0.6818,1,0.0,0.7667,0.1136,12.0,0.3667,0.2333,0.0,0.0,0.6136,0.0682,0.3182,0.0,0.0,1.0,0.5,0.7333
ai,A-counterexample-to-integer-degree-harmonic-dimension-comparison-September-25-2026,math.DG,2026,17,21,1.4118,0.4762,0.2857,0.4762,0.2857,0.4286,0.619,1.1429,0.0,0.6471,0.125,28,0.1176,0.3529,0.0,0.0,0.4286,0.0,0.5714,0.0,0.0,1.0,0.2941,0.7647
ai,A-counterexample-to-the-Colin-de-Verdiere-chromatic-conjecture-September-23-2026,math.CO,2026,27,29,1.4444,0.3448,0.2414,0.3448,0.0345,0.5517,0.7586,1.3448,0.069,0.7037,0.1282,28,0.1852,0.4074,0.0,0.0,0.5517,0.0345,0.4138,0.0,0.0,1.0,0.1111,0.7037
ai,A-counterexample-to-the-Monge-ansatz-for-the-three-marginal-Coulomb-cost-September-25-2026,math.AP,2026,11,14,1.2727,0.5,0.4286,0.5,0.0714,0.0,0.8571,1,0.0,0.8182,0.2143,11,0.1818,0.0909,0.0,0.0,0.0,0.0,1.0,0.0,0.0,1.0,0.5455,0.9091
ai,A-counterexample-to-the-coarse-Novikov-conjecture-September-23-2026,math.KT,2026,18,24,1.3333,0.75,0.7083,0.75,0.0,0.625,0.625,1,0.0,0.7222,0.125,21.5,0.1667,0.1667,0.0,0.0,0.625,0.0,0.375,0.0,0.0,1.0,0.1111,0.8889
ai,A-counterexample-to-the-nearby-Lagrangian-conjecture-September-23-2026,math.SG,2026,30,48,1.8667,0.7083,0.6667,0.7083,0.1667,0.4167,0.6458,1.1667,0.0417,0.5333,0.1071,15.5,0.2667,0.3333,0.0,0.0,0.4167,0.0,0.5833,0.0,0.0,1.0,0.2,0.6667
ai,A-cubic-lower-bound-for-border-determinantal-complexity-of-the-permanent-September-24-2026,cs.CC,2026,27,36,1.3704,0.9167,0.7778,0.9167,0.1111,0.5278,0.6389,1.0278,0.0,0.7407,0.1081,22,0.1481,0.3333,0.0,0.0,0.5278,0.0,0.4722,0.0,0.0,1.0,0.3704,0.8148
ai,A-degenerate-counterexample-to-the-critical-number-Arnold-bound-September-23-2026,math.SG,2026,20,22,1.2,0.5455,0.4091,0.5455,0.0455,0.7273,0.7273,1.0909,0.0455,0.8,0.0833,28.5,0.1,0.45,0.0,0.0,0.7273,0.0,0.2727,0.0,0.0,1.0,0.2,0.7
ai,A-density-uniform-condensate-bound-for-dilute-Bose-gases-September-27-2026,math-ph,2026,36,37,1.1667,0.4324,0.3784,0.4324,0.1081,0.0,0.8108,1.1351,0.027,0.8333,0.0476,15.5,0.3056,0.3333,0.0,0.0,0.0,0.0,1.0,0.0,0.0,1.0,0.5556,0.75
ai,A-dimension-free-logarithmic-Sobolev-inequality-for-subgaussian-log-concave-measures-September-23-2026,math.PR,2026,20,31,1.55,0.8387,0.6452,0.8387,0.2581,0.4194,0.7419,1,0.0,0.6,0.0968,21.5,0.2,0.3,0.0,0.0,0.4194,0.0,0.5806,0.0,0.0,1.0,0.45,0.95
ai,A-direct-proof-of-the-complete-Crouzeix-inequality-September-26-2026,math.CA,2026,18,24,1.6111,0.4583,0.375,0.4583,0.1667,0.6667,0.6667,1.2083,0.0,0.5556,0.1379,15.5,0.2778,0.2222,0.0,0.0,0.6667,0.0,0.2083,0.0,0.125,1.0,0.2222,0.5556
ai,A-directional-zero-one-law-for-finite-range-dependent-random-environments-October-5-2026,cs.LG,2026,19,30,1.5789,0.6,0.4,0.6,0.0333,0.4667,0.5333,1,0.0,0.8421,0.3333,21,0.1053,0.3158,0.0,0.0,0.4667,0.0,0.5333,0.0,0.0,1.0,0.0526,0.6842
ai,A-directional-zero-one-law-under-strict-ellipticity-September-23-2026,math.PR,2026,19,29,1.5789,0.6897,0.5517,0.6897,0.0345,0.5862,0.6552,1.0345,0.0,0.6842,0.1667,19,0.1053,0.3158,0.0,0.0,0.5862,0.0,0.4138,0.0,0.0,1.0,0.4737,0.7368
ai,A-doubling-Hilbert-subset-with-no-finite-dimensional-bi-Lipschitz-embedding-September-25-2026,math.MG,2026,16,19,1.1875,0.8421,0.7895,0.8421,0.1053,0.6316,0.6316,1,0.0,0.8125,0.1053,15.0,0.125,0.125,0.0,0.0,0.6316,0.0,0.3684,0.0,0.0,1.0,0.0625,0.6875
ai,A-finite-Smith-Toda-complex-V4-at-the-prime-1009-September-23-2026,math.AT,2026,25,37,1.56,0.8108,0.7027,0.8108,0.0811,0.4324,0.7027,1.0541,0.027,0.64,0.1795,32,0.08,0.52,0.0,0.0,0.4324,0.0811,0.2973,0.0,0.1892,1.0,0.16,0.72
ai,A-finite-entropy-separation-of-microstates-and-nonmicrostates-free-entropy-September-25-2026,math.PR,2026,14,20,1.5714,0.6,0.5,0.6,0.05,0.75,0.85,1.1,0.0,0.7857,0.2273,23.5,0.1429,0.2857,0.0,0.0,0.75,0.1,0.15,0.0,0.0,1.0,0.1429,0.7857
ai,A-finite-entropy-system-without-a-smooth-positive-volume-model-September-25-2026,math.DS,2026,15,18,1.2,0.9444,0.6111,0.9444,0.0,0.5,0.5556,1,0.0,0.8667,0.1667,23,0.1333,0.4,0.0,0.0,0.5,0.0,0.3889,0.1111,0.0,1.0,0.0667,0.0
ai,A-finite-time-singularity-of-Calabi-flow-on-projective-space-September-24-2026,math.DG,2026,21,35,1.7143,0.5714,0.5143,0.5714,0.2,0.6286,0.7714,1.0286,0.0,0.4286,0.1111,24,0.1429,0.2857,0.0,0.0,0.6286,0.0,0.3714,0.0,0.0,1.0,0.1905,0.0
ai,A-finitely-generated-counterexample-to-the-Eilenberg-Ganea-conjecture-September-23-2026,math.GR,2026,17,32,1.9412,0.7812,0.6562,0.7812,0.0938,0.4062,0.5312,1.0312,0.0,0.5294,0.2424,36,0.0588,0.5294,0.0,0.0,0.4062,0.0,0.5938,0.0,0.0,1.0,0.1765,0.7059
ai,A-group-without-fixed-price-October-5-2026,math.GR,2026,8,12,1.625,0.4167,0.25,0.4167,0.0,0.5833,0.6667,1.0833,0.0,0.625,0.3077,25.0,0.375,0.375,0.0,0.0,0.5833,0.0,0.4167,0.0,0.0,1.0,0.5,0.5
ai,A-high-arity-counterexample-to-Pixton-completeness-in-Chow-September-24-2026,math.AG,2026,55,103,1.9636,0.835,0.6311,0.835,0.233,0.3592,0.4466,1.0485,0.0,0.4727,0.0556,21,0.1091,0.2364,0.0,0.0,0.3592,0.0,0.6408,0.0,0.0,1.0,0.6,0.5091
ai,A-hyperbolic-group-with-no-geometric-CAT0-action-September-25-2026,math.MG,2026,20,44,2.2,0.9091,0.7045,0.9091,0.2955,0.4091,0.4545,1,0.0,0.65,0.3864,21.5,0.1,0.15,0.0,0.0,0.4091,0.0,0.4545,0.1364,0.0,1.0,0.35,0.85
ai,A-latest-anchor-induction-with-spectrally-compact-masks-for-worst-case-trace-reconstruction-October-5-2026,math.PR,2026,6,5,1.0,0.0,0.0,0.0,0.0,0.0,0.8,1.2,0.0,1.0,0.1667,39.0,0.0,0.5,0.0,0.0,0.0,0.0,1.0,0.0,0.0,0.6667,0.5,0.0
ai,A-linear-cycle-and-edge-decomposition-of-every-graph-September-24-2026,math.CO,2026,11,31,2.8182,0.7097,0.5161,0.7097,0.129,0.5161,0.7097,1,0.0,0.4545,0.3548,12,0.1818,0.2727,0.0,0.0,0.5161,0.1613,0.3226,0.0,0.0,1.0,0.4545,0.8182
ai,A-linear-list-coloring-bound-in-terms-of-the-Hadwiger-number-September-23-2026,math.CO,2026,27,44,1.7407,0.4318,0.3182,0.4318,0.0,0.4545,0.6136,1.0682,0.0,0.6667,0.1915,30,0.2222,0.5185,0.0,0.0,0.4545,0.1591,0.3864,0.0,0.0,1.0,0.3333,0.5926
ai,A-local-Penrose-inequality-for-conformal-perturbations-of-Schwarzschild-anti-de-Sitter-data-October-5-2026,math.DG,2026,7,7,1.1429,0.2857,0.2857,0.2857,0.0,0.8571,0.8571,1.1429,0.0,0.8571,0.25,23,0.1429,0.1429,0.0,0.0,0.8571,0.0,0.1429,0.0,0.0,1.0,0.7143,1.0
ai,A-marked-tensor-obstruction-to-four-dimensional-disk-embedding-September-24-2026,math.AG,2026,15,40,2.7333,0.925,0.75,0.925,0.2,0.475,0.575,1.025,0.0,0.2667,0.1463,26,0.0667,0.4667,0.0,0.0,0.475,0.0,0.35,0.0,0.175,1.0,0.2,1.0
ai,A-negatively-pinched-Kahler-threefold-without-bounded-holomorphic-coordinates-September-25-2026,math.CV,2026,15,19,1.2667,0.7895,0.6316,0.7895,0.0,0.7895,0.8947,1,0.0,0.7333,0.1053,37,0.2,0.5333,0.0,0.0,0.7895,0.0,0.2105,0.0,0.0,1.0,0.2,0.7333
ai,A-nine-dimensional-counterexample-to-Borsuks-covering-assertion-September-23-2026,math.CO,2026,20,27,1.35,0.4815,0.4444,0.4815,0.2593,0.6296,0.7037,1,0.0,0.75,0.1111,25.0,0.05,0.35,0.0,0.0,0.6296,0.0,0.3704,0.0,0.0,1.0,0.25,0.65
ai,A-nondegenerate-counterexample-to-the-Morse-number-Arnold-bound-September-23-2026,math.SG,2026,26,33,1.3462,0.8182,0.6061,0.8182,0.0303,0.0,0.6667,1.0606,0.0303,0.7308,0.1143,25.5,0.0385,0.3462,0.0,0.0,0.0,0.0,1.0,0.0,0.0,1.0,0.2692,0.6538
ai,A-pointwise-2-converse-for-elliptic-curves-with-rational-two-torsion-September-24-2026,math.NT,2026,50,83,1.86,0.6145,0.4578,0.6265,0.5181,0.2289,0.5663,1.1205,0.0,0.6,0.1075,29.5,0.12,0.5,0.0,0.0,0.2289,0.0,0.7711,0.0,0.0,1.0,0.22,0.02
ai,A-polynomial-time-algorithm-for-three-machine-unit-job-scheduling-September-24-2026,,2026,13,18,1.4615,0.5,0.3333,0.5,0.0,0.8889,0.8889,1.0556,0.0,0.8462,0.2632,43,0.0769,0.6154,0.0,0.0,0.8889,0.0,0.1111,0.0,0.0,1.0,0.0,0.9231
ai,A-polynomial-time-construction-of-strong-thin-trees-September-23-2026,cs.DS,2026,26,58,2.5,0.6207,0.431,0.6552,0.2069,0.3103,0.5172,1.1207,0.0,0.4231,0.2154,13.0,0.2308,0.2692,0.0,0.0,0.3103,0.0,0.5172,0.0,0.1724,1.0,0.4231,0.8462
ai,A-positive-solution-to-Tingleys-problem-September-23-2026,math.OA,2026,24,27,1.1667,0.037,0.037,0.037,0.1111,0.6296,0.6667,1.037,0.0,0.8333,0.0714,23.0,0.125,0.4583,0.0,0.0,0.6296,0.0,0.2593,0.0,0.1111,1.0,0.125,0.7083
ai,A-power-improvement-in-the-Heilbronn-triangle-lower-bound-September-25-2026,math.CO,2026,18,24,1.3889,0.5833,0.1667,0.5833,0.0,0.7083,0.75,1.0417,0.0,0.7778,0.16,49.5,0.2778,0.6667,0.0,0.0,0.7083,0.0,0.25,0.0,0.0417,1.0,0.2778,0.6667
ai,A-power-saving-for-intersective-polynomial-differences-with-an-exponent-depending-only-on-the-degree-October-5-2026,math.NT,2026,14,27,1.9286,0.5926,0.4074,0.5926,0.0,0.5556,0.6667,1,0.0,0.6429,0.2963,12.5,0.2857,0.3571,0.0,0.0,0.5556,0.0,0.4444,0.0,0.0,1.0,0.5,0.9286
ai,A-power-saving-for-planar-halving-lines-September-25-2026,math.AP,2026,21,23,1.2381,0.3913,0.3043,0.3913,0.2609,0.3478,0.5217,1.1304,0.0,0.7619,0.0769,23.5,0.1,0.35,0.0,0.0,0.3478,0.0,0.6522,0.0,0.0,0.9524,0.0952,0.7143
ai,A-power-saving-for-planar-unit-distances-September-23-2026,math.CO,2026,27,32,1.3704,0.7188,0.5938,0.7188,0.25,0.4688,0.6562,1.1562,0.0312,0.7407,0.1351,19.5,0.2308,0.3462,0.0,0.0,0.4688,0.0,0.5312,0.0,0.0,0.963,0.1852,0.5185
ai,A-power-saving-for-square-difference-free-sets-September-24-2026,math.CO,2026,16,29,1.8125,0.7931,0.6207,0.7931,0.1034,0.6552,0.6552,1,0.0,0.625,0.2069,24.5,0.1875,0.5,0.0,0.0,0.6552,0.0,0.3448,0.0,0.0,1.0,0.5,0.9375
ai,A-product-counterexample-to-the-simplex-maximum-for-projection-body-volume-September-24-2026,math.MG,2026,7,9,1.2857,0.6667,0.3333,0.6667,0.0,0.8889,0.8889,1,0.0,0.7143,0.2222,11,0.4286,0.2857,0.0,0.0,0.8889,0.0,0.1111,0.0,0.0,1.0,0.1429,0.5714
ai,A-projective-fourfold-with-large-fundamental-group-and-non-Stein-universal-cover-October-5-2026,math.AG,2026,25,33,1.44,0.5152,0.2424,0.5152,0.2424,0.3636,0.5152,1.0909,0.0303,0.68,0.1111,31,0.08,0.52,0.0,0.0,0.3636,0.0,0.6364,0.0,0.0,1.0,0.04,0.84
ai,A-proof-of-Seymours-second-neighborhood-conjecture-September-23-2026,math.CO,2026,21,26,1.2381,0.2308,0.1538,0.2308,0.0769,0.6538,0.6923,1,0.0,0.8095,0.1154,17,0.2857,0.2381,0.0,0.0,0.6538,0.0,0.3462,0.0,0.0,1.0,0.2381,0.619
ai,A-quadratic-bound-for-Jacobsthals-function-September-25-2026,math.NT,2026,29,49,1.7931,0.7143,0.3878,0.7143,0.0816,0.449,0.7347,1.0612,0.0,0.4138,0.0769,16.5,0.1538,0.3846,0.0,0.0,0.449,0.0,0.4286,0.0,0.1224,0.8966,0.2069,0.6207
ai,A-radial-continuum-phase-transition-with-algebraic-decay-September-24-2026,cond-mat,2026,13,18,1.5385,0.5,0.4444,0.5,0.0,0.6667,0.7778,1.1111,0.0,0.5385,0.15,28,0.2308,0.4615,0.0,0.0,0.6667,0.0,0.3333,0.0,0.0,1.0,0.3077,0.7692
ai,A-rational-obstruction-to-strong-chromatic-splitting-at-height-three-September-25-2026,math.AT,2026,27,149,5.5185,0.8993,0.7718,0.9664,0.5168,0.1409,0.3624,1,0.0,0.4444,0.4094,8,0.2963,0.1852,0.0,0.0,0.1409,0.0,0.6107,0.0,0.2483,1.0,0.4444,0.3704
ai,A-sharp-Fourier-certificate-for-planar-circle-packing-September-23-2026,math.NT,2026,12,24,2.0,0.7917,0.4167,0.7917,0.0,0.6667,0.75,1,0.0,0.6667,0.3333,9.0,0.0833,0.0,0.0,0.0,0.6667,0.0,0.25,0.0,0.0833,1.0,0.4167,0.75
ai,A-sharp-entropy-bound-and-the-simplex-inequality-for-isotropic-constants-October-5-2026,math.MG,2026,28,28,1.2857,0.5,0.3214,0.5,0.0357,0.4643,0.75,1.2857,0.0714,0.75,0.0833,11.5,0.25,0.2143,0.0,0.0,0.4643,0.0,0.5357,0.0,0.0,1.0,0.4286,0.8929
ai,A-single-lattice-covering-bound-of-order-n-log-n-September-23-2026,math.MG,2026,9,23,2.8889,0.6087,0.5217,0.6087,0.0,0.5652,0.7826,1.1304,0.0,0.1111,0.2692,18,0.2222,0.4444,0.0,0.0,0.5652,0.0,0.4348,0.0,0.0,1.0,0.3333,0.7778
ai,A-singular-normal-affine-surface-with-free-tangent-sheaf-September-23-2026,math.AG,2026,31,44,1.4194,0.8409,0.7273,0.8409,0.3182,0.4773,0.5,1,0.0,0.7097,0.0682,25,0.129,0.4839,0.0,0.0,0.4773,0.0,0.5227,0.0,0.0,1.0,0.2258,0.7419
ai,A-smooth-three-torus-diffeomorphism-with-simple-Lebesgue-spectrum-September-23-2026,math.DS,2026,15,16,1.0667,0.625,0.4375,0.625,0.25,0.75,0.8125,1,0.0,0.9333,0.125,27,0.2,0.4667,0.0,0.0,0.75,0.0,0.25,0.0,0.0,1.0,0.1333,0.6
ai,A-spectral-gap-throughout-the-high-temperature-Sherrington-Kirkpatrick-phase-September-24-2026,math.PR,2026,24,30,1.25,0.2333,0.2333,0.2333,0.0333,0.0,0.9,1,0.0,0.7917,0.1,4.5,0.375,0.1667,0.0,0.0,0.0,0.0,1.0,0.0,0.0,1.0,0.3333,0.75
ai,A-stable-coordinate-that-is-not-a-coordinate-in-four-variables-October-5-2026,,2026,12,21,1.75,0.9524,0.5714,0.9524,0.0,0.5238,0.5714,1,0.0,0.5833,0.1905,16.0,0.0833,0.0,0.0,0.0,0.5238,0.0,0.4762,0.0,0.0,1.0,0.0,0.0
ai,A-strict-four-row-permanent-inequality-and-permutation-moments-September-26-2026,math.PR,2026,18,19,1.2778,0.3684,0.3158,0.3684,0.1579,0.6842,0.7368,1.2105,0.0526,0.7778,0.1304,21.0,0.0556,0.2778,0.0,0.0,0.6842,0.0,0.3158,0.0,0.0,1.0,0.5,0.6667
ai,A-strict-inverse-first-power-bound-for-univalent-functions-September-24-2026,math.CV,2026,15,18,1.2667,0.5,0.2222,0.5,0.1667,0.7222,0.7778,1.0556,0.0,0.7333,0.1053,26,0.0667,0.3333,0.0,0.0,0.7222,0.0,0.2778,0.0,0.0,1.0,0.2,0.6
ai,A-superquadratic-separation-between-sensitivity-and-block-sensitivity-September-25-2026,cs.CC,2026,11,16,1.4545,0.625,0.3125,0.625,0.0625,0.8125,0.8125,1,0.0,0.7273,0.1875,13,0.0909,0.2727,0.0,0.0,0.8125,0.0,0.1875,0.0,0.0,1.0,0.3636,0.9091
ai,A-surface-counterexample-to-Shafarevich-holomorphic-convexity-September-23-2026,math.AG,2026,27,41,1.5185,0.6829,0.439,0.6829,0.1951,0.6585,0.7561,1,0.0,0.6296,0.0976,23,0.2222,0.3333,0.0,0.0,0.6585,0.0,0.3415,0.0,0.0,1.0,0.2963,0.5185
ai,A-translational-tile-with-no-fully-periodic-tiling-in-dimension-three-September-23-2026,math.CO,2026,10,19,1.9,0.9474,0.7368,0.9474,0.0,0.5263,0.6316,1,0.0,0.6,0.2632,4.0,0.5,0.3,0.0,0.0,0.5263,0.0,0.4737,0.0,0.0,1.0,0.7,1.0
ai,A-two-dimensional-area-law-from-a-global-spectral-gap-September-24-2026,quant-ph,2026,41,56,1.5366,0.3393,0.25,0.3393,0.1071,0.5357,0.7321,1.125,0.0179,0.4878,0.0476,16.0,0.05,0.2,0.0,0.0,0.5357,0.0,0.4643,0.0,0.0,0.9756,0.7317,0.9024
ai,A-typical-start-upper-bound-for-low-temperature-SK-Glauber-dynamics-September-24-2026,math.PR,2026,19,34,1.7895,0.9412,0.7941,0.9412,0.1765,0.5588,0.7059,1,0.0,0.4211,0.1765,9,0.3684,0.1579,0.0,0.0,0.5588,0.0,0.4412,0.0,0.0,1.0,0.5789,0.6842
ai,A-uniform-Hilbert-transform-estimate-for-Lipschitz-directions-September-25-2026,math.CA,2026,29,36,1.4828,0.5556,0.5556,0.5556,0.2222,0.0,0.75,1.1944,0.0278,0.6897,0.093,16,0.0,0.2414,0.0,0.0,0.0,0.0,1.0,0.0,0.0,1.0,0.5517,0.7586
ai,A-uniform-influence-bound-for-hypergraph-properties-October-5-2026,cs.DM,2026,10,15,1.6,0.6,0.4667,0.6,0.2,0.5333,0.5333,1.0667,0.0,0.7,0.25,36.0,0.1,0.7,0.0,0.0,0.5333,0.0,0.4667,0.0,0.0,1.0,0.1,0.0
ai,A-universal-group-of-type-F-infinity-September-23-2026,math.GR,2026,9,18,2.1111,0.7222,0.5556,0.7222,0.3333,0.3889,0.5556,1.0556,0.0,0.5556,0.2632,51,0.2222,0.5556,0.0,0.0,0.3889,0.0,0.6111,0.0,0.0,1.0,0.1111,0.6667
ai,Abelian-covers-Gale-correspondences-and-the-Hodge-conjecture-for-powers-September-30-2026,math.AG,2026,22,43,2.0,0.7674,0.6279,0.7674,0.186,0.4651,0.6977,1.0233,0.0,0.5,0.1591,36.0,0.1818,0.5909,0.0,0.0,0.4651,0.0,0.5349,0.0,0.0,1.0,0.3182,0.5909
ai,Absolutely-Continuous-Spectrum-for-Weak-Disorder-Anderson-Models-in-Dimensions-at-Least-Three-September-23-2026,math-ph,2026,28,34,1.2857,0.5,0.3824,0.5,0.3529,0.4706,0.5588,1.0588,0.0,0.8214,0.1111,19.5,0.1071,0.3571,0.0,0.0,0.4706,0.0,0.5294,0.0,0.0,1.0,0.3929,0.7857
ai,Abundance-after-nonvanishing-for-compact-Kahler-fourfolds-September-27-2026,math.AG,2026,55,186,3.4364,0.8602,0.7581,0.9355,0.6452,0.1075,0.3172,1.0161,0.0054,0.4,0.2169,14,0.2642,0.3396,0.0,0.0,0.1075,0.0215,0.871,0.0,0.0,0.9636,0.3273,0.3818
ai,Abundance-in-numerical-dimension-one-for-terminal-threefolds-in-positive-characteristic-September-24-2026,math.AG,2026,34,63,1.9412,0.746,0.6032,0.746,0.3016,0.3016,0.5873,1.0476,0.0159,0.6471,0.1212,17.0,0.1765,0.2647,0.0,0.0,0.3016,0.0,0.6984,0.0,0.0,1.0,0.4412,0.7059
ai,Additive-hardness-and-unbounded-configuration-gaps-in-bin-packing-September-24-2026,cs.DS,2026,22,22,1.1364,0.2727,0.0909,0.2727,0.0,0.7727,0.8182,1.1364,0.0,0.8636,0.08,15.5,0.0909,0.3636,0.0,0.0,0.7727,0.0,0.2273,0.0,0.0,1.0,0.0455,0.8182
ai,Algebraic-Kuga-Satake-correspondences-and-Hodge-conjectures-on-a-K3-quadratic-locus-September-30-2026,math.AG,2026,43,74,1.7674,0.8649,0.7568,0.8649,0.6216,0.2432,0.3784,1.027,0.0,0.6279,0.0658,24,0.1628,0.4186,0.0,0.0,0.2432,0.0,0.7568,0.0,0.0,1.0,0.3953,0.7674
ai,Algebraicity-of-Kuga-Satake-Correspondences-for-K3-Surfaces-October-3-2026,math.AG,2026,55,94,1.8364,0.7128,0.4362,0.734,0.4468,0.2234,0.3085,1.0745,0.0,0.6545,0.0891,13.5,0.2778,0.2593,0.0,0.0,0.2234,0.0,0.7766,0.0,0.0,0.9818,0.1455,0.0
ai,Algebraicity-of-Weil-classes-on-split-abelian-eightfolds-September-18-2026,math.SG,2026,29,39,1.3793,0.5897,0.4615,0.5897,0.5641,0.0769,0.3077,1.0256,0.0,0.6897,0.075,13,0.2069,0.1724,0.0,0.0,0.0769,0.0,0.9231,0.0,0.0,1.0,0.4828,0.4483
ai,All-temperature-pressure-for-orthogonally-invariant-Ising-spin-glasses-September-25-2026,math.PR,2026,28,39,1.6071,0.5641,0.4872,0.5641,0.1026,0.4872,0.7436,1.1538,0.0256,0.6071,0.1111,22.0,0.2143,0.2857,0.0,0.0,0.4872,0.0,0.5128,0.0,0.0,1.0,0.5714,0.7857
ai,Almost-Linear-Time-Maximum-Cardinality-Matching-in-Sparse-General-Graphs-September-24-2026,cs.DS,2026,39,62,1.7436,0.4516,0.2742,0.4516,0.1452,0.4677,0.5806,1.0968,0.0,0.6154,0.1471,22,0.1795,0.4872,0.0,0.0,0.4677,0.0645,0.4677,0.0,0.0,1.0,0.3846,0.8205
ai,Almost-everywhere-Fourier-convergence-in-L-log-L-September-23-2026,math.CA,2026,23,24,1.1739,0.4167,0.2083,0.4167,0.0833,0.6667,0.75,1.125,0.0,0.8261,0.0741,29,0.0435,0.4783,0.0,0.0,0.6667,0.0417,0.2917,0.0,0.0,1.0,0.1304,0.8261
ai,Almost-everywhere-regularity-of-stationary-integral-varifolds-September-23-2026,math.DG,2026,19,41,2.1579,0.8293,0.5854,0.8293,0.2927,0.4878,0.6098,1,0.0,0.5263,0.225,14,0.2632,0.3158,0.0,0.0,0.4878,0.0,0.439,0.0732,0.0,1.0,0.3158,0.5789
ai,Ambiently-homeomorphic-isolated-hypersurface-germs-in-C4-with-multiplicities-four-and-five-September-27-2026,math.AG,2026,24,32,1.5,0.6875,0.5312,0.6875,0.2812,0.5938,0.6562,1.125,0.0,0.5833,0.1111,39.5,0.0833,0.5833,0.0,0.0,0.5938,0.0,0.4062,0.0,0.0,1.0,0.0833,0.625
ai,Ambiently-homeomorphic-isolated-hypersurfaces-of-multiplicities-two-and-three-September-24-2026,math.AG,2026,41,72,2.0732,0.6111,0.5417,0.6111,0.2361,0.0,0.5278,1.1806,0.0556,0.439,0.0706,40,0.1463,0.6341,0.0,0.0,0.0,0.3333,0.6667,0.0,0.0,1.0,0.1707,0.561
ai,An-Almost-Linear-Approximation-Scheme-for-Edit-Distance-September-24-2026,cs.DS,2026,29,36,1.3793,0.2778,0.2222,0.2778,0.0556,0.6667,0.8333,1.1111,0.0,0.7586,0.125,16,0.1379,0.2759,0.0,0.0,0.6667,0.0,0.3333,0.0,0.0,1.0,0.2069,0.7586
ai,An-Artin-group-with-no-geometric-CAT-0-action-September-23-2026,math.GR,2026,18,26,1.4444,0.8846,0.7692,0.9231,0.0,0.5,0.6923,1,0.0,0.7222,0.1538,25,0.0588,0.1765,0.0,0.0,0.5,0.0,0.5,0.0,0.0,0.9444,0.3333,0.7222
ai,An-Endpoint-Gradient-Bound-for-the-Centered-Disk-Maximal-Operator-September-26-2026,math.CA,2026,20,36,1.85,0.8333,0.75,0.8333,0.25,0.5833,0.6111,1.0278,0.0,0.45,0.1081,10.0,0.2,0.05,0.0,0.0,0.5833,0.0,0.25,0.0,0.1667,1.0,0.2,0.7
ai,An-Exact-Semidefinite-Lift-of-a-Nonspectrahedral-Hyperbolicity-Cone-October-5-2026,math.OC,2026,9,8,1.2222,0.125,0.0,0.125,0.0,0.875,0.875,1.375,0.0,0.7778,0.1818,19,0.2222,0.2222,0.0,0.0,0.875,0.0,0.125,0.0,0.0,1.0,0.4444,0.7778
ai,An-FPRAS-for-Cell-Bounded-Contingency-Tables-September-24-2026,math.CO,2026,24,39,1.7083,0.5641,0.4103,0.5641,0.0256,0.5897,0.6923,1.0513,0.0,0.5833,0.0976,20.5,0.25,0.2083,0.0,0.0,0.5897,0.0,0.4103,0.0,0.0,1.0,0.0833,0.625
ai,An-FPRAS-for-Common-Integer-Polymatroid-Bases-with-Binary-Capacities-October-5-2026,cs.DS,2026,22,50,2.3636,0.46,0.4,0.46,0.2,0.46,0.68,1.04,0.0,0.5,0.2308,22.0,0.1818,0.3182,0.0,0.0,0.46,0.0,0.54,0.0,0.0,1.0,0.0909,0.7727
ai,An-Infinite-Finitely-Presented-Simple-Amenable-Group-September-23-2026,math.GR,2026,23,40,1.8261,0.75,0.525,0.75,0.175,0.55,0.725,1.05,0.025,0.4348,0.0952,12,0.1739,0.1739,0.0,0.0,0.55,0.0,0.45,0.0,0.0,1.0,0.3043,0.913
ai,An-Integral-Counterexample-to-Gerstens-Conjecture-September-25-2026,math.KT,2026,27,58,2.1481,0.8103,0.6034,0.8448,0.5172,0.2069,0.3793,1,0.0,0.6296,0.2069,23,0.1852,0.2963,0.0,0.0,0.2069,0.0,0.7069,0.0,0.0862,1.0,0.1481,0.5185
ai,An-Integral-Degree-Three-Gersten-Counterexample-September-26-2026,math.KT,2026,16,34,2.25,0.8529,0.5882,0.8529,0.5294,0.4412,0.4412,1.0588,0.0294,0.4375,0.2222,23.5,0.1875,0.375,0.0,0.0,0.4412,0.0,0.5588,0.0,0.0,1.0,0.1875,0.0
ai,An-Irrational-Trace-Counterexample-to-Reduced-Baum-Connes-September-23-2026,math.GR,2026,24,28,1.25,0.6786,0.5714,0.6786,0.3214,0.7143,0.7143,1.0714,0.0,0.8333,0.1333,24.0,0.0417,0.2917,0.0,0.0,0.7143,0.0,0.2857,0.0,0.0,1.0,0.125,0.9167
ai,An-Isolated-Particle-Pole-for-the-Two-Dimensional-O3-Spin-Field-October-4-2026,math.PR,2026,19,32,2.1053,0.3125,0.2812,0.3125,0.0938,0.4688,0.75,1.25,0.0312,0.3684,0.25,52,0.1053,0.8421,0.0,0.0,0.4688,0.0,0.5312,0.0,0.0,1.0,0.1053,0.8947
ai,An-L2-Einstein-Gap-for-Nonnegatively-Curved-Four-Manifolds-October-5-2026,math.DG,2026,18,23,1.3889,0.3478,0.2609,0.3478,0.3478,0.6087,0.6087,1.087,0.0,0.6111,0.08,21.5,0.1111,0.2778,0.0,0.0,0.6087,0.0,0.3913,0.0,0.0,1.0,0.1667,0.8333
ai,An-L3-bound-for-the-dyadic-triangular-Hilbert-form-October-5-2026,math.CA,2026,10,17,1.7,1.0,0.7059,1.0,0.1176,0.6471,0.6471,1,0.0,0.5,0.1765,10.5,0.1,0.2,0.0,0.0,0.6471,0.0,0.3529,0.0,0.0,1.0,0.7,0.6
ai,An-L3-bound-for-the-trilinear-Hilbert-transform-October-5-2026,math.CA,2026,11,14,1.4545,0.6429,0.5714,0.6429,0.2143,0.4286,0.8571,1.1429,0.0,0.7273,0.25,15,0.2727,0.0,0.0,0.0,0.4286,0.0,0.5714,0.0,0.0,1.0,0.8182,0.2727
ai,An-algebra-of-infinite-little-finitistic-dimension-September-23-2026,math.RA,2026,15,25,1.6667,0.64,0.52,0.64,0.12,0.48,0.52,1,0.0,0.6667,0.2,22,0.2,0.3333,0.0,0.0,0.48,0.0,0.52,0.0,0.0,1.0,0.4667,0.7333
ai,An-asymptotic-formula-for-the-number-of-totients-September-25-2026,math.NT,2026,14,36,2.5714,0.8056,0.3611,0.8056,0.0833,0.4722,0.7222,1,0.0,0.6429,0.4444,39.0,0.1429,0.6429,0.0,0.0,0.4722,0.0,0.5278,0.0,0.0,1.0,0.0714,0.3571
ai,An-atomic-certificate-for-triangular-lattice-universal-optimality-September-26-2026,math.MG,2026,23,32,1.6087,0.875,0.6875,0.875,0.0625,0.5938,0.7188,1.1562,0.0312,0.6522,0.1351,13,0.2174,0.3913,0.0,0.0,0.5938,0.0,0.375,0.0,0.0312,1.0,0.3043,0.7391
ai,An-exact-Hausdorff-gauge-for-SLE-September-25-2026,math.PR,2026,18,38,2.1667,0.8947,0.8158,0.9211,0.0,0.4474,0.6842,1.0263,0.0,0.3889,0.1026,11.0,0.1111,0.0,0.0,0.0,0.4474,0.0,0.5526,0.0,0.0,1.0,0.7222,0.7778
ai,An-explicit-counterexample-to-the-Auslander-Reiten-conjecture-September-23-2026,math.RT,2026,24,33,1.375,0.7576,0.3939,0.7576,0.0303,0.7576,0.7879,1,0.0,0.625,0.0606,16.5,0.25,0.1667,0.0,0.0,0.7576,0.0,0.2424,0.0,0.0,1.0,0.7083,0.875
ai,An-explicit-exact-Hausdorff-gauge-for-SLE-September-26-2026,math.PR,2026,20,35,1.75,1.0,0.8,1.0,0.2857,0.4857,0.8857,1,0.0,0.5,0.1143,13.0,0.1,0.1,0.0,0.0,0.4857,0.0,0.5143,0.0,0.0,1.0,0.7,0.85
ai,An-explicit-failure-of-complex-affine-space-cancellation-September-23-2026,math.AC,2026,26,43,1.7692,0.7442,0.4651,0.7442,0.2093,0.5116,0.6279,1.0698,0.0,0.4231,0.087,24.0,0.0769,0.4231,0.0,0.0,0.5116,0.0,0.4884,0.0,0.0,1.0,0.1154,0.7692
ai,An-explicit-noncoordinate-polynomial-with-affine-three-space-zero-fibre-September-24-2026,math.AG,2026,13,14,1.1538,0.7143,0.4286,0.7143,0.0714,0.9286,0.7857,1.0714,0.0,0.8462,0.1333,25,0.2308,0.3846,0.0,0.0,0.9286,0.0,0.0714,0.0,0.0,1.0,0.3846,0.6923
ai,An-explicit-obstruction-to-nuclear-norm-ultrapower-embeddings-September-23-2026,math.OA,2026,16,29,1.875,0.7586,0.3793,0.7586,0.1034,0.0,0.6897,1.0345,0.0,0.625,0.2333,22.5,0.25,0.375,0.0,0.0,0.0,0.0,1.0,0.0,0.0,1.0,0.4375,0.8125
ai,An-explicit-power-saving-for-the-exact-discrete-Fourier-transform-September-25-2026,cs.CC,2026,16,28,1.75,0.5357,0.25,0.5357,0.0,0.5714,0.6071,1,0.0,0.6875,0.25,30.0,0.3125,0.5,0.0,0.0,0.5714,0.0,0.2857,0.0,0.1429,1.0,0.1875,0.6875
ai,An-exponential-state-lower-bound-for-two-way-nondeterministic-complementation-September-25-2026,,2026,8,17,2.125,0.7647,0.4118,0.7647,0.1176,0.6471,0.7059,1,0.0,0.25,0.2353,19.5,0.25,0.25,0.0,0.0,0.6471,0.0,0.3529,0.0,0.0,1.0,0.0,0.875
ai,An-exponential-two-way-deterministic-state-lower-bound-for-one-way-liveness-September-25-2026,cs.FL,2026,17,19,1.4118,0.2105,0.0526,0.2105,0.0,0.6316,0.8421,1.2632,0.0,0.6471,0.125,26,0.1765,0.4118,0.0,0.0,0.6316,0.0,0.3684,0.0,0.0,1.0,0.1176,0.8824
ai,An-infinite-finitely-presented-periodic-group-September-23-2026,math.GR,2026,24,34,1.5833,0.6765,0.3529,0.6765,0.0294,0.5588,0.5588,1.1176,0.0,0.5417,0.0789,34.5,0.0833,0.5417,0.0,0.0,0.5588,0.0,0.4412,0.0,0.0,1.0,0.0833,0.7083
ai,An-infinite-finitely-presented-residually-finite-2-group-October-5-2026,math.GR,2026,20,34,1.75,0.6471,0.5,0.6471,0.1765,0.4412,0.5588,1.0294,0.0,0.7,0.2857,45.0,0.1,0.7,0.0,0.0,0.4412,0.0,0.5588,0.0,0.0,1.0,0.05,0.0
ai,An-integral-scalar-curvature-bound-for-real-simplicial-volume-October-5-2026,math.DG,2026,25,39,1.76,0.7436,0.4872,0.7949,0.1282,0.3077,0.6667,1.1282,0.0256,0.6,0.1818,25,0.16,0.48,0.0,0.0,0.3077,0.0,0.6923,0.0,0.0,1.0,0.24,0.64
ai,An-isomorphism-of-the-free-group-factors-September-23-2026,math.OA,2026,17,35,2.1176,0.7714,0.4857,0.7714,0.1429,0.4857,0.5429,1.0286,0.0,0.2941,0.1111,24,0.1765,0.4118,0.0,0.0,0.4857,0.0571,0.4571,0.0,0.0,1.0,0.4706,0.8824
ai,An-unconditional-first-moment-for-cubic-Gauss-sums-September-25-2026,math.NT,2026,18,39,2.1667,0.6667,0.5641,0.6667,0.1538,0.3077,0.7179,1,0.0,0.6667,0.3333,26,0.1176,0.4118,0.0,0.0,0.3077,0.4103,0.0769,0.0,0.2051,0.9444,0.1667,0.9444
ai,Annular-variation-of-the-triangular-Hilbert-transform-at-the-symmetric-point-October-5-2026,math.CA,2026,22,21,1.1364,0.5238,0.2857,0.5238,0.1429,0.7143,0.9048,1.1905,0.0,0.8636,0.08,11.0,0.0909,0.2273,0.0,0.0,0.7143,0.0,0.2857,0.0,0.0,1.0,0.7273,0.7273
ai,Anticanonical-nonvanishing-from-smooth-semipositivity-September-26-2026,math.AG,2026,20,39,2.0,0.7436,0.6154,0.7436,0.4103,0.4359,0.6923,1.0256,0.0,0.4,0.15,12.0,0.2,0.3,0.0,0.0,0.4359,0.0,0.5641,0.0,0.0,1.0,0.5,0.75
ai,Approximate-counting-of-common-bases-of-two-matroids-September-23-2026,cs.DS,2026,21,31,1.5238,0.5806,0.4194,0.5806,0.0968,0.5484,0.7097,1.0323,0.0,0.7143,0.0938,10,0.2381,0.2381,0.0,0.0,0.5484,0.0,0.4516,0.0,0.0,1.0,0.4762,0.4286
ai,Approximation-Paving-over-Arbitrary-Maximal-Abelian-Subalgebras-September-25-2026,math.OA,2026,21,46,2.2381,0.6304,0.6087,0.6739,0.3478,0.3261,0.5435,1.0217,0.0,0.5714,0.2128,14,0.0476,0.3333,0.0,0.0,0.3261,0.0,0.6739,0.0,0.0,1.0,0.5238,0.7143
ai,Area-controlled-end-replacement-and-the-Bondi-Penrose-inequality-in-the-CKS-class-September-27-2026,math.DG,2026,17,27,1.6471,0.7778,0.7037,0.7778,0.0741,0.0,0.8519,1.037,0.0,0.6471,0.1786,10,0.1765,0.1176,0.0,0.0,0.0,0.0,1.0,0.0,0.0,1.0,0.7059,0.6471
ai,Arithmetic-Stein-degree-bounds-for-log-Calabi-Yau-pairs-September-25-2026,math.AG,2026,10,14,1.6,0.7143,0.7143,0.7143,0.3571,0.2857,0.6429,1.1429,0.0714,0.4,0.125,10.0,0.3,0.0,0.0,0.0,0.2857,0.3571,0.3571,0.0,0.0,1.0,0.3,0.6
ai,Arithmetic-classification-and-non-Pisot-singularity-for-Bernoulli-convolutions-October-3-2026,math.PR,2026,18,20,1.1667,0.35,0.3,0.35,0.0,0.65,0.7,1.05,0.0,0.8889,0.1429,26.5,0.2222,0.4444,0.0,0.0,0.65,0.0,0.35,0.0,0.0,1.0,0.1111,0.8889
ai,Arithmeticity-of-twisted-finite-correspondences-for-lattices-over-local-fields-September-23-2026,math.OA,2026,66,84,1.5303,0.6071,0.5476,0.6071,0.4762,0.2976,0.6548,1.2024,0.0357,0.6364,0.0594,31.5,0.1515,0.5152,0.0,0.0,0.2976,0.0,0.7024,0.0,0.0,1.0,0.197,0.6667
ai,Asymptotic-midpoint-uniform-convexity-and-unbounded-diamond-distortion-in-a-reflexive-tree-space-September-27-2026,math.FA,2026,14,23,1.6429,1.0,0.6522,1.0,0.0,0.6957,0.6522,1,0.0,0.6429,0.2174,9.5,0.2857,0.0714,0.0,0.0,0.6957,0.0,0.3043,0.0,0.0,1.0,0.6429,0.8571
ai,Asymptotically-minimal-maxima-of-real-Littlewood-polynomials-September-23-2026,math.CA,2026,23,40,2.0435,0.7,0.525,0.775,0.025,0.525,0.575,1.175,0.075,0.3913,0.1277,17,0.2174,0.3478,0.0,0.0,0.525,0.0,0.275,0.0,0.2,1.0,0.3913,0.6087
ai,Average-Sensitivity-of-Polynomial-Threshold-Functions-September-25-2026,cs.CC,2026,12,18,1.5,0.8889,0.6667,0.8889,0.1667,0.5556,0.5556,1,0.0,0.6667,0.1667,12.0,0.1667,0.0833,0.0,0.0,0.5556,0.0,0.4444,0.0,0.0,1.0,0.75,0.75
ai,B-semiampleness-for-compact-log-smooth-Kahler-fibrations-September-10-2026,math.AG,2026,18,40,2.2778,0.775,0.65,0.85,0.6,0.2,0.475,1.025,0.0,0.6111,0.2439,29.5,0.2222,0.5,0.0,0.0,0.2,0.0,0.8,0.0,0.0,1.0,0.3889,0.6667
ai,BKT-universality-for-height-and-planar-spin-fields-September-24-2026,math.PR,2026,36,46,1.4722,0.1087,0.087,0.1304,0.087,0.587,0.6957,1.1522,0.0217,0.6944,0.0755,13.0,0.2222,0.3611,0.0,0.0,0.587,0.0,0.413,0.0,0.0,1.0,0.5833,0.7778
ai,Backward-intertwiners-and-a-transitive-commutant-September-27-2026,math.FA,2026,9,16,1.7778,0.25,0.1875,0.25,0.0625,0.75,0.75,1,0.0,0.6667,0.375,27,0.3333,0.4444,0.0,0.0,0.75,0.0,0.25,0.0,0.0,1.0,0.1111,0.7778
ai,Balanced-Counterexamples-to-Rysers-Conjecture-at-Prime-Orders-September-27-2026,math.CO,2026,20,29,1.45,0.4483,0.2414,0.4483,0.0,0.6897,0.7586,1,0.0,0.65,0.1379,9.0,0.2,0.25,0.0,0.0,0.6897,0.0,0.2759,0.0,0.0345,1.0,0.55,0.7
ai,Baumslag-Solitar-free-one-relator-groups-are-hyperbolic-September-25-2026,math.GR,2026,22,53,2.4545,0.7925,0.717,0.8302,0.3019,0.4528,0.566,1.0189,0.0,0.3636,0.2037,19.0,0.3636,0.2727,0.0,0.0,0.4528,0.0,0.5472,0.0,0.0,1.0,0.5455,0.9545
ai,Beyond-the-Square-Root-Exponent-for-Depth-Three-Boolean-Circuits-September-23-2026,cs.CC,2026,12,22,1.8333,0.9545,0.4545,0.9545,0.0455,0.6364,0.6818,1,0.0,0.5,0.1364,26.5,0.1667,0.4167,0.0,0.0,0.6364,0.0,0.3636,0.0,0.0,1.0,0.0833,0.8333
ai,Bi-Lipschitz-Absorption-of-c0-Without-a-Linear-Copy-of-c0-September-26-2026,math.FA,2026,14,20,1.5,0.7,0.45,0.7,0.05,0.7,0.8,1.05,0.0,0.6429,0.1905,28.0,0.2143,0.5,0.0,0.0,0.7,0.0,0.3,0.0,0.0,1.0,0.2143,0.7143
ai,Bi-Lipschitz-Coordinates-at-Regular-Points-of-Noncollapsed-RCD-Spaces-September-25-2026,math.DG,2026,29,50,1.9655,0.68,0.58,0.68,0.42,0.42,0.78,1.14,0.02,0.4828,0.1053,11,0.1379,0.0345,0.0,0.0,0.42,0.0,0.58,0.0,0.0,1.0,0.6897,0.8966
ai,Blochs-Conjecture-for-Surfaces-with-pg-equals-q-equals-0-September-24-2026,math.AG,2026,35,72,2.1429,0.6806,0.5278,0.6806,0.4028,0.3611,0.5278,1.0417,0.0,0.4286,0.08,19,0.0857,0.2571,0.0,0.0,0.3611,0.0,0.5278,0.1111,0.0,1.0,0.4286,0.8
ai,Blochs-Law-for-Finite-Range-Heisenberg-Ferromagnets-in-Three-Dimensions-October-5-2026,cond-mat,2026,17,37,2.2941,0.5135,0.4054,0.5135,0.2703,0.4865,0.6486,1.0541,0.0,0.6471,0.4103,35,0.1765,0.6471,0.0,0.0,0.4865,0.0,0.5135,0.0,0.0,1.0,0.0588,0.8235
ai,Bochner-Riesz-Multipliers-in-Three-Dimensions-September-24-2026,math.CA,2026,42,45,1.381,0.2,0.1556,0.2222,0.0444,0.7556,0.8667,1.2889,0.0,0.7143,0.0862,16.0,0.3095,0.381,0.0,0.0,0.7556,0.0,0.2444,0.0,0.0,1.0,0.4286,0.8333
ai,Bose-Einstein-condensation-at-positive-temperature-in-the-dilute-hard-sphere-gas-October-5-2026,math-ph,2026,41,68,2.0244,0.5,0.2794,0.5,0.1618,0.5147,0.7353,1.2206,0.0735,0.5854,0.1807,13,0.2683,0.2439,0.0,0.0,0.5147,0.0,0.4853,0.0,0.0,1.0,0.6098,0.7561
ai,Boundary-graph-deformations-for-the-spacetime-Penrose-inequality-September-27-2026,gr-qc,2026,42,87,2.2381,0.6667,0.5172,0.6782,0.4598,0.2989,0.4713,1.0805,0.0,0.475,0.1277,25.0,0.1429,0.4524,0.0,0.0,0.2989,0.0,0.7011,0.0,0.0,1.0,0.4048,0.8333
ai,Bounded-Step-Walks-on-Gaussian-Primes-September-26-2026,,2026,14,21,1.5,0.8095,0.5714,0.8095,0.2857,0.0,0.6667,1,0.0,0.7143,0.2381,26.0,0.0714,0.2857,0.0,0.0,0.0,0.0,1.0,0.0,0.0,1.0,0.0,0.7143
ai,Bounded-anticanonical-metrics-on-klt-pairs-and-torus-quotients-September-26-2026,math.AG,2026,30,56,1.9333,0.5536,0.5357,0.5536,0.25,0.4643,0.5357,1.0357,0.0,0.3667,0.1034,17.5,0.2,0.3667,0.0,0.0,0.4643,0.0,0.5357,0.0,0.0,1.0,0.4333,0.7333
ai,Bounded-degree-coboundary-expanders-in-every-dimension-September-24-2026,math.CO,2026,25,39,1.56,0.4872,0.4359,0.4872,0.0256,0.6154,0.6154,1,0.0,0.76,0.2308,7,0.32,0.08,0.0,0.0,0.6154,0.0,0.3846,0.0,0.0,1.0,0.16,0.8
ai,Bounded-klt-complements-for-Fano-contractions-September-25-2026,math.AG,2026,42,92,2.3333,0.8152,0.7935,0.8587,0.4783,0.2609,0.5,1.0652,0.0109,0.381,0.102,13.0,0.1667,0.0952,0.0,0.0,0.2609,0.0,0.6957,0.0435,0.0,1.0,0.6667,0.7143
ai,Bounded-recovery-for-modular-spectral-averages-September-23-2026,math.OA,2026,16,37,2.4375,0.8108,0.7297,0.8108,0.2162,0.5946,0.6216,1.0541,0.0,0.4375,0.1795,14.0,0.25,0.3125,0.0,0.0,0.5946,0.0,0.4054,0.0,0.0,1.0,0.5625,0.75
ai,Bounded-scalar-curvature-and-smooth-extension-of-four-dimensional-Ricci-flow-September-24-2026,math.DG,2026,31,40,1.4839,0.5,0.45,0.5,0.025,0.425,0.775,1.15,0.025,0.6452,0.087,21,0.1613,0.3871,0.0,0.0,0.425,0.0,0.575,0.0,0.0,1.0,0.3871,0.8387
ai,Boundedness-and-persistence-of-weakly-reversible-mass-action-systems-September-25-2026,math.DS,2026,18,27,1.5556,0.3704,0.3333,0.3704,0.0,0.6667,0.6667,1.037,0.0,0.5,0.1071,15.0,0.0556,0.3333,0.0,0.0,0.6667,0.0,0.3333,0.0,0.0,1.0,0.2778,0.8333
ai,Brennans-conjecture-and-sharp-inverse-square-integral-means-September-24-2026,math.CV,2026,25,36,1.52,0.7778,0.5,0.7778,0.2778,0.6389,0.6944,1.0556,0.0,0.68,0.1053,20,0.2,0.32,0.0,0.0,0.6389,0.0,0.3611,0.0,0.0,1.0,0.28,0.68
ai,Brownian-continuum-random-tree-limits-of-finite-Fortuin-Kasteleyn-maps-above-four-September-24-2026,math.PR,2026,21,45,2.2381,0.5111,0.1556,0.5111,0.0444,0.5556,0.6444,1.0444,0.0,0.2857,0.1915,14,0.2381,0.2381,0.0,0.0,0.5556,0.0,0.4444,0.0,0.0,1.0,0.1905,0.7143
ai,Buffered-comparison-and-stopping-band-resolution-in-critical-Ising-September-23-2026,math.PR,2026,14,36,2.8571,0.5278,0.4444,0.6667,0.5556,0.25,0.5833,1.1111,0.0278,0.2143,0.2,16.0,0.1429,0.3571,0.0,0.0,0.25,0.0,0.75,0.0,0.0,1.0,0.3571,0.7857
ai,Canonical-ampleness-of-compact-hyperbolic-Kahler-manifolds-September-23-2026,math.DG,2026,33,44,1.5758,0.5455,0.5,0.5682,0.2727,0.4318,0.4545,1.1818,0.0227,0.6061,0.0769,20,0.1212,0.3636,0.0,0.0,0.4318,0.0,0.5682,0.0,0.0,1.0,0.3333,0.6667
ai,Canonical-conformal-limits-of-subcritical-FK-planar-maps-September-24-2026,math.PR,2026,42,115,2.9048,0.7478,0.5826,0.7826,0.6174,0.1826,0.4348,1.0609,0.0087,0.4524,0.1167,7.0,0.1905,0.1667,0.0,0.0,0.1826,0.0,0.8174,0.0,0.0,1.0,0.7143,0.6429
ai,Cap-selected-amplitudes-and-triangle-chords-for-honeycomb-walks-September-26-2026,math-ph,2026,19,19,1.1053,0.1579,0.1579,0.1579,0.2105,0.4211,0.5789,1.1053,0.0,0.8947,0.0952,29,0.0526,0.4737,0.0,0.0,0.4211,0.0,0.5789,0.0,0.0,1.0,0.3158,0.8947
ai,Cardys-formula-for-critical-Poisson-Voronoi-percolation-September-23-2026,math.PR,2026,22,33,1.5455,0.5758,0.3939,0.5758,0.1818,0.6364,0.8788,1.0303,0.0,0.6364,0.1765,22.5,0.1364,0.3182,0.0,0.0,0.6364,0.0,0.3636,0.0,0.0,1.0,0.4091,0.6364
ai,Catalans-constant-is-irrational-September-24-2026,math.NT,2026,28,37,1.3214,0.7568,0.6486,0.7568,0.0541,0.7027,0.7297,1,0.0,0.7143,0.0811,13,0.1481,0.1481,0.0,0.0,0.7027,0.0,0.1892,0.1081,0.0,0.9643,0.5,0.6071
ai,Choiceless-polynomial-time-with-counting-does-not-capture-polynomial-time-September-23-2026,cs.LO,2026,25,36,1.48,0.8333,0.3889,0.8333,0.0833,0.6667,0.6944,1.0278,0.0,0.68,0.1081,17,0.08,0.28,0.0,0.0,0.6667,0.0,0.3333,0.0,0.0,1.0,0.24,0.8
ai,Classical-capacity-and-entropy-inequalities-for-generalized-amplitude-damping-September-24-2026,quant-ph,2026,19,30,1.6842,0.6333,0.5,0.6333,0.0333,0.6,0.6333,1.0667,0.0,0.6842,0.2188,23,0.1053,0.1053,0.0,0.0,0.6,0.0,0.4,0.0,0.0,1.0,0.3158,0.8421
ai,Close-Separable-Cstar-Algebras-Without-Spatial-Conjugacy-October-5-2026,,2026,7,9,1.4286,0.3333,0.3333,0.3333,0.0,0.8889,0.8889,1.1111,0.0,0.5714,0.2,40,0.0,0.5714,0.0,0.0,0.8889,0.0,0.1111,0.0,0.0,1.0,0.0,1.0
ai,Cohomological-transfer-and-equivariant-anticanonical-sections-September-26-2026,math.AG,2026,31,65,2.129,0.7692,0.7538,0.7692,0.4923,0.4,0.5077,1.0154,0.0,0.3871,0.1212,14,0.1935,0.2903,0.0,0.0,0.4,0.0,0.6,0.0,0.0,1.0,0.3548,0.6774
ai,Combinatorial-Invariance-of-Kazhdan-Lusztig-Polynomials-September-24-2026,math.RT,2026,31,73,2.7419,0.726,0.4795,0.726,0.3151,0.4247,0.6712,1.1644,0.0548,0.4839,0.1529,20.0,0.1667,0.2333,0.0,0.0,0.4247,0.0,0.5753,0.0,0.0,0.9677,0.2903,0.6774
ai,Commuting-Division-Coefficient-Forms-and-the-Artinian-Eisenbud-Green-Harris-Conjecture-September-23-2026,math.AC,2026,35,57,1.6857,0.807,0.5789,0.8246,0.386,0.4211,0.4561,1.0351,0.0175,0.6,0.1525,18,0.1714,0.3714,0.0,0.0,0.4211,0.0,0.5789,0.0,0.0,1.0,0.2571,0.6571
ai,Compatibility-entropy-and-the-spectrum-of-a-Thorp-sweep-September-26-2026,math.PR,2026,26,31,1.5,0.5806,0.5161,0.5806,0.2581,0.5806,0.7742,1.2581,0.0323,0.5769,0.0769,18.0,0.0769,0.1538,0.0,0.0,0.5806,0.0,0.4194,0.0,0.0,1.0,0.3077,0.8077
ai,Complex-Matrix-Multiplication-Below-2.258-and-Rectangular-Bounds-September-24-2026,cs.DS,2026,33,55,1.9697,0.3273,0.1455,0.3455,0.0545,0.4545,0.6727,1.1818,0.0364,0.6364,0.1231,28,0.1818,0.4242,0.0,0.0,0.4545,0.0,0.5455,0.0,0.0,1.0,0.303,0.8182
ai,Computation-under-Rapidly-Vanishing-Navier-Stokes-Forcing-September-27-2026,math.AP,2026,10,17,1.9,0.6471,0.3529,0.6471,0.0588,0.0,0.7647,1.1176,0.0,0.4,0.2105,35.5,0.3,0.6,0.0,0.0,0.0,0.0,1.0,0.0,0.0,1.0,0.1,0.9
ai,Computing-the-Random-3-SAT-Threshold-September-27-2026,math.PR,2026,31,45,1.5161,0.4889,0.4667,0.5111,0.1333,0.3333,0.5778,1.0444,0.0,0.6129,0.0638,19,0.129,0.129,0.0222,0.0,0.3111,0.0,0.6667,0.0,0.0,1.0,0.4839,0.8065
ai,Conditional-coordinate-sweeps-and-analytic-transfer-September-26-2026,math.PR,2026,16,23,1.6875,0.3913,0.3043,0.3913,0.0,0.6522,0.8261,1.1739,0.0,0.625,0.1481,17.5,0.0,0.1875,0.0,0.0,0.6522,0.0,0.3478,0.0,0.0,1.0,0.375,0.875
ai,Conditional-good-minimal-models-for-compact-Kahler-fourfolds-October-5-2026,math.AG,2026,76,114,1.7368,0.6053,0.5439,0.6053,0.614,0.0263,0.307,1.1579,0.0175,0.5789,0.053,16.0,0.1842,0.2237,0.0,0.0,0.0263,0.0351,0.5526,0.0,0.386,1.0,0.4342,0.7105
ai,Conditional-information-under-deterministic-coordinate-sweeps-September-26-2026,math.PR,2026,19,67,3.7368,0.5522,0.5373,0.5522,0.403,0.1791,0.4627,1.0597,0.0,0.5789,0.6338,18,0.1579,0.2632,0.0,0.0,0.1791,0.0,0.8209,0.0,0.0,1.0,0.2632,0.7368
ai,Conditional-permutations-in-a-revealed-switching-environment-September-26-2026,math.PR,2026,22,28,1.4545,0.5714,0.5,0.5714,0.25,0.5357,0.5714,1.1429,0.0,0.7273,0.125,17.0,0.2727,0.0909,0.0,0.0,0.5357,0.0,0.4643,0.0,0.0,1.0,0.2273,0.6364
ai,Conformal-Limits-of-Critical-Square-Lattice-Random-Cluster-Interfaces-October-5-2026,math.PR,2026,32,66,2.1562,0.6818,0.6061,0.7424,0.5303,0.1667,0.2576,1.0455,0.0,0.625,0.1324,11.5,0.0625,0.125,0.0,0.0,0.1667,0.0909,0.7424,0.0,0.0,1.0,0.625,0.8438
ai,Conformal-flow-and-the-Riemannian-Penrose-inequality-with-minimizing-frontiers-September-27-2026,math.DG,2026,36,73,2.1667,0.5616,0.4521,0.5616,0.3151,0.0,0.4658,1.0685,0.0,0.5833,0.1282,24.5,0.1944,0.3611,0.0,0.0,0.0,0.0274,0.9041,0.0,0.0685,1.0,0.3056,0.6389
ai,Conformal-universality-of-bulk-Ising-correlations-under-weak-interactions-September-23-2026,math-ph,2026,31,50,1.7419,0.46,0.44,0.46,0.16,0.46,0.82,1.08,0.0,0.5161,0.1481,14,0.1613,0.3226,0.0,0.0,0.46,0.02,0.52,0.0,0.0,1.0,0.3548,0.9032
ai,Constant-factor-hardness-of-Min-UnCut-September-23-2026,,2026,15,25,1.8667,0.56,0.36,0.56,0.12,0.6,0.84,1.12,0.04,0.2667,0.1429,17,0.2,0.0667,0.0,0.0,0.6,0.2,0.2,0.0,0.0,1.0,0.0,0.9333
ai,Constant-factor-hardness-of-directed-feedback-vertex-set-September-23-2026,,2026,14,29,2.2143,0.5517,0.2414,0.5517,0.069,0.6207,0.8621,1.069,0.0345,0.3571,0.129,16.5,0.1429,0.2143,0.0,0.0,0.6207,0.0,0.3793,0.0,0.0,1.0,0.0,0.9286
ai,Constant-factor-hardness-of-uniform-sparsest-cut-September-24-2026,cs.DS,2026,28,28,1.1786,0.5357,0.3571,0.5357,0.0357,0.6786,0.7857,1.1786,0.0357,0.8214,0.0606,22.5,0.0714,0.3214,0.0,0.0,0.6786,0.0,0.3214,0.0,0.0,1.0,0.1786,0.9286
ai,Constructible-tame-Hecke-eigensheaves-in-positive-characteristic-October-5-2026,math.AG,2026,31,80,2.7097,0.8375,0.5125,0.8375,0.4,0.2625,0.3875,1.05,0.0125,0.4839,0.131,14.0,0.2333,0.2,0.0,0.0,0.2625,0.0875,0.65,0.0,0.0,0.9677,0.6129,0.6452
ai,Contact-Fano-manifolds-and-the-LeBrun-Salamon-conjecture-September-23-2026,math.AG,2026,37,91,2.5676,0.6593,0.4725,0.6703,0.4835,0.3077,0.4835,1.044,0.0,0.4324,0.1474,28,0.0811,0.4595,0.0,0.0,0.3077,0.0,0.6923,0.0,0.0,1.0,0.4054,0.5405
ai,Continuous-Phase-Foliations-Create-Analytic-Caustic-Collars-September-24-2026,,2026,16,38,2.375,0.3421,0.2895,0.3421,0.0526,0.5,0.5526,1,0.0,0.625,0.4211,13.5,0.25,0.375,0.0,0.0,0.5,0.0,0.5,0.0,0.0,1.0,0.0,0.9375
ai,Continuum-Coulomb-hardness-with-binary-nuclear-charges-September-24-2026,quant-ph,2026,16,21,1.375,0.4762,0.3333,0.4762,0.0476,0.0,0.8095,1.0476,0.0,0.625,0.0909,11.0,0.1875,0.1875,0.0,0.0,0.0,0.0,1.0,0.0,0.0,1.0,0.25,0.5625
ai,Correspondence-Coloring-Graphs-with-a-Forbidden-Clique-October-5-2026,math.CO,2026,27,38,1.4815,0.4211,0.2368,0.4211,0.0263,0.7632,0.7632,1.0526,0.0,0.6667,0.1,24,0.1852,0.4074,0.0,0.0,0.7632,0.0,0.2368,0.0,0.0,1.0,0.1481,0.7407
ai,Counterexamples-to-the-Hahn-Wilson-conjecture-at-height-two-September-26-2026,math.AT,2026,32,79,2.5,0.8354,0.7595,0.8354,0.3165,0.2278,0.3165,1.0127,0.0,0.5938,0.225,19.5,0.1875,0.2188,0.0,0.0,0.2278,0.0,0.7722,0.0,0.0,1.0,0.3438,0.6875
ai,Counterexamples-to-the-duality-conjecture-for-metric-entropy-September-24-2026,math.FA,2026,11,19,1.9091,0.7895,0.5789,0.7895,0.1579,0.6842,0.6842,1.1053,0.0,0.3636,0.2381,25,0.0,0.4545,0.0,0.0,0.6842,0.0,0.3158,0.0,0.0,1.0,0.3636,0.7273
ai,Counterexamples-to-weak-chromatic-splitting-sphere-kernels-and-descent-exponents-September-27-2026,math.AT,2026,30,54,1.9,0.9444,0.8519,0.9444,0.4259,0.0,0.3704,1.0556,0.0185,0.6333,0.193,22.0,0.0667,0.3,0.0,0.0,0.0,0.0,0.9815,0.0,0.0185,1.0,0.3667,0.8667
ai,Critical-Center-Magnetization-in-the-Planar-XY-Model-October-5-2026,math-ph,2026,16,102,6.75,0.6961,0.6275,0.7549,0.2745,0.1471,0.4706,1.0588,0.0196,0.8125,0.4722,20.0,0.3125,0.4375,0.0,0.0,0.1471,0.2647,0.5882,0.0,0.0,1.0,0.4375,0.75
ai,Critical-bond-and-site-percolation-on-the-cubic-lattice-September-24-2026,math.PR,2026,15,25,1.7333,0.68,0.52,0.68,0.12,0.68,0.68,1.04,0.0,0.5333,0.1923,20,0.2667,0.4667,0.0,0.0,0.68,0.0,0.32,0.0,0.0,1.0,0.0667,0.7333
ai,Critical-honeycomb-chords-with-prescribed-boundary-endpoints-September-26-2026,math.PR,2026,18,42,2.3333,0.7143,0.4524,0.7143,0.1667,0.4048,0.5952,1,0.0,0.6667,0.2381,11.5,0.3333,0.1667,0.0,0.0,0.4048,0.0,0.5952,0.0,0.0,1.0,0.2222,0.5556
ai,Critical-local-smoothing-for-the-three-dimensional-wave-equation-September-24-2026,math.AP,2026,32,42,1.5,0.5238,0.4286,0.5476,0.1905,0.619,0.6905,1.1429,0.0238,0.7188,0.1042,15,0.2581,0.2258,0.0,0.0,0.619,0.0,0.381,0.0,0.0,0.9688,0.1875,0.625
ai,Critical-mixing-in-the-Sherrington-Kirkpatrick-model-September-25-2026,math.PR,2026,34,90,2.7941,0.7,0.6,0.7778,0.3444,0.2,0.4667,1.0556,0.0,0.6471,0.3789,13.0,0.2941,0.2059,0.0,0.0,0.2,0.0444,0.7556,0.0,0.0,1.0,0.5588,0.7353
ai,Critical-slowing-down-in-the-Sherrington-Kirkpatrick-model-September-24-2026,math.PR,2026,30,50,1.7333,0.42,0.4,0.46,0.0,0.52,0.6,1.04,0.0,0.5667,0.0962,14.0,0.2,0.2333,0.0,0.0,0.52,0.02,0.46,0.0,0.0,1.0,0.4333,0.8667
ai,Critical-strip-crossing-mass-on-the-honeycomb-lattice-September-26-2026,math-ph,2026,23,27,1.4348,0.4815,0.3704,0.4815,0.1481,0.4074,0.5556,1.2222,0.037,0.6522,0.0909,16,0.0435,0.1739,0.0,0.0,0.4074,0.0,0.5926,0.0,0.0,1.0,0.5652,0.8696
ai,Cuntz-comparison-and-Jiang-Su-absorption-September-23-2026,math.OA,2026,35,69,2.0857,0.6667,0.6232,0.6667,0.1884,0.5362,0.6522,1.058,0.0145,0.3714,0.0685,14,0.0857,0.2,0.0,0.0,0.5362,0.0,0.4638,0.0,0.0,1.0,0.4857,0.5429
ai,Cutoff-throughout-the-high-temperature-Sherrington-Kirkpatrick-phase-September-24-2026,math.PR,2026,26,49,1.8846,0.6122,0.551,0.6122,0.3878,0.2449,0.7755,1,0.0,0.8077,0.3878,9.5,0.3077,0.1538,0.0,0.0,0.2449,0.0,0.6327,0.0,0.1224,1.0,0.5385,0.4231
ai,Cycle-clique-Ramsey-numbers-September-25-2026,math.CO,2026,16,20,1.3125,0.45,0.2,0.45,0.05,0.75,0.9,1.05,0.0,0.8125,0.1905,24.5,0.0625,0.375,0.0,0.0,0.75,0.0,0.25,0.0,0.0,1.0,0.125,0.6875
ai,Cyclic-Length-and-Chromatic-Fixed-Point-Loss-September-24-2026,math.AT,2026,18,51,2.8889,0.902,0.7843,0.902,0.3333,0.3333,0.5882,1.0196,0.0,0.6111,0.2115,18.0,0.1667,0.1111,0.0,0.0,0.3333,0.2353,0.4314,0.0,0.0,1.0,0.1111,0.6667
ai,Cylinder-amplitudes-and-logarithmic-bridge-length-windows-on-the-honeycomb-lattice-September-26-2026,math.PR,2026,15,28,2.0667,0.6429,0.3214,0.6429,0.0,0.5714,0.7857,1.1071,0.0,0.2667,0.0968,22,0.0667,0.4,0.0,0.0,0.5714,0.0,0.4286,0.0,0.0,1.0,0.4,0.8
ai,Cylinder-loop-weights-and-planar-nesting-September-26-2026,math-ph,2026,24,37,1.6667,0.4865,0.3784,0.4865,0.1622,0.4324,0.6757,1.0811,0.0,0.5833,0.175,20,0.0435,0.2174,0.0,0.0,0.4324,0.0,0.5676,0.0,0.0,0.9583,0.4583,0.7083
ai,De-Giorgis-conjecture-in-dimension-eight-September-26-2026,math.AP,2026,26,61,2.6154,0.5574,0.459,0.5574,0.1639,0.2787,0.7705,1.1148,0.0164,0.3462,0.2206,25.5,0.1923,0.4231,0.0,0.0,0.2787,0.0,0.6557,0.0,0.0656,1.0,0.2308,0.6923
ai,Deforming-hypersymplectic-four-manifolds-to-hyperkahler-triples-September-23-2026,math.DG,2026,58,123,2.2759,0.7886,0.6585,0.7967,0.5528,0.252,0.4472,1.0732,0.0244,0.4483,0.1439,19,0.1455,0.3091,0.0,0.0,0.252,0.0,0.748,0.0,0.0,0.9483,0.3966,0.7586
ai,Determination-of-a-metric-and-a-unitary-connection-from-one-boundary-patch-October-5-2026,math.AP,2026,24,37,1.5833,0.6757,0.2703,0.6757,0.1351,0.3243,0.6757,1.027,0.0,0.8333,0.2895,16.0,0.125,0.25,0.0,0.0,0.3243,0.0,0.6757,0.0,0.0,1.0,0.2083,0.875
ai,Deterministic-Polynomial-Factorization-over-Prime-Fields-October-4-2026,math.NT,2026,29,36,1.4828,0.3889,0.25,0.4167,0.1111,0.4722,0.5833,1.1944,0.0556,0.5862,0.0698,32,0.1034,0.5517,0.0,0.0,0.4722,0.0,0.5278,0.0,0.0,1.0,0.0345,0.0
ai,Deterministic-nonbipartite-Ramanujan-graphs-in-every-fixed-degree-September-23-2026,math.PR,2026,29,39,1.4483,0.5641,0.3333,0.5641,0.2564,0.6667,0.8205,1.0769,0.0,0.5517,0.0476,18,0.1379,0.4138,0.0,0.0,0.6667,0.0,0.3333,0.0,0.0,1.0,0.1724,0.8276
ai,Deterministic-quasipolynomial-time-mean-payoff-games-September-25-2026,cs.GT,2026,30,45,1.6,0.3778,0.2667,0.4,0.2222,0.5556,0.6222,1.0667,0.0,0.7667,0.1458,6.0,0.3,0.1333,0.0,0.0,0.5556,0.0,0.4444,0.0,0.0,1.0,0.2667,0.9
ai,Diagonal-Fourier-extension-for-positively-curved-surfaces-in-three-dimensions-September-24-2026,math.CA,2026,22,36,1.7727,0.6667,0.4722,0.6667,0.0278,0.6111,0.6944,1.0833,0.0278,0.5909,0.1538,13.0,0.2727,0.1364,0.0,0.0,0.6111,0.0,0.3889,0.0,0.0,1.0,0.5,0.5455
ai,Diamond-distortion-from-midpoint-and-tree-energies-September-27-2026,math.FA,2026,15,60,4.0,0.9667,0.8333,0.9667,0.0167,0.2667,0.3667,1,0.0,0.3333,0.3167,8,0.4,0.0667,0.0,0.0,0.2667,0.0,0.6,0.0,0.1333,1.0,0.5333,0.6667
ai,Directional-transience-implies-ballisticity-September-23-2026,math.PR,2026,23,36,1.5652,0.5278,0.2778,0.5278,0.0556,0.5833,0.75,1,0.0,0.6087,0.1389,18,0.0435,0.2174,0.0,0.0,0.5833,0.0278,0.3889,0.0,0.0,1.0,0.1739,0.8261
ai,Disk-transfer-representations-and-confined-bridge-mass-September-26-2026,math-ph,2026,21,36,1.9524,0.4444,0.2222,0.4444,0.0556,0.4722,0.6944,1.1389,0.0278,0.381,0.122,19.0,0.1,0.35,0.0,0.0,0.4722,0.0,0.5278,0.0,0.0,0.9524,0.3333,0.8095
ai,Donovans-Conjecture-over-Algebraic-Closures-of-Prime-Fields-September-24-2026,math.RT,2026,65,109,1.9077,0.6055,0.5321,0.6055,0.4679,0.1743,0.3761,1.1376,0.0183,0.5077,0.0565,23,0.1692,0.3846,0.0,0.0,0.1743,0.0,0.8257,0.0,0.0,1.0,0.1077,0.6923
ai,Edit-Distance-in-l1-Matching-Bounds-up-to-Constants-in-the-Exponent-September-27-2026,,2026,10,12,1.2,0.4167,0.25,0.4167,0.0,0.6667,0.75,1,0.0,0.8,0.1667,21.5,0.2,0.4,0.0,0.0,0.6667,0.0,0.3333,0.0,0.0,1.0,0.0,0.6
ai,Electromagnetic-tails-and-the-Kerr-Newman-Penrose-inequality-October-5-2026,gr-qc,2026,4,5,1.25,0.6,0.6,0.6,0.2,0.8,0.8,1,0.0,0.75,0.4,11.5,0.0,0.25,0.0,0.0,0.8,0.0,0.2,0.0,0.0,1.0,0.5,1.0
ai,Elementary-Positivity-of-Chromatic-Quasisymmetric-Functions-September-24-2026,math.CO,2026,42,65,1.9286,0.3692,0.3077,0.3692,0.0615,0.6462,0.8462,1.2462,0.0462,0.5238,0.0617,10.5,0.1905,0.1429,0.0,0.0,0.6462,0.0,0.3538,0.0,0.0,1.0,0.7857,0.9524
ai,Elliptic-Squares-and-Zilber-Pink-for-Curves-in-A2-September-24-2026,math.NT,2026,43,91,2.2791,0.8462,0.6703,0.8462,0.4945,0.2967,0.3516,1.0769,0.011,0.4419,0.0918,23,0.2093,0.4186,0.0,0.0,0.2967,0.0,0.6484,0.0,0.0549,1.0,0.2326,0.6977
ai,Elliptic-capacity-propagation-and-Fourier-restriction-to-the-sphere-September-24-2026,math.CA,2026,50,66,1.54,0.3636,0.303,0.3636,0.0909,0.6667,0.7424,1.1667,0.0152,0.64,0.0519,12,0.3061,0.2449,0.0,0.0,0.6667,0.0,0.3333,0.0,0.0,0.98,0.52,0.62
ai,Endpoint-convergence-for-the-planar-Schrodinger-equation-September-24-2026,math.CA,2026,27,35,1.3333,0.6571,0.4857,0.7143,0.1714,0.5429,0.6857,1.0286,0.0,0.8148,0.1389,15,0.1852,0.2963,0.0,0.0,0.5429,0.0,0.4571,0.0,0.0,1.0,0.5556,0.7778
ai,Endpoint-pointwise-convergence-for-the-Schrodinger-equation-in-higher-dimensions-September-24-2026,math.CA,2026,33,52,1.8485,0.6923,0.4423,0.6923,0.3846,0.3846,0.5769,1.1731,0.0385,0.6061,0.1475,13,0.1212,0.2424,0.0,0.0,0.3846,0.0,0.6154,0.0,0.0,1.0,0.5152,0.8182
ai,Entanglement-with-zero-distillable-secret-key-in-local-dimension-ten-September-27-2026,quant-ph,2026,58,73,1.5345,0.589,0.4932,0.589,0.2192,0.5479,0.6712,1.2192,0.0685,0.6207,0.0787,23,0.0702,0.3333,0.0,0.0,0.5479,0.0,0.4384,0.0,0.0137,0.9828,0.6034,0.8276
ai,Entropy-and-Face-Dimension-of-the-Perfect-Matching-Polytope-September-23-2026,cs.DS,2026,27,42,1.5926,0.6667,0.5952,0.6667,0.0,0.6905,0.7143,1.0238,0.0,0.5556,0.1163,18,0.1852,0.3333,0.0,0.0,0.6905,0.0,0.2619,0.0,0.0476,1.0,0.3333,0.7778
ai,Entropy-equality-and-local-symmetry-in-negative-curvature-September-23-2026,math.DS,2026,34,55,1.6765,0.6,0.4545,0.6,0.4727,0.3636,0.5818,1.0364,0.0,0.5882,0.0702,26.5,0.1562,0.4688,0.0,0.0,0.3636,0.1636,0.4727,0.0,0.0,0.9412,0.2059,0.7059
ai,Equality-and-rigidity-in-the-spacetime-Penrose-inequality-September-27-2026,math.DG,2026,47,88,2.0426,0.5455,0.3636,0.5568,0.4318,0.25,0.4432,1.0909,0.0,0.5106,0.0625,24.5,0.1957,0.3478,0.0,0.0,0.25,0.0,0.75,0.0,0.0,0.9787,0.234,0.7234
ai,Equality-cases-in-the-sharp-one-dimensional-matrix-Lieb-Thirring-inequality-October-5-2026,math.SP,2026,13,22,1.7692,0.5,0.2273,0.5,0.0909,0.5909,0.6818,1.0455,0.0,0.7692,0.3478,28,0.2308,0.4615,0.0,0.0,0.5909,0.0455,0.1364,0.0,0.2273,1.0,0.0769,0.6923
ai,Equidistribution-of-Prime-Degree-Torus-Packets-with-Arbitrary-Local-Type-September-24-2026,math.NT,2026,15,30,2.1333,0.8333,0.5667,0.8333,0.2,0.5333,0.6333,1.0667,0.0,0.5333,0.2812,20,0.0667,0.4,0.0,0.0,0.5333,0.0,0.4667,0.0,0.0,1.0,0.1333,0.8
ai,Equidistribution-of-Primitive-Quartic-Torus-Packets-for-Arbitrary-Orders-October-5-2026,,2026,29,56,1.9655,0.8571,0.7143,0.8571,0.3929,0.3036,0.6786,1.0179,0.0,0.6897,0.1754,22,0.1034,0.4138,0.0,0.0,0.3036,0.0,0.6964,0.0,0.0,1.0,0.0,0.7241
ai,Equidistribution-of-Primitive-Sextic-Torus-Packets-October-5-2026,,2026,19,34,1.8421,0.7647,0.5588,0.7647,0.1765,0.5294,0.8529,1.0294,0.0,0.3684,0.1143,20,0.1579,0.3158,0.0,0.0,0.5294,0.0,0.4706,0.0,0.0,1.0,0.0,0.7368
ai,Equivariant-Jiang-Su-Stability-for-Amenable-Actions-in-the-Unital-Stably-Finite-Case-October-5-2026,math.OA,2026,4,7,1.75,0.8571,0.8571,0.8571,0.1429,0.4286,1.0,1,0.0,0.5,0.4286,8.5,0.25,0.0,0.0,0.0,0.4286,0.0,0.5714,0.0,0.0,1.0,1.0,0.5
ai,Ergodicity-of-triangular-billiards-with-an-irrational-angle-September-25-2026,math.AP,2026,12,17,1.5,0.6471,0.4118,0.6471,0.4118,0.4706,0.4706,1.0588,0.0,0.6667,0.2222,22.5,0.1667,0.25,0.0,0.0,0.4706,0.0,0.5294,0.0,0.0,1.0,0.5,0.75
ai,Essential-Singularity-of-the-Correlation-Length-in-the-Planar-XY-Model-October-5-2026,math.PR,2026,18,85,5.0556,0.7647,0.6824,0.7765,0.5529,0.1412,0.3882,1.0706,0.0235,0.5556,0.3736,9.5,0.3889,0.3889,0.0,0.0,0.1412,0.0,0.8588,0.0,0.0,1.0,0.2778,0.6111
ai,Etale-covers-with-a-prescribed-exterior-sheet-September-24-2026,math.AG,2026,9,18,2.0,0.9444,0.7778,0.9444,0.5,0.0,0.4444,1,0.0,0.4444,0.2222,16,0.1111,0.1111,0.0,0.0,0.0,0.0,1.0,0.0,0.0,1.0,0.2222,0.4444
ai,Eventual-Categoricity-for-Abstract-Elementary-Classes-September-24-2026,math.LO,2026,20,40,2.0,0.725,0.525,0.725,0.025,0.65,0.8,1,0.0,0.5,0.175,11.5,0.15,0.35,0.0,0.0,0.65,0.0,0.35,0.0,0.0,1.0,0.2,0.65
ai,Every-complex-K3-surface-is-Oka-September-23-2026,math.CV,2026,30,62,2.2,0.6452,0.4516,0.6613,0.3871,0.3548,0.4516,1.0645,0.0161,0.4667,0.1061,17.5,0.1333,0.2667,0.0,0.0,0.3548,0.0,0.2742,0.371,0.0,1.0,0.2,0.7667
ai,Every-four-dimensional-Kakeya-set-has-full-Hausdorff-dimension-September-24-2026,math.CA,2026,34,57,1.8529,0.4737,0.3684,0.5614,0.2281,0.4386,0.5439,1.1053,0.0175,0.5588,0.127,10.5,0.3824,0.0882,0.0,0.0,0.4386,0.0,0.5614,0.0,0.0,1.0,0.5882,0.7353
ai,Exact-Birch-Swinnerton-Dyer-Formula-from-Low-Selmer-Corank-October-3-2026,math.NT,2026,34,106,3.6176,0.6415,0.4057,0.6415,0.3774,0.1981,0.3868,1.1604,0.0377,0.5,0.3197,31.0,0.1471,0.5294,0.0,0.0,0.1981,0.0,0.8019,0.0,0.0,1.0,0.0882,0.6176
ai,Exact-Derandomization-of-Logarithmic-Space-L-equals-RL-equals-BPL-September-23-2026,cs.CC,2026,34,42,1.2941,0.3095,0.2619,0.3095,0.119,0.619,0.6667,1.0476,0.0,0.8235,0.1364,26.5,0.1471,0.4412,0.0,0.0,0.619,0.0,0.381,0.0,0.0,1.0,0.0882,0.8529
ai,Exact-Fourier-certificates-for-complex-Hadamard-matrices-of-order-six-September-24-2026,math.CO,2026,26,38,1.5769,0.6579,0.5526,0.6579,0.0,0.6053,0.6316,1.0789,0.0,0.6154,0.1463,13.0,0.1538,0.0769,0.0,0.0,0.6053,0.0,0.3947,0.0,0.0,1.0,0.7308,0.7692
ai,Exact-Uniform-Sampling-of-Contingency-Tables-with-Arbitrary-Margins-September-24-2026,math.CO,2026,15,17,1.2,0.5294,0.2941,0.5294,0.0,0.6471,0.7059,1.0588,0.0,0.8,0.1111,23,0.0667,0.2,0.0,0.0,0.6471,0.0,0.3529,0.0,0.0,1.0,0.2,0.3333
ai,Exact-asymptotic-moduli-in-a-Daugavet-subspace-of-L1-September-27-2026,math.FA,2026,8,15,1.875,0.8,0.7333,0.8,0.0,0.5333,0.5333,1,0.0,0.375,0.2,24.0,0.125,0.25,0.0,0.0,0.5333,0.0,0.4667,0.0,0.0,1.0,0.5,0.875
ai,Exact-mass-asymptotics-for-the-two-dimensional-O4-lattice-model-October-5-2026,,2026,21,61,3.0,0.7049,0.4918,0.7049,0.2951,0.1967,0.3934,1.0328,0.0164,0.8095,0.5556,50,0.1429,0.7143,0.0,0.0,0.1967,0.0,0.8033,0.0,0.0,1.0,0.0,0.8571
ai,Exact-orders-and-invariant-anticanonical-linear-systems-September-26-2026,math.AG,2026,36,76,2.3611,0.7368,0.7237,0.7368,0.2632,0.3158,0.3947,1.1184,0.0263,0.3889,0.0941,13.5,0.25,0.2778,0.0,0.0,0.3158,0.0,0.6842,0.0,0.0,1.0,0.5278,0.7222
ai,Exact-quantum-factoring-over-a-fixed-finite-gate-set-September-25-2026,quant-ph,2026,19,32,1.8947,0.4688,0.0312,0.4688,0.0625,0.5938,0.7188,1.125,0.0,0.5789,0.1667,26,0.1053,0.3158,0.0,0.0,0.5938,0.0,0.3438,0.0,0.0625,1.0,0.7368,0.6842
ai,Existential-universal-real-sentences-in-the-counting-hierarchy-October-4-2026,cs.CC,2026,16,25,1.625,0.28,0.16,0.28,0.04,0.56,0.6,1.04,0.0,0.6875,0.1923,30.5,0.25,0.5625,0.0,0.0,0.56,0.0,0.44,0.0,0.0,1.0,0.3125,0.8125
ai,Expected-amenable-subalgebras-preserving-core-commutants-September-23-2026,math.OA,2026,17,47,2.8824,0.7872,0.7447,0.7872,0.1702,0.383,0.5957,1.0426,0.0,0.5294,0.3061,12,0.2941,0.2941,0.0,0.0,0.383,0.2766,0.3404,0.0,0.0,1.0,0.4706,0.2941
ai,Exponential-PSD-rank-of-positively-shifted-matching-matrices-October-5-2026,cs.CC,2026,13,19,1.4615,0.3158,0.3158,0.3158,0.2632,0.6842,0.7368,1,0.0,0.6154,0.1579,13,0.0,0.2308,0.0,0.0,0.6842,0.0,0.2632,0.0,0.0526,1.0,0.5385,1.0
ai,Exponential-decay-in-two-dimensional-classical-On-models-September-23-2026,math.PR,2026,19,29,1.6842,0.3793,0.2759,0.3793,0.0,0.6552,0.6897,1.1034,0.0,0.6316,0.1562,47,0.0526,0.7895,0.0,0.0,0.6552,0.0,0.3448,0.0,0.0,1.0,0.1579,0.8947
ai,Failure-of-Bounded-Approximation-in-a-Lipschitz-Free-Space-over-a-Uniformly-Discrete-Metric-Space-September-26-2026,math.FA,2026,16,29,1.8125,0.8621,0.6207,0.8621,0.0345,0.6207,0.6897,1,0.0,0.375,0.1034,13.0,0.1875,0.125,0.0,0.0,0.6207,0.0,0.3793,0.0,0.0,1.0,0.5,0.75
ai,Failure-of-finite-assembly-for-a-chromatic-overlap-at-the-prime-three-September-25-2026,math.AT,2026,40,93,2.375,0.9462,0.8602,0.957,0.4516,0.3011,0.5376,1.0215,0.0,0.425,0.0842,17.0,0.2,0.325,0.0,0.0,0.3011,0.1183,0.5806,0.0,0.0,1.0,0.25,0.625
ai,Failure-of-rational-injectivity-for-maximal-coarse-assembly-October-5-2026,math.OA,2026,21,34,1.9048,0.4412,0.3235,0.4412,0.0294,0.5882,0.6176,1.1765,0.0588,0.5238,0.15,23,0.1429,0.1905,0.0,0.0,0.5882,0.0,0.4118,0.0,0.0,1.0,0.0476,0.8571
ai,Fiber-functors-for-finite-symmetric-tensor-categories-in-positive-characteristic-September-24-2026,math.RT,2026,21,78,3.7619,0.8333,0.6026,0.8462,0.2436,0.3077,0.3718,1.0128,0.0,0.5238,0.2152,6.0,0.3,0.15,0.0,0.0,0.3077,0.0,0.6923,0.0,0.0,0.9524,0.5714,0.7619
ai,Filtered-chromatic-splitting-at-generic-primes-September-25-2026,math.AG,2026,57,141,2.5263,0.8582,0.7376,0.8723,0.5887,0.1986,0.3404,1.0213,0.0,0.3509,0.0714,15,0.1754,0.1754,0.0,0.0,0.1986,0.0,0.8014,0.0,0.0,1.0,0.386,0.7544
ai,Filtered-products-and-boundary-preserving-compression-in-complex-cobordism-September-25-2026,math.OA,2026,15,28,2.0,0.8214,0.6786,0.8214,0.3214,0.4643,0.5357,1.0714,0.0,0.2667,0.1667,16,0.1333,0.3333,0.0,0.0,0.4643,0.0,0.5357,0.0,0.0,1.0,0.1333,0.6667
ai,Finite-Circle-Obstructions-Binary-Codes-and-Histogram-Embeddings-for-Edit-Distance-September-27-2026,cs.DS,2026,15,22,1.4667,0.4545,0.1818,0.4545,0.0909,0.5,0.5909,1,0.0,0.6,0.1364,20,0.2667,0.3333,0.0,0.0,0.5,0.0,0.5,0.0,0.0,1.0,0.2667,0.6667
ai,Finite-Congruence-Lattices-Characterization-and-Undecidability-September-24-2026,math.GR,2026,48,74,1.9167,0.5811,0.4595,0.5811,0.4459,0.2027,0.4865,1.2432,0.0541,0.5625,0.0543,26.5,0.0208,0.4167,0.0,0.0,0.2027,0.0,0.7973,0.0,0.0,1.0,0.1458,0.625
ai,Finite-Instructions-and-Solenoidal-Shear-Flows-September-27-2026,,2026,8,10,1.25,0.6,0.3,0.6,0.2,0.0,0.7,1,0.0,0.75,0.2,44.0,0.25,0.625,0.0,0.0,0.0,0.0,1.0,0.0,0.0,1.0,0.0,1.0
ai,Finite-Monoid-Computations-and-a-Uniform-Generalized-Star-Height-Bound-September-25-2026,math.DS,2026,12,16,1.3333,0.8125,0.5625,0.8125,0.0,0.875,0.875,1,0.0,0.75,0.1875,17.0,0.3333,0.4167,0.0,0.0,0.875,0.0,0.125,0.0,0.0,1.0,0.1667,0.5833
ai,Finite-Smith-Toda-Complexes-at-Varying-Primes-September-23-2026,math.AT,2026,23,37,1.7826,0.6757,0.5946,0.6757,0.3243,0.4865,0.6757,1.1081,0.0,0.4783,0.0976,49,0.1304,0.5217,0.0,0.0,0.4865,0.0,0.5135,0.0,0.0,1.0,0.2609,0.7826
ai,Finite-algebraic-envelopes-and-the-Boone-Higman-conjecture-September-23-2026,math.GR,2026,20,29,1.5,0.7586,0.5172,0.7586,0.1379,0.5172,0.6897,1.0345,0.0,0.75,0.1667,36.5,0.3,0.5,0.0,0.0,0.5172,0.0,0.3793,0.0,0.1034,1.0,0.3,0.75
ai,Finite-angular-cylinder-covers-below-the-half-area-bound-September-27-2026,math.MG,2026,7,10,1.4286,0.9,0.7,0.9,0.1,0.9,1.0,1,0.0,0.7143,0.3,17,0.1429,0.4286,0.0,0.0,0.9,0.0,0.1,0.0,0.0,1.0,0.5714,0.7143
ai,Finite-cylinder-approximation-of-ruled-sets-September-27-2026,math.MG,2026,4,8,2.0,1.0,1.0,1.0,0.0,0.0,0.625,1,0.0,0.5,0.5,22.5,0.0,0.25,0.0,0.0,0.0,0.0,1.0,0.0,0.0,1.0,0.5,0.75
ai,Finite-generation-for-the-Kn-local-sphere-September-24-2026,math.AT,2026,36,82,2.3333,0.9024,0.8049,0.9024,0.4146,0.3171,0.561,1.0244,0.0,0.3056,0.0964,13,0.1714,0.2,0.0,0.0,0.3171,0.0,0.6829,0.0,0.0,0.9722,0.2778,0.6944
ai,Finite-ordinary-minimal-model-programs-on-compact-Kahler-fourfolds-October-5-2026,math.AG,2026,39,118,3.1538,0.8644,0.7627,0.8898,0.7034,0.0678,0.3051,1.0424,0.0085,0.5128,0.1789,14,0.359,0.2821,0.0,0.0,0.0678,0.0,0.9153,0.0,0.0169,1.0,0.359,0.5897
ai,Finite-ordinary-minimal-model-programs-on-compact-Kahler-fourfolds-September-24-2026,math.AG,2026,22,59,2.7727,0.8983,0.8305,0.8983,0.5932,0.2203,0.3559,1.0339,0.0,0.4545,0.3115,19.0,0.2727,0.3182,0.0,0.0,0.2203,0.0,0.6949,0.0,0.0847,1.0,0.3182,0.5909
ai,Finite-tensor-savings-and-exact-Fourier-circuits-September-25-2026,cs.DS,2026,19,29,1.5263,0.8276,0.4828,0.8276,0.069,0.5862,0.7586,1,0.0,0.5263,0.1034,22,0.2105,0.4211,0.0,0.0,0.5862,0.0,0.4138,0.0,0.0,1.0,0.2105,0.8421
ai,Finite-triangular-approximation-of-radial-sweeps-September-27-2026,math.MG,2026,8,9,1.125,0.7778,0.6667,0.7778,0.0,0.0,0.6667,1,0.0,0.875,0.2222,14.5,0.25,0.25,0.0,0.0,0.0,0.0,0.6667,0.0,0.3333,1.0,0.375,0.5
ai,Fixed-Points-of-Nonexpansive-Maps-in-Reflexive-Banach-Spaces-September-24-2026,,2026,17,21,1.4118,0.5238,0.2857,0.5238,0.0476,0.7143,0.8095,1.1429,0.0,0.7647,0.1667,45,0.0588,0.6471,0.0,0.0,0.7143,0.0,0.2857,0.0,0.0,1.0,0.0,0.8235
ai,Fixed-energy-universality-for-weak-Anderson-disorder-on-random-regular-graphs-October-5-2026,math.PR,2026,32,49,1.625,0.3673,0.2857,0.3673,0.2653,0.4082,0.5714,1.0612,0.0,0.7188,0.1731,17.0,0.0938,0.3125,0.0,0.0,0.4082,0.0,0.5306,0.0,0.0612,1.0,0.0625,0.9062
ai,Fontaine-Mazur-modularity-at-the-prime-2-September-23-2026,math.NT,2026,64,121,2.0469,0.8099,0.6612,0.8099,0.5372,0.1983,0.3554,1.0826,0.0248,0.5156,0.0534,17.0,0.1094,0.3125,0.0,0.0,0.1983,0.0579,0.7438,0.0,0.0,1.0,0.2188,0.4844
ai,Foulkes-Conjecture-for-the-Sixth-Symmetric-Power-September-25-2026,math.CO,2026,27,46,1.7778,0.8696,0.6739,0.8696,0.2391,0.0,0.7174,1.0435,0.0,0.5926,0.125,15,0.1481,0.2222,0.0,0.0,0.0,0.0,1.0,0.0,0.0,1.0,0.4815,0.8148
ai,Fourfold-nonvanishing-by-minimal-metrics-and-moving-jets-September-27-2026,math.AG,2026,41,64,1.6585,0.8438,0.7969,0.8438,0.3281,0.4062,0.5625,1.0625,0.0,0.6585,0.1471,16,0.1463,0.2439,0.0,0.0,0.4062,0.0,0.5938,0.0,0.0,1.0,0.2195,0.2195
ai,Frobenius-Structures-on-Tame-Hecke-Eigensheaves-October-5-2026,math.AG,2026,23,72,3.4348,0.7778,0.4861,0.7917,0.3194,0.1528,0.3472,1.0972,0.0139,0.5652,0.4177,16,0.2609,0.2174,0.0,0.0,0.1528,0.0,0.8472,0.0,0.0,1.0,0.2609,0.0
ai,From-critical-crossings-to-quenched-near-critical-universality-in-Voronoi-percolation-October-5-2026,,2026,29,46,1.7586,0.3696,0.2174,0.3696,0.3043,0.4565,0.6522,1.1087,0.0,0.6207,0.1176,19,0.069,0.2069,0.0,0.0,0.4565,0.0,0.5435,0.0,0.0,1.0,0.0,0.9655
ai,From-partial-permutation-information-to-Fourier-bounds-September-26-2026,,2026,14,24,2.0714,0.3333,0.2917,0.3333,0.1667,0.0,0.625,1.2083,0.0,0.6429,0.2069,16.0,0.2143,0.2857,0.0,0.0,0.0,0.0,0.9167,0.0,0.0833,1.0,0.0,0.5714
ai,Fujitas-freeness-conjecture-September-23-2026,math.AG,2026,25,28,1.52,0.5357,0.4643,0.5357,0.1786,0.5357,0.7857,1.3571,0.0714,0.6,0.0789,24,0.12,0.28,0.0,0.0,0.5357,0.0,0.4643,0.0,0.0,1.0,0.32,0.84
ai,Full-support-of-the-zero-temperature-Sherrington-Kirkpatrick-order-parameter-September-27-2026,math.PR,2026,19,45,2.3684,0.7111,0.5556,0.7111,0.0667,0.6444,0.7111,1,0.0,0.4211,0.1556,10,0.1579,0.1579,0.0,0.0,0.6444,0.0,0.3556,0.0,0.0,1.0,0.6842,0.8947
ai,Functional-universality-of-critical-SK-autocorrelations-October-5-2026,math.PR,2026,26,45,1.7308,0.4222,0.2667,0.4667,0.3556,0.4667,0.7111,1,0.0,0.8077,0.3556,14.0,0.2692,0.2308,0.0,0.0,0.4667,0.0,0.5333,0.0,0.0,1.0,0.6538,0.7692
ai,GOE-bulk-universality-for-fixed-degree-random-regular-graphs-September-23-2026,math.PR,2026,25,37,1.64,0.4865,0.3514,0.5405,0.1892,0.5676,0.7297,1.1081,0.0,0.52,0.0732,9,0.2,0.16,0.0,0.0,0.5676,0.0,0.4324,0.0,0.0,1.0,0.76,0.72
ai,Gaussian-free-field-limits-of-weighted-integer-Lipschitz-heights-September-25-2026,math.PR,2026,17,33,2.0,0.6667,0.3939,0.697,0.1515,0.5455,0.7879,1.0303,0.0,0.5294,0.1765,7,0.2941,0.2941,0.0,0.0,0.5455,0.0,0.4545,0.0,0.0,1.0,0.5294,0.7059
ai,Generalized-Cartan-Hadamard-isoperimetry-and-Euclidean-equality-rigidity-September-23-2026,math.DG,2026,26,39,1.7308,0.6667,0.5641,0.6923,0.3333,0.4872,0.5897,1.1538,0.0256,0.5385,0.1111,14,0.24,0.4,0.0,0.0,0.4872,0.0,0.5128,0.0,0.0,0.9615,0.3077,0.7308
ai,Generalized-Star-Height-at-Most-Four-September-25-2026,,2026,11,17,1.5455,0.7647,0.5294,0.7647,0.0588,0.7647,0.8235,1,0.0,0.6364,0.2353,44,0.2727,0.6364,0.0,0.0,0.7647,0.0,0.2353,0.0,0.0,1.0,0.0,0.6364
ai,Generalized-Star-Height-at-Most-Three-September-25-2026,math.DS,2026,13,23,1.9231,0.8696,0.6087,0.8696,0.0435,0.5217,0.7391,1.087,0.0,0.6923,0.24,24,0.2308,0.4615,0.0,0.0,0.5217,0.0,0.4783,0.0,0.0,1.0,0.0769,0.6923
ai,Generalized-ionization-energies-for-full-Coulomb-atoms-September-24-2026,math-ph,2026,15,53,3.6667,0.3962,0.3208,0.3962,0.2453,0.4528,0.5849,1.0377,0.0,0.6667,0.4909,36,0.0667,0.6,0.0,0.0,0.4528,0.0,0.5472,0.0,0.0,1.0,0.2,0.8
ai,Generalized-outer-electron-radii-of-neutral-Coulomb-atoms-September-24-2026,math-ph,2026,8,28,3.5,0.3929,0.3571,0.3929,0.1429,0.5,0.7143,1,0.0,0.625,0.6071,9.5,0.25,0.25,0.0,0.0,0.5,0.0,0.3571,0.0,0.1429,1.0,0.375,0.75
ai,Generic-C1-Future-Inextendibility-Near-Rotating-Subextremal-Kerr-Spacetimes-September-23-2026,gr-qc,2026,31,62,2.3871,0.3871,0.2903,0.3871,0.3548,0.3387,0.5645,1.1935,0.0645,0.7097,0.4595,16,0.2581,0.2903,0.0,0.0,0.3387,0.2419,0.4194,0.0,0.0,1.0,0.3871,0.6774
ai,Generic-Future-Inextendibility-with-Square-Integrable-Connection-Near-a-Fixed-Kerr-Spacetime-September-23-2026,gr-qc,2026,32,76,2.75,0.3553,0.2368,0.3553,0.2895,0.25,0.6053,1.1579,0.0263,0.8125,0.3864,17.5,0.25,0.2812,0.0,0.0,0.25,0.3421,0.4079,0.0,0.0,1.0,0.375,0.6875
ai,Geometric-Programs-for-Solenoidal-Forcing-September-27-2026,,2026,11,22,2.0,0.4545,0.2727,0.6364,0.0,0.0,0.7273,1,0.0,0.5455,0.3182,36,0.2727,0.6364,0.0,0.0,0.0,0.0,1.0,0.0,0.0,1.0,0.0,0.8182
ai,Giglis-distributional-curvature-characterization-of-Alexandrov-spaces-September-24-2026,math.DG,2026,34,63,2.2059,0.6825,0.6349,0.6825,0.4286,0.254,0.5556,1.1905,0.0635,0.4706,0.1067,9.5,0.2353,0.0,0.0,0.0,0.254,0.2063,0.5397,0.0,0.0,1.0,0.7353,0.9118
ai,Global-Arthur-Enhancements-of-Cuspidal-Excursion-Parameters-October-5-2026,math.AG,2026,29,103,3.6207,0.8835,0.699,0.8932,0.6019,0.2524,0.466,1.0194,0.0,0.5862,0.3143,13,0.2759,0.2069,0.0,0.0,0.2524,0.0,0.7476,0.0,0.0,1.0,0.1379,0.0345
ai,Global-Spherical-Shells-on-Minimal-Surfaces-of-Class-VII-September-24-2026,math.CV,2026,31,49,1.7742,0.4694,0.3061,0.4898,0.4694,0.3469,0.6122,1.1224,0.0204,0.5484,0.0909,32,0.0968,0.5484,0.0,0.0,0.3469,0.0,0.6531,0.0,0.0,1.0,0.0968,0.8387
ai,Global-Support-and-Convex-Injectivity-Domains-under-Weak-MTW-September-25-2026,math.AP,2026,17,29,1.7059,0.8621,0.5517,0.8621,0.3448,0.5517,0.6207,1,0.0,0.5882,0.1724,16,0.0,0.0588,0.0,0.0,0.5517,0.0,0.2759,0.0,0.1724,1.0,0.1176,0.7059
ai,Global-Uniqueness-for-the-Smooth-Isotropic-Elasticity-Inverse-Problem-September-24-2026,math.AP,2026,19,27,1.5263,0.3333,0.2222,0.3704,0.3333,0.5185,0.6667,1.0741,0.0,0.6316,0.1379,23,0.2105,0.3158,0.0,0.0,0.5185,0.0,0.4815,0.0,0.0,1.0,0.1579,0.7895
ai,Global-classical-solutions-of-the-three-dimensional-relativistic-Vlasov-Maxwell-system-September-23-2026,math.AP,2026,29,38,1.4828,0.3684,0.3421,0.3684,0.0789,0.7368,0.8684,1.1316,0.0263,0.8276,0.186,22,0.1379,0.3103,0.0,0.0,0.7368,0.0,0.2632,0.0,0.0,1.0,0.4138,0.8276
ai,Global-quantum-geometric-Langlands-at-irrational-level-October-4-2026,math.AG,2026,36,96,3.0,0.7083,0.4375,0.7292,0.4062,0.1562,0.4896,1.125,0.0312,0.3889,0.1389,9.5,0.2222,0.1111,0.0,0.0,0.1562,0.0,0.8438,0.0,0.0,1.0,0.8056,0.4444
ai,Goldfelds-analytic-density-conjecture-and-the-2-converse-for-elliptic-curves-September-23-2026,math.NT,2026,82,117,1.6098,0.7692,0.5897,0.7692,0.453,0.3333,0.5812,1.1282,0.0171,0.7073,0.0682,22,0.1728,0.3704,0.0,0.0,0.3333,0.0598,0.6068,0.0,0.0,0.9878,0.2073,0.6707
ai,Graph-Decompositions-at-the-Integral-Expectation-Threshold-October-5-2026,math.CO,2026,8,16,2.0,0.5625,0.5,0.5625,0.25,0.5625,0.625,1,0.0,0.75,0.5,10.5,0.375,0.25,0.0,0.0,0.5625,0.0,0.4375,0.0,0.0,1.0,0.125,0.75
ai,Ground-state-condensation-in-the-dilute-hard-sphere-gas-September-24-2026,math-ph,2026,34,36,1.2353,0.5833,0.4167,0.5833,0.0278,0.6389,0.8056,1.1667,0.0278,0.7941,0.0714,13.0,0.2941,0.2353,0.0,0.0,0.6389,0.0,0.3611,0.0,0.0,1.0,0.7059,0.6471
ai,Hamiltonian-Fixed-Points-Below-the-Stable-Morse-Number-October-5-2026,math.SG,2026,24,28,1.3333,0.6071,0.5714,0.6071,0.0714,0.5,0.5357,1.1429,0.0357,0.7917,0.125,27.0,0.125,0.4167,0.0,0.0,0.5,0.0,0.2857,0.0,0.2143,1.0,0.25,0.5
ai,Hamiltonian-Fixed-Points-Below-the-Stable-Morse-Number-in-Dimension-Twenty-Two-October-5-2026,math.SG,2026,24,29,1.4583,0.6552,0.4483,0.6552,0.069,0.3793,0.4828,1.2069,0.069,0.75,0.1429,27.5,0.125,0.4583,0.0,0.0,0.3793,0.0,0.4138,0.0,0.2069,1.0,0.25,0.5417
ai,Hard-sphere-fluctuations-on-the-regular-Boltzmann-lifespan-September-23-2026,math.AP,2026,12,58,4.9167,0.7069,0.6207,0.7069,0.5172,0.2241,0.6724,1.0172,0.0,0.6667,0.7288,7.5,0.3333,0.3333,0.0,0.0,0.2241,0.0,0.7759,0.0,0.0,1.0,0.5833,0.9167
ai,Hardness-of-finding-large-independent-sets-in-three-colorable-graphs-September-24-2026,cs.DS,2026,26,32,1.3462,0.3438,0.3438,0.3438,0.0938,0.6562,0.8438,1.0938,0.0312,0.6923,0.0857,11.0,0.3462,0.1154,0.0,0.0,0.6562,0.0,0.3438,0.0,0.0,1.0,0.2308,0.8077
ai,Harmonic-heights-and-the-Artin-K-pi-1-conjecture-September-23-2026,math.GR,2026,32,64,2.125,0.8594,0.6094,0.8594,0.0938,0.375,0.8281,1.0625,0.0156,0.5,0.1029,24.0,0.1875,0.3438,0.0,0.0,0.375,0.0,0.625,0.0,0.0,1.0,0.5,0.8125
ai,Hellinger-contraction-with-arbitrary-Boolean-output-bias-September-24-2026,cs.IT,2026,16,21,1.4375,0.4762,0.4286,0.4762,0.0,0.5714,0.7143,1.0952,0.0,0.8125,0.2609,12.0,0.375,0.3125,0.0,0.0,0.5714,0.0476,0.3333,0.0,0.0476,1.0,0.4375,0.6875
ai,Hilberts-tenth-problem-over-the-rational-numbers-September-24-2026,math.NT,2026,74,106,1.527,0.7264,0.5377,0.7358,0.2547,0.1981,0.2075,1.066,0.0094,0.7027,0.0708,18.5,0.1216,0.3378,0.0,0.0,0.1981,0.0,0.8019,0.0,0.0,1.0,0.2027,0.6216
ai,Homogeneous-depth-five-lower-bounds-for-iterated-matrix-multiplication-September-25-2026,cs.CC,2026,20,23,1.3,0.6957,0.6522,0.6957,0.0,0.913,0.913,1.1304,0.0435,0.75,0.1154,10.0,0.2,0.1,0.0,0.0,0.913,0.0,0.087,0.0,0.0,1.0,0.2,0.65
ai,Hyperbolicity-Cones-Without-Semidefinite-Lifts-October-5-2026,math.AG,2026,19,24,1.2632,0.2083,0.0833,0.2083,0.0833,0.7917,0.8333,1,0.0,0.7895,0.125,13,0.2105,0.1053,0.0,0.0,0.7917,0.0,0.2083,0.0,0.0,1.0,0.1579,0.8421
ai,Incompressible-Box-Transport-and-Finite-Computation-September-27-2026,math.DS,2026,13,20,1.6923,0.5,0.4,0.5,0.05,0.65,0.8,1.1,0.0,0.5385,0.1364,5,0.4615,0.4615,0.0,0.0,0.65,0.1,0.25,0.0,0.0,1.0,0.2308,0.6923
ai,Independent-products-in-real-L1-asymptotic-midpoint-convexity-without-AUC-renormings-September-27-2026,math.FA,2026,10,12,1.3,0.75,0.5833,0.75,0.0,0.6667,0.6667,1.0833,0.0,0.8,0.2308,24.0,0.1,0.4,0.0,0.0,0.6667,0.0,0.3333,0.0,0.0,1.0,0.3,0.9
ai,Infinitely-many-closed-geodesic-images-on-every-Riemannian-sphere-September-24-2026,math.DG,2026,28,40,1.5,0.55,0.375,0.575,0.175,0.65,0.7,1.05,0.025,0.6071,0.119,17.0,0.2143,0.3571,0.0,0.0,0.65,0.0,0.35,0.0,0.0,1.0,0.5,0.6786
ai,Integer-multiplication-below-n-log-n-September-23-2026,cs.CC,2026,26,49,2.1154,0.6122,0.4082,0.6122,0.0612,0.6735,0.7143,1.1224,0.0204,0.6538,0.2727,30.5,0.0769,0.5,0.0,0.0,0.6735,0.0,0.3265,0.0,0.0,1.0,0.1923,0.7692
ai,Integrability-of-split-tangent-bundles-on-rationally-connected-manifolds-September-23-2026,math.AG,2026,10,25,2.7,0.68,0.68,0.68,0.28,0.52,0.52,1.08,0.0,0.5,0.3333,26.5,0.1,0.4,0.0,0.0,0.52,0.0,0.4,0.0,0.08,1.0,0.4,0.5
ai,Integrable-metrics-and-effectivity-with-controlled-boundary-September-26-2026,math.AG,2026,34,78,2.5,0.641,0.641,0.641,0.3846,0.2949,0.4487,1.0897,0.0,0.3529,0.1059,13.0,0.1765,0.2647,0.0,0.0,0.2949,0.0,0.7051,0.0,0.0,1.0,0.4706,0.8529
ai,Integral-Donovan-Finiteness-over-Witt-Vectors-September-25-2026,math.RT,2026,20,42,2.25,0.7857,0.7381,0.8095,0.2619,0.3095,0.4048,1.0714,0.0,0.65,0.3333,6.5,0.3,0.2,0.0,0.0,0.3095,0.0,0.6905,0.0,0.0,1.0,0.2,0.6
ai,Integral-and-fractional-expectation-thresholds-are-equivalent-September-23-2026,math.CO,2026,17,32,1.8824,0.5938,0.375,0.5938,0.0312,0.75,0.625,1,0.0,0.5294,0.1562,2,0.5882,0.0,0.0,0.0,0.75,0.0,0.25,0.0,0.0,1.0,0.5294,0.8235
ai,Integral-points-on-character-varieties-of-curves-September-25-2026,math.AG,2026,22,30,1.3636,0.7667,0.6,0.7667,0.1333,0.4333,0.6,1,0.0,0.7727,0.1333,15,0.2381,0.3333,0.0,0.0,0.4333,0.0,0.5667,0.0,0.0,0.9545,0.2727,0.7727
ai,Interior-regularity-of-planar-Mumford-Shah-minimizers-September-24-2026,math.AP,2026,22,29,1.5909,0.4828,0.3448,0.4828,0.1379,0.5862,0.6552,1.2069,0.0,0.8182,0.2286,25,0.1429,0.381,0.0,0.0,0.5862,0.0,0.4138,0.0,0.0,0.9545,0.3182,0.6818
ai,Invariant-anticanonical-indices-and-conversion-of-twisted-differentials-September-26-2026,math.AG,2026,24,42,1.9167,0.7381,0.6905,0.7381,0.0714,0.4524,0.4762,1.0952,0.0238,0.4167,0.1087,25.0,0.2083,0.375,0.0,0.0,0.4524,0.0,0.5476,0.0,0.0,1.0,0.4583,0.6667
ai,Invariant-projection-counterexamples-for-every-irrational-rotation-September-27-2026,math.OA,2026,14,22,1.6429,0.7727,0.6818,0.7727,0.0,0.6818,0.7273,1.0455,0.0,0.6429,0.2609,18,0.0769,0.3077,0.0,0.0,0.6818,0.0,0.1818,0.0,0.1364,0.9286,0.0714,0.7857
ai,Irrational-cubic-fourfolds-with-geometric-K3-categories-September-24-2026,math.AG,2026,66,124,1.8939,0.9435,0.8387,0.9516,0.4758,0.2419,0.4113,1.0081,0.0,0.5,0.064,12.0,0.2273,0.1818,0.0,0.0,0.2419,0.0,0.7581,0.0,0.0,1.0,0.5,0.5455
ai,Kadisons-similarity-theorem-through-uniform-derivation-estimates-September-23-2026,math.OA,2026,29,43,1.6552,0.6047,0.5116,0.6047,0.2558,0.4884,0.6512,1.1163,0.0,0.5172,0.0833,31,0.1034,0.5517,0.0,0.0,0.4884,0.0,0.5116,0.0,0.0,1.0,0.2414,0.7241
ai,Koebes-Circle-Domain-Conjecture-September-23-2026,math.CV,2026,21,35,1.6667,0.5143,0.4571,0.5143,0.2857,0.4286,0.6286,1,0.0,0.619,0.1143,31,0.3333,0.5714,0.0,0.0,0.4286,0.0,0.5714,0.0,0.0,1.0,0.2381,0.7143
ai,L1-Embeddings-of-Graphs-of-Bounded-Treewidth-September-23-2026,cs.DS,2026,18,25,1.5556,0.32,0.28,0.32,0.0,0.88,0.92,1.12,0.04,0.7222,0.1429,14.5,0.2778,0.1111,0.0,0.0,0.88,0.0,0.12,0.0,0.0,1.0,0.1111,0.9444
ai,Lechs-multiplicity-conjecture-September-23-2026,math.AC,2026,29,70,2.4828,0.7571,0.5143,0.7714,0.2714,0.3571,0.3714,1.0286,0.0,0.5862,0.1528,9,0.3103,0.2414,0.0,0.0,0.3571,0.0,0.6429,0.0,0.0,1.0,0.3793,0.4828
ai,Lifting-sections-from-the-reduced-support-of-an-adjoint-September-27-2026,math.AG,2026,38,60,1.8421,0.8,0.6833,0.8167,0.4,0.2,0.2667,1.1667,0.0667,0.5789,0.1,16.0,0.1053,0.2632,0.0,0.0,0.2,0.0,0.4,0.0667,0.3333,1.0,0.2368,0.5526
ai,Linear-Variance-of-the-Random-3-SAT-Hitting-Time-October-5-2026,math.PR,2026,7,10,1.5714,0.6,0.5,0.7,0.1,0.7,0.7,1.1,0.0,0.5714,0.2727,21,0.4286,0.1429,0.0,0.0,0.7,0.0,0.3,0.0,0.0,1.0,0.4286,0.5714
ai,Lipschitz-Equivalent-Separable-Banach-Spaces-Need-Not-Be-Linearly-Isomorphic-September-24-2026,math.FA,2026,15,23,1.5333,0.8261,0.6522,0.8261,0.0,0.5217,0.8696,1,0.0,0.7333,0.1739,23,0.1333,0.4,0.0,0.0,0.5217,0.0,0.4783,0.0,0.0,1.0,0.2667,0.8
ai,Localization-costs-and-information-growth-for-exact-Gaussian-observations-September-27-2026,cs.LG,2026,15,36,2.4,0.5833,0.5278,0.5833,0.2222,0.4167,0.5278,1,0.0,0.3333,0.2222,9,0.2,0.2667,0.0,0.0,0.4167,0.0,0.5833,0.0,0.0,1.0,0.1333,0.4667
ai,Log-abundance-for-compact-Kahler-spaces-under-logarithmic-Iitaka-subadditivity-October-4-2026,math.AG,2026,63,191,3.1111,0.8429,0.7592,0.8848,0.7277,0.1152,0.3194,1.0262,0.0,0.5556,0.1224,9.5,0.2903,0.2258,0.0,0.0,0.1152,0.0,0.8848,0.0,0.0,0.9841,0.5714,0.6349
ai,Log-abundance-in-characteristic-zero-September-24-2026,math.AG,2026,62,117,1.9355,0.8718,0.8034,0.8718,0.5299,0.265,0.3846,1.0256,0.0085,0.5161,0.075,14.0,0.1129,0.2097,0.0,0.0,0.265,0.0598,0.6752,0.0,0.0,1.0,0.371,0.6613
ai,Log-abundance-in-numerical-dimension-one-for-threefolds-in-positive-characteristic-October-5-2026,math.AG,2026,24,44,2.1667,0.6818,0.4545,0.6818,0.3409,0.4091,0.5909,1.1818,0.0455,0.625,0.2115,10.0,0.2083,0.125,0.0,0.0,0.4091,0.0,0.5909,0.0,0.0,1.0,0.125,0.875
ai,Logarithmic-Kodaira-dimension-and-whole-fiber-variation-September-26-2026,math.AG,2026,49,97,2.2653,0.5979,0.5258,0.6392,0.6289,0.299,0.4124,1.1443,0.0309,0.4898,0.0991,16,0.2041,0.3061,0.0,0.0,0.299,0.0,0.701,0.0,0.0,1.0,0.3878,0.6327
ai,Logarithmic-Relative-Fluctuations-in-the-Weakly-Disordered-Planar-Ising-Model-October-5-2026,math.PR,2026,21,35,1.8571,0.4571,0.4,0.4571,0.2571,0.5143,0.7714,1.1143,0.0,0.7143,0.2564,21,0.1429,0.4286,0.0,0.0,0.5143,0.0,0.4857,0.0,0.0,1.0,0.2857,0.8571
ai,Marked-polygon-correlations-and-one-arc-bounds-September-26-2026,math.CO,2026,14,30,2.2143,0.5667,0.5333,0.6,0.2333,0.2667,0.4333,1.0333,0.0,0.8571,0.5484,26.5,0.0714,0.3571,0.0,0.0,0.2667,0.0,0.7333,0.0,0.0,1.0,0.3571,0.6429
ai,Mass-and-covering-exponents-for-fixed-length-honeycomb-walks-September-26-2026,math.PR,2026,13,22,1.6923,0.4091,0.4091,0.4545,0.0,0.5,0.8182,1,0.0,0.5385,0.1818,14,0.3077,0.2308,0.0,0.0,0.5,0.0,0.5,0.0,0.0,1.0,0.1538,0.6154
ai,Matrix-Multiplication-Nine-Fourths-October-2-2026,cs.DS,2026,19,23,1.4737,0.1304,0.0,0.1304,0.1739,0.6957,0.7391,1.2174,0.0,0.7895,0.1429,14,0.3158,0.4211,0.0,0.0,0.6957,0.0,0.2174,0.0,0.087,1.0,0.1053,0.8421
ai,Maximal-Multipoint-Seshadri-Constants-in-Higher-Dimensions-October-5-2026,math.AG,2026,24,20,0.8333,0.7,0.55,0.7,0.0,0.7,0.75,1,0.0,0.5,0.15,18.0,0.2083,0.2083,0.0,0.0,0.7,0.0,0.3,0.0,0.0,1.0,0.4583,0.5833
ai,Maximal-Seshadri-Constants-on-Arbitrary-Polarized-Surfaces-September-23-2026,math.AG,2026,19,27,1.4211,0.8889,0.6667,0.8889,0.2963,0.5926,0.6296,1,0.0,0.8947,0.2963,17,0.2105,0.1053,0.0,0.0,0.5926,0.0,0.4074,0.0,0.0,1.0,0.5789,0.4737
ai,Maximal-multipoint-Seshadri-constants-in-positive-characteristic-October-5-2026,math.AG,2026,15,24,1.7333,0.8333,0.625,0.8333,0.0833,0.5,0.5833,1.0833,0.0417,0.5333,0.1923,17,0.2,0.2667,0.0,0.0,0.5,0.0,0.5,0.0,0.0,1.0,0.3333,0.8
ai,Mean-payoff-parity-games-in-quasipolynomial-time-October-5-2026,cs.GT,2026,11,27,2.4545,0.5556,0.4815,0.5556,0.0741,0.7037,0.7407,1,0.0,0.3636,0.1852,9,0.0909,0.0,0.0,0.0,0.7037,0.0,0.2963,0.0,0.0,1.0,0.2727,0.9091
ai,Memory-and-precision-in-noiseless-Gaussian-regression-September-27-2026,cs.LG,2026,17,30,1.7647,0.8,0.6667,0.8333,0.4667,0.0,0.7667,1,0.0,0.5882,0.2333,11.5,0.0714,0.2143,0.0,0.0,0.0,0.0,0.8333,0.0,0.1667,0.8235,0.2353,0.2941
ai,Metric-Markov-Cotype-Two-of-l1-October-5-2026,math.FA,2026,5,16,3.2,0.625,0.4375,0.625,0.125,0.625,0.625,1,0.0,0.4,0.5,13,0.2,0.2,0.0,0.0,0.625,0.0,0.375,0.0,0.0,1.0,0.2,1.0
ai,Metric-descent-and-rank-preserving-contractions-September-26-2026,math.AG,2026,39,89,2.6667,0.618,0.5506,0.618,0.4719,0.2809,0.4494,1.1685,0.0449,0.2821,0.0577,13,0.1795,0.2308,0.0,0.0,0.2809,0.0,0.7191,0.0,0.0,1.0,0.359,0.6923
ai,Metric-measure-limits-of-subcritical-FK-and-spanning-tree-planar-maps-September-24-2026,math.PR,2026,39,122,3.1795,0.8197,0.7705,0.8361,0.3525,0.1967,0.4918,1.0164,0.0,0.5385,0.2016,7,0.1795,0.0513,0.0,0.0,0.1967,0.0,0.8033,0.0,0.0,1.0,0.8718,0.8462
ai,Microscopic-jamming-in-the-negative-spherical-perceptron-September-24-2026,math.PR,2026,23,39,1.6957,0.359,0.2564,0.359,0.0,0.0,0.7179,1,0.0,0.3478,0.0769,13,0.1739,0.1304,0.0,0.0,0.0,0.0,1.0,0.0,0.0,1.0,0.3043,0.913
ai,Midpoint-convexity-from-bounded-tree-potentials-and-path-costs-September-27-2026,math.FA,2026,10,16,1.6,0.75,0.5625,0.75,0.0625,0.6875,0.75,1,0.0,0.7,0.3125,20.5,0.1,0.3,0.0,0.0,0.6875,0.0,0.3125,0.0,0.0,1.0,0.4,0.9
ai,Midpoint-convexity-from-two-recursive-potentials-September-27-2026,math.FA,2026,8,11,1.375,0.8182,0.6364,0.8182,0.0909,0.8182,0.8182,1,0.0,0.625,0.1818,23.5,0.25,0.25,0.0,0.0,0.8182,0.0,0.1818,0.0,0.0,1.0,0.375,0.75
ai,Midpoint-lenses-in-segment-spaces-September-27-2026,math.FA,2026,7,10,1.4286,1.0,0.6,1.0,0.0,0.8,1.0,1,0.0,0.5714,0.2,10,0.2857,0.1429,0.0,0.0,0.8,0.0,0.2,0.0,0.0,1.0,0.4286,0.7143
ai,Milnes-rationality-conjecture-for-abelian-varieties-September-23-2026,math.NT,2026,35,101,2.9714,0.9406,0.7228,0.9505,0.5545,0.2475,0.4158,1.0297,0.0099,0.2069,0.1827,18,0.2286,0.2286,0.0,0.0,0.2475,0.0,0.7525,0.0,0.0,1.0,0.2,0.4571
ai,Minimal-metrics-and-interior-injectivity-for-nef-adjoints-September-27-2026,math.AG,2026,22,40,1.8182,0.925,0.85,0.925,0.25,0.45,0.475,1,0.0,0.4545,0.075,15.5,0.1364,0.2273,0.0,0.0,0.45,0.0,0.55,0.0,0.0,1.0,0.4545,0.2727
ai,Minimal-models-and-Mori-fibre-spaces-for-generalized-log-canonical-Q-pairs-September-24-2026,math.AG,2026,40,72,2.0,0.5139,0.4861,0.5139,0.375,0.3889,0.625,1.1111,0.0417,0.45,0.125,10.0,0.225,0.1,0.0,0.0,0.3889,0.0139,0.5972,0.0,0.0,1.0,0.775,0.675
ai,Minimal-models-in-numerical-dimension-one-September-24-2026,math.AG,2026,18,40,2.2222,0.8,0.625,0.8,0.5,0.525,0.475,1,0.0,0.5,0.25,20.5,0.1111,0.2222,0.0,0.0,0.525,0.0,0.475,0.0,0.0,1.0,0.2778,0.7778
ai,Modularity-of-elliptic-curves-over-imaginary-quadratic-fields-October-4-2026,math.NT,2026,41,50,1.4878,0.48,0.44,0.48,0.3,0.42,0.46,1.22,0.04,0.8537,0.1967,31,0.0976,0.5366,0.0,0.0,0.42,0.02,0.56,0.0,0.0,1.0,0.0244,0.7317
ai,Monochromatic-finite-sums-and-products-in-the-positive-integers-September-23-2026,math.CO,2026,37,51,1.5135,0.6275,0.4902,0.6667,0.0784,0.4314,0.549,1.098,0.0,0.7027,0.0893,14,0.2162,0.2432,0.0,0.0,0.4314,0.0,0.5686,0.0,0.0,1.0,0.2973,0.6486
ai,Nagatas-Conjecture-for-Plane-Curves-September-23-2026,math.AG,2026,17,21,1.3529,0.381,0.1905,0.381,0.1429,0.5714,0.6667,1.0952,0.0,0.7059,0.1304,15,0.1765,0.1765,0.0,0.0,0.5714,0.0,0.4286,0.0,0.0,1.0,0.5882,0.8235
ai,Natural-Occupation-Measures-for-Critical-Square-Lattice-FK-Interfaces-October-5-2026,math.PR,2026,60,51,0.8667,0.549,0.3725,0.6275,0.098,0.2941,0.6275,1.0196,0.0,0.5556,0.2692,11.5,0.15,0.1,0.0,0.0,0.2941,0.2941,0.4118,0.0,0.0,1.0,0.6833,0.8167
ai,Near-Inclusions-of-von-Neumann-Algebras-Without-Small-Spatial-Embeddings-October-5-2026,,2026,11,14,1.5455,0.5,0.5,0.5,0.1429,0.7143,0.7143,1.2143,0.0714,0.4545,0.1176,46,0.0,0.9091,0.0,0.0,0.7143,0.0,0.2857,0.0,0.0,1.0,0.0,0.9091
ai,Near-square-root-logarithmic-integrality-gaps-for-uniform-sparsest-cut-September-24-2026,math.MG,2026,22,25,1.4091,0.12,0.04,0.12,0.16,0.64,0.68,1.24,0.04,0.7273,0.0968,19.5,0.0909,0.2273,0.0,0.0,0.64,0.0,0.32,0.0,0.04,1.0,0.1364,0.4091
ai,Nearly-minimal-maxima-and-positive-minima-of-Littlewood-polynomials-October-5-2026,math.CA,2026,12,20,1.6667,0.5,0.3,0.5,0.05,0.55,0.6,1,0.0,0.75,0.35,29.0,0.0833,0.5,0.0,0.0,0.55,0.0,0.45,0.0,0.0,1.0,0.1667,0.8333
ai,No-bigeodesics-in-planar-first-passage-percolation-September-24-2026,math.PR,2026,19,38,2.0526,0.6053,0.4474,0.6316,0.1579,0.5263,0.6842,1.0263,0.0,0.6316,0.3333,18,0.1579,0.3684,0.0,0.0,0.5263,0.0,0.2368,0.0,0.2368,1.0,0.2105,0.8947
ai,No-percolation-at-criticality-on-quasi-transitive-graphs-September-24-2026,math.PR,2026,35,55,1.7429,0.4727,0.2364,0.4909,0.0545,0.5636,0.7273,1.1091,0.0,0.5143,0.1148,20,0.1714,0.3714,0.0,0.0,0.5636,0.0,0.4364,0.0,0.0,1.0,0.3429,0.8571
ai,Nonhomeomorphic-closed-aspherical-four-manifolds-with-the-same-homotopy-type-October-4-2026,math.GT,2026,29,87,3.1379,0.8046,0.5747,0.8046,0.4253,0.2184,0.3793,1.046,0.0,0.6552,0.2857,26,0.1034,0.4483,0.0,0.0,0.2184,0.0,0.7816,0.0,0.0,1.0,0.069,0.6552
ai,Nonsingular-systems-of-equations-over-arbitrary-groups-October-5-2026,math.GR,2026,16,25,1.5625,0.72,0.52,0.72,0.12,0.68,0.72,1,0.0,0.6875,0.24,17.5,0.25,0.3125,0.0,0.0,0.68,0.0,0.32,0.0,0.0,1.0,0.125,0.625
ai,Nontrivial-Markov-Type-Forces-Superreflexivity-September-23-2026,,2026,16,16,1.3125,0.125,0.125,0.125,0.0,0.8125,0.8125,1.3125,0.0625,0.6875,0.0952,37.0,0.0,0.5625,0.0,0.0,0.8125,0.0,0.0,0.0,0.1875,1.0,0.0,1.0
ai,Nonuniqueness-for-Bounded-Measurable-Scalar-Conductivities-in-Three-Dimensions-September-23-2026,,2026,13,22,1.6923,0.6364,0.5455,0.6364,0.0455,0.6818,0.9091,1,0.0,0.5385,0.1818,18,0.0769,0.3077,0.0,0.0,0.6818,0.0,0.3182,0.0,0.0,1.0,0.0,0.6923
ai,Nonuniqueness-for-the-periodic-hard-sphere-Boltzmann-equation-September-23-2026,math.AP,2026,15,21,1.6,0.619,0.4762,0.619,0.0,0.6667,0.7619,1.1429,0.0476,0.6,0.125,27,0.2,0.4,0.0,0.0,0.6667,0.0476,0.2857,0.0,0.0,1.0,0.2667,1.0
ai,Nonuniqueness-of-percolation-on-nonamenable-quasi-transitive-graphs-September-24-2026,math.PR,2026,39,77,2.1538,0.6234,0.5065,0.6494,0.2208,0.5325,0.7013,1.0909,0.0,0.4103,0.0952,21,0.0513,0.2308,0.0,0.0,0.5325,0.1818,0.2857,0.0,0.0,1.0,0.4872,0.8974
ai,Nonuniqueness-with-local-conservation-for-the-hard-sphere-Boltzmann-equation-October-5-2026,math.AP,2026,18,31,1.7222,0.7419,0.2258,0.7419,0.0,0.4516,0.5806,1,0.0,0.8889,0.4194,22.0,0.2778,0.3889,0.0,0.0,0.4516,0.0,0.5484,0.0,0.0,1.0,0.2778,0.8889
ai,Nuclear-dimension-and-Jiang-Su-stability-without-elementary-subquotients-September-23-2026,math.OA,2026,34,72,2.1765,0.7361,0.7083,0.7361,0.1667,0.5556,0.7639,1.0278,0.0139,0.4118,0.0946,11.5,0.1765,0.1176,0.0,0.0,0.5556,0.2361,0.2083,0.0,0.0,1.0,0.6176,0.7059
ai,Numerical-Semiampleness-of-Nef-Adjoint-Divisors-October-3-2026,math.AG,2026,30,69,2.4333,0.5942,0.5217,0.6667,0.1449,0.2464,0.4058,1.058,0.0,0.5333,0.2192,15.5,0.1667,0.1333,0.0,0.0,0.2464,0.087,0.6667,0.0,0.0,1.0,0.1333,0.7667
ai,Numerical-semiampleness-of-nef-adjoint-classes-on-compact-Kahler-manifolds-October-4-2026,math.AG,2026,39,78,2.2821,0.6923,0.5385,0.6923,0.3846,0.2308,0.4744,1.141,0.0385,0.5128,0.1573,16,0.2564,0.3077,0.0,0.0,0.2308,0.0,0.7692,0.0,0.0,1.0,0.5128,0.7436
ai,One-Rational-Matrix-Hitting-Point-for-Noncommutative-Formulas-September-24-2026,cs.CC,2026,15,25,1.6667,0.8,0.8,0.8,0.0,0.68,0.68,1,0.0,0.4667,0.12,16,0.2667,0.1333,0.0,0.0,0.68,0.0,0.32,0.0,0.0,1.0,0.3333,0.7333
ai,One-Sample-Suffices-for-Matroid-Prophet-Inequalities-against-an-Almighty-Adversary-September-23-2026,cs.DS,2026,18,28,1.6111,0.5,0.25,0.5,0.0357,0.6429,0.75,1.0357,0.0,0.5556,0.1379,10.5,0.3333,0.1667,0.0,0.0,0.6429,0.0,0.3571,0.0,0.0,1.0,0.7222,0.7778
ai,One-sided-negative-sectional-curvature-and-the-holomorphic-Liouville-property-September-25-2026,math.CV,2026,15,25,1.7333,0.84,0.52,0.84,0.2,0.64,0.84,1.04,0.0,0.4667,0.1154,20,0.0667,0.1333,0.0,0.0,0.64,0.0,0.36,0.0,0.0,1.0,0.5333,0.8
ai,Open-Homomorphisms-of-Global-Solvably-Closed-Galois-Groups-October-5-2026,math.NT,2026,16,26,1.9375,0.5769,0.3846,0.5769,0.1154,0.5385,0.8077,1.1923,0.0385,0.5,0.2258,45.0,0.25,0.625,0.0,0.0,0.5385,0.0,0.4615,0.0,0.0,1.0,0.0625,0.875
ai,Optimal-order-mixing-of-the-Thorp-shuffle-September-26-2026,math.PR,2026,19,23,1.3684,0.6957,0.5652,0.6957,0.0,0.6957,0.6957,1.1304,0.0,0.6842,0.1154,17,0.1579,0.2105,0.0,0.0,0.6957,0.0,0.3043,0.0,0.0,1.0,0.2632,0.6842
ai,Orbifold-and-logarithmic-Iitaka-subadditivity-September-26-2026,math.AG,2026,62,115,2.1774,0.7565,0.7217,0.7739,0.4261,0.2348,0.4174,1.1739,0.0435,0.5645,0.1333,16.0,0.1774,0.3226,0.0,0.0,0.2348,0.0,0.7478,0.0,0.0174,1.0,0.3226,0.7258
ai,Ordinary-two-point-correlations-of-multiplicative-functions-September-24-2026,math.NT,2026,21,45,2.2381,0.8,0.4,0.8222,0.0889,0.5111,0.6667,1.0444,0.0,0.6667,0.2128,16,0.1429,0.2857,0.0,0.0,0.5111,0.0,0.4889,0.0,0.0,1.0,0.381,0.5238
ai,P-equals-W-in-composite-rank-for-fixed-determinant-September-24-2026,math.AG,2026,32,64,2.25,0.7188,0.5,0.7344,0.3438,0.4062,0.5938,1.125,0.0156,0.4375,0.0972,20.0,0.2188,0.3438,0.0,0.0,0.4062,0.0,0.5938,0.0,0.0,1.0,0.3125,0.7812
ai,Paired-states-and-Hamiltonian-cycles-in-cubic-bipartite-planar-graphs-September-24-2026,math.CO,2026,15,23,1.6,0.5652,0.4783,0.5652,0.1304,0.6957,0.6957,1.0435,0.0,0.6667,0.25,21,0.1333,0.4,0.0,0.0,0.6957,0.0,0.3043,0.0,0.0,1.0,0.4667,0.6
ai,Parabolic-intersections-in-Artin-groups-September-23-2026,math.GR,2026,32,60,1.9688,0.8833,0.7833,0.8833,0.1333,0.4667,0.7833,1.05,0.0,0.5938,0.1429,12.0,0.3438,0.125,0.0,0.0,0.4667,0.0,0.5333,0.0,0.0,1.0,0.75,0.625
ai,Parity-lifts-and-bounded-treewidth-witnesses-for-Weisfeiler-Leman-equivalence-September-25-2026,math.CO,2026,12,20,1.75,0.6,0.4,0.6,0.1,0.6,0.55,1.05,0.0,0.5,0.1905,7.5,0.4167,0.1667,0.0,0.0,0.6,0.0,0.4,0.0,0.0,1.0,0.3333,0.75
ai,Path-selection-and-an-elliptic-inequality-on-degenerating-Ricci-flat-trees-September-24-2026,math.DG,2026,13,18,1.4615,0.6667,0.6111,0.6667,0.0,0.6111,0.7222,1.0556,0.0,0.6154,0.1579,8,0.0769,0.1538,0.0,0.0,0.6111,0.0,0.3889,0.0,0.0,1.0,0.6923,0.7692
ai,Perfect-completeness-for-2-to-1-games-September-23-2026,cs.CC,2026,28,40,1.5714,0.55,0.475,0.55,0.125,0.475,0.7,1.1,0.025,0.7143,0.1591,12.0,0.1786,0.0714,0.0,0.0,0.475,0.0,0.525,0.0,0.0,1.0,0.0357,0.8214
ai,Pettys-projection-volume-conjecture-in-dimensions-at-least-four-September-24-2026,math.MG,2026,21,37,1.7619,0.7568,0.4865,0.7568,0.2703,0.3514,0.4595,1,0.0,0.619,0.1351,11,0.1429,0.1905,0.0,0.0,0.3514,0.0,0.6486,0.0,0.0,1.0,0.2857,0.7143
ai,Planar-Graph-Metrics-Embed-into-L1-with-Constant-Distortion-September-23-2026,cs.CG,2026,19,27,1.4737,0.2963,0.2222,0.3333,0.0741,0.7778,0.7778,1.037,0.0,0.7895,0.1429,18,0.1579,0.2105,0.0,0.0,0.7778,0.0,0.2222,0.0,0.0,1.0,0.0526,0.9474
ai,Pointwise-Multiple-Ergodic-Averages-for-Mixing-Transformations-October-4-2026,math.DS,2026,18,32,1.8333,0.8125,0.6562,0.8125,0.0938,0.4375,0.7188,1.0312,0.0,0.7222,0.3333,15.0,0.2778,0.3333,0.0,0.0,0.4375,0.0,0.4375,0.0,0.125,1.0,0.0556,0.6667
ai,Pointwise-convergence-of-fourfold-ergodic-averages-for-mixing-transformations-October-4-2026,math.DS,2026,26,36,1.4615,0.4444,0.4167,0.4444,0.1667,0.4722,0.6944,1.0556,0.0,0.6923,0.1053,20.0,0.2692,0.3846,0.0,0.0,0.4722,0.0,0.3611,0.0,0.1667,1.0,0.1538,0.2308
ai,Pointwise-convergence-of-triple-ergodic-averages-for-mixing-transformations-October-4-2026,math.CA,2026,25,87,3.6,0.8161,0.1034,0.8161,0.1379,0.2414,0.3448,1.0345,0.0,0.72,0.6556,21,0.12,0.32,0.0,0.0,0.2414,0.0,0.7586,0.0,0.0,1.0,0.48,0.76
ai,Polynomial-Hitting-Lists-for-Noncommutative-Rational-Formulas-September-24-2026,cs.CC,2026,22,36,1.9091,0.4722,0.25,0.4722,0.0556,0.6111,0.7222,1.1667,0.0278,0.5,0.1429,11.0,0.0909,0.1364,0.0,0.0,0.6111,0.0,0.3889,0.0,0.0,1.0,0.2273,0.7727
ai,Polynomial-Mixing-of-the-Switch-Chain-for-Every-Graphical-Degree-Sequence-September-25-2026,math.CO,2026,26,34,1.4615,0.5,0.3824,0.5294,0.0882,0.5882,0.7353,1.1176,0.0294,0.7692,0.1053,10.5,0.2308,0.1154,0.0,0.0,0.5882,0.0,0.4118,0.0,0.0,1.0,0.3077,0.6538
ai,Polynomial-PEPS-approximation-of-gapped-square-grid-ground-states-September-24-2026,quant-ph,2026,23,40,1.7826,0.575,0.275,0.575,0.125,0.375,0.725,1.025,0.0,0.8261,0.3902,16,0.1304,0.1304,0.0,0.0,0.375,0.175,0.325,0.0,0.125,1.0,0.7826,0.8696
ai,Polynomial-Time-Unitary-Synthesis-from-a-Boolean-Oracle-October-5-2026,quant-ph,2026,17,18,1.1176,0.3333,0.1667,0.3333,0.0556,0.5,0.6111,1.0556,0.0,0.8824,0.1053,8,0.2941,0.0588,0.0,0.0,0.5,0.0,0.5,0.0,0.0,1.0,0.1765,0.8824
ai,Polynomial-removal-fails-for-ordered-binary-matrices-September-25-2026,cs.DS,2026,6,9,1.5,0.7778,0.5556,0.7778,0.0,1.0,1.0,1,0.0,0.8333,0.4444,7.5,0.1667,0.0,0.0,0.0,1.0,0.0,0.0,0.0,0.0,1.0,0.5,1.0
ai,Polynomial-vacuum-representations-and-bridge-mass-for-honeycomb-walks-September-26-2026,math-ph,2026,24,29,1.3333,0.5172,0.2759,0.5172,0.2069,0.0,0.6552,1.1034,0.0345,0.75,0.0938,20.5,0.0833,0.2917,0.0,0.0,0.0,0.069,0.931,0.0,0.0,1.0,0.5417,0.875
ai,Positive-Metric-Entropy-for-the-Standard-Map-at-Large-Parameters-September-23-2026,math.DS,2026,17,18,1.1765,0.2778,0.2222,0.2778,0.0556,0.8333,0.8333,1.1111,0.0556,0.8235,0.1,20,0.0588,0.4118,0.0,0.0,0.8333,0.0,0.1667,0.0,0.0,1.0,0.1176,0.7647
ai,Positive-eigenvalues-of-the-relative-SU-2-BFSS-Hamiltonian-October-5-2026,math.CO,2026,10,10,1.0,1.0,0.3,1.0,0.1,0.9,0.8,1,0.0,1.0,0.1,32.0,0.0,0.6,0.0,0.0,0.9,0.0,0.1,0.0,0.0,1.0,0.1,0.9
ai,Positive-lower-density-of-large-prime-gaps-September-25-2026,math.NT,2026,18,18,1.2222,0.4444,0.2778,0.4444,0.0,0.6667,0.6667,1.2222,0.0,0.8333,0.1364,22.0,0.0556,0.4444,0.0,0.0,0.6667,0.0,0.3333,0.0,0.0,1.0,0.3333,0.6667
ai,Positive-scalar-curvature-and-uniform-codimension-two-width-September-23-2026,math.DG,2026,38,64,1.7632,0.8281,0.6875,0.8281,0.4375,0.4531,0.5156,1.0469,0.0,0.6842,0.1642,16.5,0.1842,0.4211,0.0,0.0,0.4531,0.0,0.0938,0.0,0.4531,1.0,0.3684,0.6053
ai,Positive-scalar-curvature-forces-rational-inessentiality-September-23-2026,math.DG,2026,32,38,1.2812,0.6842,0.5263,0.6842,0.3947,0.5526,0.6579,1.0789,0.0,0.75,0.0732,24.5,0.1562,0.4375,0.0,0.0,0.5526,0.1579,0.2895,0.0,0.0,1.0,0.2812,0.8125
ai,Positively-curved-Einstein-four-manifolds-September-23-2026,math.DG,2026,32,45,1.6562,0.6889,0.6222,0.7111,0.1111,0.3556,0.5556,1.1778,0.0889,0.5625,0.1132,28.0,0.1562,0.4688,0.0,0.0,0.3556,0.0,0.4667,0.0,0.1778,1.0,0.1875,0.75
ai,Positivity-of-Serres-Intersection-Multiplicity-September-23-2026,math.AC,2026,29,46,1.6897,0.6739,0.5217,0.6957,0.4565,0.4348,0.5435,1.0652,0.0217,0.6207,0.102,16,0.2069,0.2414,0.0,0.0,0.4348,0.0,0.5652,0.0,0.0,1.0,0.4483,0.6207
ai,Posterior-replicas-and-conditional-information-in-Gaussian-regression-September-27-2026,cs.LG,2026,19,30,1.5789,0.9,0.5667,0.9,0.1667,0.4333,0.7,1,0.0,0.5263,0.1,10,0.1053,0.3158,0.0,0.0,0.4333,0.0,0.5667,0.0,0.0,1.0,0.1579,0.6316
ai,Power-law-violations-of-Yaus-nodal-upper-bound-September-23-2026,math.AP,2026,12,14,1.1667,0.7143,0.3571,0.7143,0.2857,0.6429,0.6429,1,0.0,0.8333,0.1429,11.0,0.1667,0.25,0.0,0.0,0.6429,0.0,0.3571,0.0,0.0,1.0,0.1667,0.75
ai,Prefix-Instructions-and-Incompressible-Flows-September-27-2026,math.DS,2026,10,19,2.2,0.6316,0.4737,0.6316,0.1579,0.5263,0.7368,1.1579,0.0,0.5,0.1818,35.5,0.3,0.6,0.0,0.0,0.5263,0.0,0.4737,0.0,0.0,1.0,0.3,0.9
ai,Prescribed-large-volume-charges-on-threefolds-with-trivial-canonical-bundle-September-24-2026,math.AG,2026,29,81,2.9655,0.7778,0.6667,0.7778,0.4074,0.3333,0.6173,1.0617,0.0123,0.3103,0.1744,9,0.2759,0.069,0.0,0.0,0.3333,0.0,0.6667,0.0,0.0,1.0,0.6897,0.6552
ai,Prime-Predecessors-with-an-Even-Number-of-Prime-Factors-September-17-2026,math.NT,2026,5,16,3.2,0.5625,0.375,0.625,0.0,0.25,0.4375,1,0.0,0.8,0.75,14,0.2,0.0,0.0,0.0,0.25,0.0625,0.6875,0.0,0.0,1.0,0.4,0.6
ai,Primitive-roots-for-every-admissible-integer-base-October-4-2026,math.NT,2026,30,97,3.5333,0.866,0.6082,0.866,0.3918,0.1546,0.3505,1.0928,0.0103,0.4333,0.2736,35.5,0.2,0.5333,0.0,0.0,0.1546,0.0,0.5464,0.0,0.299,1.0,0.0667,0.7333
ai,Product-projection-localization-and-the-QAC0-parity-lower-bound-September-24-2026,quant-ph,2026,26,42,1.6154,0.4524,0.381,0.4524,0.0952,0.619,0.619,1,0.0,0.7692,0.2143,7.5,0.4231,0.1923,0.0,0.0,0.619,0.0,0.381,0.0,0.0,1.0,0.4615,0.5769
ai,Projection-moments-positive-cap-domination-and-Riesz-estimates-on-the-sphere-September-27-2026,cs.LG,2026,15,26,1.7333,0.9231,0.7308,0.9231,0.3077,0.4615,0.5,1,0.0,0.5333,0.1538,12,0.0769,0.2308,0.0,0.0,0.4615,0.0,0.5385,0.0,0.0,0.8667,0.2667,0.0
ai,Projective-Hodge-lines-and-ordinary-Iitaka-subadditivity-September-27-2026,math.AG,2026,28,69,2.8214,0.7681,0.7246,0.7681,0.3478,0.2754,0.4058,1.1449,0.0145,0.5,0.1139,19.0,0.1429,0.3929,0.0,0.0,0.2754,0.0,0.7246,0.0,0.0,1.0,0.3929,0.7143
ai,Projective-Space-Bases-of-Lagrangian-Fibrations-September-23-2026,math.AG,2026,58,97,1.7414,0.8351,0.6392,0.8557,0.5773,0.2268,0.4536,1.0412,0.0,0.6207,0.1089,18,0.1754,0.2632,0.0,0.0,0.2268,0.0825,0.6907,0.0,0.0,0.9828,0.5517,0.5517
ai,Pure-Point-Spectrum-for-the-Two-Dimensional-Anderson-Model-at-Every-Positive-Disorder-September-23-2026,math-ph,2026,16,19,1.1875,0.3158,0.3158,0.3158,0.0,0.6842,0.7895,1,0.0,0.875,0.1579,36.5,0.125,0.5625,0.0,0.0,0.6842,0.0,0.3158,0.0,0.0,1.0,0.125,0.75
ai,Purely-Cosmetic-Surgery-on-Knots-in-the-Three-Sphere-September-23-2026,math.GT,2026,59,81,1.5254,0.6049,0.5432,0.6049,0.4938,0.3086,0.4321,1.1111,0.0247,0.7458,0.0778,27,0.1186,0.3729,0.0,0.0,0.3086,0.0,0.6914,0.0,0.0,1.0,0.4915,0.7966
ai,QAOA-attains-the-SK-ground-state-energy-in-the-thermodynamic-first-limit-September-25-2026,math.PR,2026,23,54,2.3913,0.4444,0.3889,0.537,0.1852,0.4074,0.4444,1.0185,0.0,0.4783,0.1636,9,0.3043,0.087,0.0,0.0,0.4074,0.0,0.2593,0.0,0.3333,1.0,0.7826,0.7391
ai,QMA-hardness-of-continuum-Coulomb-energy-with-unit-nuclear-charges-September-24-2026,quant-ph,2026,12,16,1.3333,0.8125,0.6875,0.8125,0.0625,0.5625,0.75,1,0.0,0.6667,0.125,16.0,0.1667,0.3333,0.0,0.0,0.5625,0.0,0.4375,0.0,0.0,1.0,0.25,0.5
ai,Quadratic-Stabilization-of-the-Canonical-Foulkes-Howe-Map-September-25-2026,math.RT,2026,11,18,1.6364,0.8333,0.6111,0.8333,0.1111,0.7222,0.5,1,0.0,0.7273,0.2778,18,0.0909,0.4545,0.0,0.0,0.7222,0.0,0.2778,0.0,0.0,1.0,0.3636,0.8182
ai,Quadratic-Strong-Operator-Paving-over-Arbitrary-Maximal-Abelian-Subalgebras-September-25-2026,math.FA,2026,19,40,2.1053,0.8,0.65,0.825,0.35,0.425,0.75,1,0.0,0.5789,0.275,27,0.0526,0.4737,0.0,0.0,0.425,0.0,0.575,0.0,0.0,1.0,0.1053,0.6842
ai,Quantitative-Near-Kerr-Evolution-and-Generic-C2-Future-Inextendibility-September-23-2026,gr-qc,2026,53,58,1.5094,0.2931,0.2241,0.2931,0.2241,0.5862,0.7586,1.3793,0.0862,0.6226,0.0875,13,0.2075,0.2075,0.0,0.0,0.5862,0.0,0.2759,0.0172,0.1207,1.0,0.566,0.8302
ai,Quantitative-Superexponential-Bounds-for-van-der-Waerden-Numbers-September-23-2026,math.CO,2026,25,33,1.36,0.4848,0.3636,0.4848,0.0,0.7576,0.7879,1.0303,0.0,0.88,0.1765,25,0.28,0.44,0.0,0.0,0.7576,0.0,0.2121,0.0,0.0303,1.0,0.2,0.72
ai,Quantum-Depletion-and-Momentum-Distribution-in-the-Dilute-Hard-Sphere-Bose-Gas-October-5-2026,math-ph,2026,26,68,2.7308,0.4412,0.3529,0.5441,0.2059,0.4118,0.7353,1.0441,0.0,0.5769,0.2535,5.5,0.3846,0.1538,0.0,0.0,0.4118,0.0,0.5882,0.0,0.0,1.0,0.3077,0.7692
ai,Quantum-Depletion-for-Fixed-Bounded-Repulsive-Potentials-October-5-2026,math-ph,2026,21,37,2.0,0.4324,0.1892,0.4324,0.027,0.6216,0.8378,1.1351,0.0,0.5238,0.2143,7,0.3333,0.1429,0.0,0.0,0.6216,0.0,0.3784,0.0,0.0,1.0,0.619,0.4286
ai,Quasipolynomial-Bounds-for-Arithmetic-Progressions-September-23-2026,math.CO,2026,48,55,1.3958,0.4,0.2727,0.4,0.0364,0.6727,0.6909,1.2182,0.0182,0.7708,0.0896,18.0,0.2083,0.25,0.0,0.0,0.6727,0.0,0.0364,0.0,0.2909,1.0,0.25,0.7292
ai,Quaternionic-Division-Points-on-Curves-in-the-Siegel-Threefold-September-24-2026,math.NT,2026,39,63,1.641,0.873,0.8095,0.873,0.5238,0.2698,0.4127,1.0159,0.0,0.641,0.0781,24,0.1282,0.4615,0.0,0.0,0.2698,0.0,0.7302,0.0,0.0,1.0,0.2308,0.8205
ai,Quenched-SLE-Universality-for-Weakly-Disordered-FK-Ising-Interfaces-October-5-2026,math-ph,2026,22,59,2.8636,0.4237,0.322,0.4576,0.4407,0.2373,0.4407,1.0678,0.0169,0.5909,0.2698,18.5,0.1364,0.4545,0.0,0.0,0.2373,0.1525,0.6102,0.0,0.0,1.0,0.1364,0.8182
ai,Quenched-SLE3-Universality-for-the-Weak-Random-Bond-Ising-Model-October-5-2026,math.PR,2026,27,53,2.0741,0.6038,0.3962,0.6038,0.2642,0.4717,0.6226,1.0566,0.0189,0.8148,0.4107,27,0.1481,0.4074,0.0,0.0,0.4717,0.0,0.5283,0.0,0.0,1.0,0.2963,0.8148
ai,Quenched-SLE3-limits-for-general-weak-random-bond-Ising-models-October-5-2026,math.PR,2026,28,77,3.1071,0.5974,0.2987,0.5974,0.1688,0.4026,0.5195,1.1299,0.013,0.5714,0.3333,26.5,0.1786,0.3929,0.0,0.0,0.4026,0.0,0.5974,0.0,0.0,1.0,0.2857,0.7857
ai,Radial-transfer-estimates-and-polygon-length-laws-for-honeycomb-walks-September-26-2026,math-ph,2026,17,27,2.1176,0.2222,0.1111,0.2222,0.0,0.0,0.5926,1.3333,0.037,0.3529,0.1667,24,0.1176,0.4118,0.0,0.0,0.0,0.0,1.0,0.0,0.0,1.0,0.3529,0.7647
ai,Radius-of-comparison-equals-half-the-mean-dimension-September-25-2026,math.OA,2026,17,36,2.1765,0.8611,0.6944,0.8611,0.25,0.6389,0.6944,1.0278,0.0,0.4706,0.1622,10,0.2353,0.0,0.0,0.0,0.6389,0.0,0.3611,0.0,0.0,1.0,0.4118,0.7059
ai,Ramanujan-Arthur-Decompositions-of-Cuspidal-Functions-at-Full-Finite-Level-September-24-2026,math.AG,2026,47,93,2.0426,0.9032,0.6774,0.9032,0.6774,0.1935,0.4194,1.0323,0.0108,0.5106,0.0833,14,0.2128,0.1915,0.0,0.0,0.1935,0.0,0.8065,0.0,0.0,1.0,0.5532,0.617
ai,Random-Walks-on-Critical-FK-Ising-Maps-and-Liouville-Brownian-Motion-October-5-2026,math.PR,2026,13,23,1.9231,0.5217,0.4783,0.5217,0.1739,0.5217,0.6522,1.087,0.0,0.6154,0.36,10,0.0769,0.1538,0.0,0.0,0.5217,0.0,0.4783,0.0,0.0,1.0,0.0769,0.7692
ai,Random-coordinate-frames-and-partial-permutation-laws-September-26-2026,math.PR,2026,26,56,2.3462,0.7143,0.6607,0.7143,0.3036,0.3036,0.4464,1.0893,0.0,0.6154,0.3115,17.0,0.1154,0.2308,0.0,0.0,0.3036,0.0,0.6964,0.0,0.0,1.0,0.1923,0.7692
ai,Random-subspace-tests-and-trace-smoothing-for-coordinate-sweeps-September-26-2026,math.PR,2026,14,14,1.2857,0.2857,0.0714,0.3571,0.2143,0.7857,0.8571,1.2857,0.0714,0.7143,0.1111,20.5,0.0714,0.2857,0.0,0.0,0.7857,0.0,0.2143,0.0,0.0,1.0,0.5,0.7857
ai,Randomized-quasipolynomial-time-mean-payoff-games-September-25-2026,cs.GT,2026,27,35,1.3704,0.4571,0.2571,0.4571,0.0286,0.8,0.9429,1.0571,0.0,0.7407,0.0811,8,0.2963,0.1481,0.0,0.0,0.8,0.0,0.1714,0.0,0.0286,1.0,0.2222,0.8889
ai,Rational-homology-and-Quillens-conjecture-September-24-2026,math.GR,2026,27,70,2.7037,0.7429,0.6714,0.7429,0.2143,0.2857,0.5571,1.0429,0.0,0.3704,0.0822,28,0.2222,0.4815,0.0,0.0,0.2857,0.1143,0.6,0.0,0.0,1.0,0.3704,0.7778
ai,Rationality-of-the-Canonical-Unramified-Arthur-Filtration-September-24-2026,math.AG,2026,30,80,2.7667,0.95,0.5875,0.9625,0.3875,0.2,0.6375,1.0375,0.0125,0.5,0.1566,10.5,0.3214,0.2143,0.0,0.0,0.2,0.3375,0.4625,0.0,0.0,0.9333,0.6,0.2333
ai,Reconstruction-from-Milnor-K-theory-modulo-the-characteristic-October-5-2026,math.AG,2026,8,13,1.625,0.9231,0.6923,0.9231,0.0,0.6154,0.6154,1,0.0,0.875,0.4615,12.5,0.125,0.25,0.0,0.0,0.6154,0.0,0.3846,0.0,0.0,1.0,0.25,0.625
ai,Reconstruction-of-Function-Fields-from-Mod-ell-Milnor-K-Theory-October-5-2026,math.AG,2026,15,36,2.4,0.7778,0.4444,0.7778,0.3056,0.3611,0.4444,1,0.0,0.6667,0.2778,8,0.2,0.0667,0.0,0.0,0.3611,0.0,0.6389,0.0,0.0,1.0,0.4,0.4
ai,Regular-trajectories-pruning-and-quantum-parity-September-24-2026,quant-ph,2026,22,32,1.7273,0.4375,0.4062,0.4375,0.0,0.6562,0.6875,1.1875,0.0312,0.5455,0.1053,4.0,0.5,0.1364,0.0,0.0,0.6562,0.0,0.3438,0.0,0.0,1.0,0.5455,0.5455
ai,Relative-denominators-and-effective-systems-for-log-Calabi-Yau-fibrations-September-27-2026,math.AG,2026,21,41,2.0,0.9756,0.878,0.9756,0.4878,0.3171,0.3659,1.0244,0.0,0.4286,0.119,13.0,0.2,0.1,0.0,0.0,0.3171,0.0,0.6829,0.0,0.0,0.9524,0.2857,0.8095
ai,Relative-generation-and-the-generator-problem-for-finite-factors-September-23-2026,math.OA,2026,23,38,1.8696,0.6842,0.5,0.6842,0.0789,0.5,0.5526,1.1316,0.0263,0.5217,0.1628,24,0.1739,0.4348,0.0,0.0,0.5,0.0,0.5,0.0,0.0,1.0,0.3913,0.8261
ai,Relative-independence-of-the-separable-quotient-problem-September-23-2026,math.FA,2026,22,38,1.8636,0.6053,0.4211,0.6053,0.2632,0.3421,0.4211,1.0789,0.0,0.5909,0.1707,31.5,0.0909,0.5455,0.0,0.0,0.3421,0.0,0.6579,0.0,0.0,1.0,0.3182,0.7727
ai,Removable-Boundaries-and-Rigidity-of-Circle-Domains-September-23-2026,math.CA,2026,17,22,1.4706,0.4545,0.4091,0.4545,0.3182,0.5,0.7273,1.1364,0.0455,0.6471,0.12,23,0.2353,0.4118,0.0,0.0,0.5,0.0,0.5,0.0,0.0,1.0,0.0588,0.7059
ai,Renewal-and-changes-of-law-for-critical-honeycomb-walks-September-26-2026,math.PR,2026,26,36,1.5,0.6944,0.5278,0.6944,0.0833,0.2222,0.4444,1.0833,0.0,0.6538,0.0769,13.0,0.3846,0.2308,0.0,0.0,0.2222,0.0,0.7778,0.0,0.0,1.0,0.1538,0.5
ai,Replacing-Gaussian-observations-in-memory-constrained-inference-September-27-2026,cs.LG,2026,12,17,1.5,0.8235,0.7647,0.8235,0.1176,0.5294,0.8235,1.0588,0.0,0.75,0.2778,9.0,0.0833,0.0833,0.0,0.0,0.5294,0.0,0.4706,0.0,0.0,1.0,0.25,0.4167
ai,Riesz-transforms-and-uniform-rectifiability-in-higher-codimension-September-24-2026,math.CA,2026,15,31,2.1333,0.7097,0.4516,0.7097,0.1935,0.0,0.6129,1.0323,0.0,0.4667,0.1562,12,0.2,0.2,0.0,0.0,0.0,0.0,0.7742,0.0968,0.129,1.0,0.6667,0.6
ai,Rigidity-of-Smooth-Billiards-with-a-Continuous-Caustic-Collar-September-24-2026,,2026,24,30,1.5,0.3,0.2,0.3,0.2667,0.5,0.7,1.2,0.0333,0.75,0.1111,18.0,0.1667,0.3333,0.0,0.0,0.5,0.0,0.5,0.0,0.0,1.0,0.0,0.8333
ai,Rigidity-of-the-Turing-degrees-September-24-2026,math.LO,2026,13,24,1.9231,0.5833,0.5417,0.5833,0.0417,0.6667,0.5833,1.0417,0.0,0.6923,0.28,24,0.1538,0.3077,0.0,0.0,0.6667,0.0,0.3333,0.0,0.0,1.0,0.1538,0.6154
ai,Rokhlins-multiple-mixing-problem-for-one-transformation-September-23-2026,math.DS,2026,21,30,1.5238,0.6,0.3333,0.6,0.1333,0.5667,0.7,1.0667,0.0,0.6667,0.125,32,0.1429,0.5238,0.0,0.0,0.5667,0.0,0.4333,0.0,0.0,1.0,0.2381,0.7143
ai,Routing-densities-and-representation-contraction-for-Thorp-sweeps-September-26-2026,math.PR,2026,31,38,1.4194,0.6316,0.5789,0.6316,0.1316,0.6053,0.7632,1.1579,0.0263,0.6774,0.0682,13,0.2581,0.129,0.0,0.0,0.6053,0.0,0.3947,0.0,0.0,1.0,0.3871,0.6129
ai,Row-column-symmetry-and-contraction-of-coordinate-sweeps-September-26-2026,math.PR,2026,23,40,1.7826,0.725,0.55,0.75,0.225,0.425,0.6,1.025,0.0,0.5652,0.122,19,0.1304,0.3043,0.0,0.0,0.425,0.0,0.575,0.0,0.0,1.0,0.3478,0.6957
ai,SLE3-universality-for-weak-finite-range-Ising-interactions-September-23-2026,math-ph,2026,26,44,1.7692,0.6364,0.4773,0.7045,0.3182,0.4091,0.8182,1.0455,0.0,0.5769,0.1957,14.0,0.1538,0.2308,0.0,0.0,0.4091,0.3864,0.2045,0.0,0.0,1.0,0.6923,0.8077
ai,Scalar-Potentials-and-Slow-Clocks-for-Forced-Fluid-Computation-September-27-2026,math.AP,2026,11,23,2.2727,0.6957,0.4348,0.6957,0.1739,0.0,0.5217,1.087,0.0,0.4545,0.2,35,0.2727,0.5455,0.0,0.0,0.0,0.0,1.0,0.0,0.0,1.0,0.3636,0.9091
ai,Scale-and-conformal-symmetry-in-four-dimensional-operational-quantum-field-theory-September-26-2026,hep-th,2026,42,44,1.1667,0.5,0.4091,0.5,0.25,0.3409,0.5909,1.1136,0.0,0.9048,0.0816,26.0,0.0238,0.4286,0.0,0.0,0.3409,0.25,0.4091,0.0,0.0,1.0,0.5476,0.7857
ai,Schnell-fiber-spaces-and-good-canonical-models-September-24-2026,math.AG,2026,10,30,3.0,0.9333,0.5667,0.9333,0.4,0.4667,0.4333,1,0.0,0.3,0.3667,13.5,0.3,0.2,0.0,0.0,0.4667,0.0,0.5333,0.0,0.0,1.0,0.3,0.6
ai,Self-dual-random-cluster-interfaces-below-one-September-23-2026,math.PR,2026,41,68,1.7805,0.6618,0.5147,0.7059,0.2059,0.5882,0.6912,1.0735,0.0,0.4634,0.0685,17,0.1707,0.3415,0.0,0.0,0.5882,0.0,0.3529,0.0,0.0588,1.0,0.4634,0.7805
ai,Semialgebraic-universal-covers-of-normal-projective-varieties-September-24-2026,math.AG,2026,63,105,1.7302,0.8762,0.7048,0.8952,0.6095,0.2095,0.3619,1.0381,0.0,0.5873,0.0642,34,0.0952,0.5238,0.0,0.0,0.2095,0.0,0.7905,0.0,0.0,1.0,0.1746,0.5397
ai,Sharp-Logarithmic-Exponents-for-Fixed-Off-Diagonal-Ramsey-Numbers-September-24-2026,math.CO,2026,27,35,1.4444,0.4571,0.4,0.4571,0.0286,0.6,0.6857,1.1143,0.0286,0.7037,0.1538,17,0.1481,0.3333,0.0,0.0,0.6,0.0,0.4,0.0,0.0,1.0,0.3333,0.8148
ai,Sharp-One-Dimensional-Lieb-Thirring-Constants-September-23-2026,math-ph,2026,22,24,1.2273,0.7083,0.5,0.7083,0.0833,0.6667,0.6667,1.125,0.0,0.8182,0.1111,29.0,0.0909,0.5,0.0,0.0,0.6667,0.0,0.3333,0.0,0.0,1.0,0.1818,0.8636
ai,Sharp-One-Third-Stability-of-Brenier-Maps-September-25-2026,math.PR,2026,17,21,1.2941,0.7143,0.6667,0.7143,0.0,0.8095,0.8095,1.0476,0.0,0.7647,0.1364,3,0.5294,0.1176,0.0,0.0,0.8095,0.0,0.1905,0.0,0.0,1.0,0.4706,0.5882
ai,Sharp-binary-information-contraction-on-the-discrete-cube-September-24-2026,cs.IT,2026,22,30,1.5455,0.3667,0.3333,0.3667,0.0,0.0,0.8,1.1333,0.0333,0.8182,0.1765,7.0,0.3636,0.1818,0.0,0.0,0.0,0.0,1.0,0.0,0.0,1.0,0.3182,0.7727
ai,Sharp-integral-fillings-in-CAT(0)-spaces-September-23-2026,math.DG,2026,31,46,1.5806,0.6739,0.5435,0.6739,0.2826,0.5217,0.7826,1.0652,0.0,0.5806,0.1224,22,0.1613,0.3871,0.0,0.0,0.5217,0.0,0.4783,0.0,0.0,1.0,0.3548,0.6774
ai,Sharp-mass-bounds-for-the-two-dimensional-O4-model-September-23-2026,math-ph,2026,40,31,1.325,0.1613,0.129,0.1613,0.0323,0.6452,0.6774,1.7097,0.2258,0.725,0.0566,46.0,0.1,0.8,0.0,0.0,0.6452,0.2258,0.129,0.0,0.0,1.0,0.15,0.925
ai,Sharp-nodal-length-on-smooth-surfaces-September-23-2026,math.AP,2026,13,15,1.2308,0.7333,0.5333,0.7333,0.1333,0.6667,0.8,1.0667,0.0,0.7692,0.125,31,0.0,0.5385,0.0,0.0,0.6667,0.0,0.3333,0.0,0.0,1.0,0.1538,0.7692
ai,Sharp-one-dimensional-Lieb-Thirring-inequalities-for-matrix-potentials-October-5-2026,math.SP,2026,14,25,1.8571,0.68,0.48,0.68,0.12,0.64,0.72,1.04,0.0,0.7143,0.3462,29.0,0.1429,0.5,0.0,0.0,0.64,0.0,0.36,0.0,0.0,1.0,0.0714,0.7143
ai,Sharpness-of-the-Cyclic-Integral-Floer-Bound-Below-the-Stable-Morse-Number-October-5-2026,math.SG,2026,14,18,1.3571,0.6667,0.5556,0.6667,0.1667,0.5,0.5,1.0556,0.0,0.7857,0.2105,27.0,0.2143,0.5,0.0,0.0,0.5,0.0,0.5,0.0,0.0,1.0,0.2857,0.5
ai,Short-Egyptian-fractions-September-25-2026,math.NT,2026,23,40,1.8261,0.825,0.55,0.825,0.25,0.625,0.675,1.05,0.0,0.5217,0.119,35,0.0476,0.5714,0.0,0.0,0.625,0.0,0.375,0.0,0.0,0.913,0.2174,0.5652
ai,Signed-cylinder-propagation-and-marked-polygons-on-the-honeycomb-lattice-September-26-2026,math-ph,2026,19,29,1.7895,0.4138,0.2069,0.4138,0.0345,0.4138,0.6897,1.1724,0.0345,0.5789,0.1765,23,0.1053,0.2632,0.0,0.0,0.4138,0.0,0.5862,0.0,0.0,1.0,0.3684,0.8421
ai,Signed-tensor-densities-and-diagram-budgets-for-coordinate-sweeps-September-26-2026,math.CO,2026,26,33,1.6154,0.6667,0.5455,0.6667,0.1212,0.3333,0.6667,1.2727,0.0606,0.6538,0.1667,17.5,0.0385,0.1923,0.0,0.0,0.3333,0.0,0.6667,0.0,0.0,1.0,0.4615,0.5769
ai,Simple-F-infinity-overgroups-of-groups-with-decidable-word-problem-September-23-2026,math.GR,2026,19,29,1.5263,0.6897,0.5172,0.7586,0.2069,0.4828,0.6207,1,0.0,0.7895,0.1724,39,0.3158,0.5263,0.0,0.0,0.4828,0.0,0.5172,0.0,0.0,1.0,0.2632,0.6842
ai,Simulating-One-Tape-Time-in-Two-Fifths-Power-Space-September-25-2026,cs.CC,2026,7,10,2.0,0.5,0.4,0.5,0.1,0.6,0.7,1.4,0.1,0.5714,0.2857,36,0.4286,0.5714,0.0,0.0,0.6,0.0,0.4,0.0,0.0,1.0,0.1429,0.7143
ai,Simultaneous-primitive-roots-a-conditional-lower-bound-for-prime-bases-October-4-2026,,2026,12,22,1.9167,0.5909,0.4091,0.5909,0.2727,0.4091,0.6818,1.0455,0.0,0.9167,0.5217,41.0,0.0833,0.5833,0.0,0.0,0.4091,0.0,0.5909,0.0,0.0,1.0,0.0,0.6667
ai,Single-Exponential-Recovery-and-Bounded-Price-Strictness-for-Metric-k-Median-September-24-2026,cs.DS,2026,20,41,2.25,0.439,0.1463,0.561,0.0732,0.3659,0.5122,1.0976,0.0,0.6,0.4,12.5,0.3,0.05,0.0,0.0,0.3659,0.0,0.6341,0.0,0.0,1.0,0.5,0.8
ai,Single-fold-Diophantine-representations-September-24-2026,,2026,15,31,2.1333,0.8387,0.3548,0.8387,0.129,0.3871,0.4839,1.0323,0.0,0.4667,0.1875,42,0.0667,0.6667,0.0,0.0,0.3871,0.0,0.4839,0.0,0.129,1.0,0.0,0.7333
ai,Slope-field-perturbations-of-the-two-cylinder-covering-September-27-2026,math.MG,2026,7,12,1.7143,0.9167,0.5833,0.9167,0.0833,0.6667,0.8333,1,0.0,0.5714,0.3333,12,0.2857,0.1429,0.0,0.0,0.6667,0.0,0.1667,0.0,0.1667,1.0,0.4286,0.5714
ai,Smooth-Anisotropic-Uniqueness-in-the-Calderon-Problem-from-One-Boundary-Patch-September-24-2026,math.AP,2026,36,49,1.4722,0.4898,0.3878,0.4898,0.1633,0.5918,0.7551,1.0816,0.0,0.6944,0.1321,17.0,0.2222,0.25,0.0,0.0,0.5918,0.0,0.4082,0.0,0.0,1.0,0.3889,0.9444
ai,Smooth-Nonquadratic-Affine-Maximal-Graph-in-Dimension-Ten-October-5-2026,math.DG,2026,6,8,1.5,0.25,0.125,0.25,0.0,1.0,1.0,1.125,0.0,0.8333,0.4444,25.0,0.3333,0.3333,0.0,0.0,1.0,0.0,0.0,0.0,0.0,1.0,0.3333,0.8333
ai,Smooth-counterexamples-to-Yaus-nodal-upper-bound-in-dimensions-three-and-four-September-23-2026,math.DG,2026,25,29,1.24,0.6897,0.4483,0.6897,0.3103,0.6207,0.6552,1.069,0.0,0.84,0.0968,14.0,0.2083,0.2917,0.0,0.0,0.6207,0.0,0.3793,0.0,0.0,0.96,0.16,0.72
ai,Smooth-isometric-immersions-of-closed-surfaces-into-Euclidean-four-space-September-23-2026,math.DG,2026,17,28,1.8235,0.8214,0.5,0.8214,0.0357,0.5357,0.6429,1.1071,0.0,0.4118,0.1613,60,0.1176,0.7647,0.0,0.0,0.5357,0.0,0.4643,0.0,0.0,1.0,0.0588,0.4706
ai,Snaky-in-21-Maker-moves-September-25-2026,cs.AI,2026,7,12,1.7143,0.9167,0.25,0.9167,0.0,0.8333,0.9167,1,0.0,0.5714,0.25,18,0.2857,0.0,0.0,0.0,0.8333,0.0,0.1667,0.0,0.0,1.0,0.1429,0.1429
ai,Spacetime-Penrose-inequalities-enclosing-area-charge-and-rigidity-October-5-2026,math.DG,2026,53,89,1.7925,0.4494,0.3708,0.4607,0.573,0.1236,0.3258,1.0674,0.0,0.6226,0.1368,22,0.1509,0.3585,0.0,0.0,0.1236,0.0,0.8764,0.0,0.0,1.0,0.4906,0.8868
ai,Spectral-convergence-for-critical-FK-Ising-planar-maps-October-5-2026,math.PR,2026,33,126,4.1515,0.7302,0.5952,0.8254,0.4921,0.1905,0.5873,1.0873,0.0317,0.697,0.3796,10,0.1212,0.0909,0.0,0.0,0.1905,0.0,0.8095,0.0,0.0,1.0,0.7273,0.8788
ai,Spectral-scalar-curvature-and-Urysohn-width-in-dimension-three-October-5-2026,math.DG,2026,15,23,1.5333,0.5652,0.3913,0.5652,0.2609,0.5217,0.6087,1,0.0,0.6667,0.1739,12,0.4,0.3333,0.0,0.0,0.5217,0.0,0.4783,0.0,0.0,1.0,0.1333,0.6667
ai,Spectral-scalar-curvature-and-uniform-Urysohn-width-October-5-2026,math.DG,2026,15,31,2.1333,0.4839,0.2581,0.5161,0.0645,0.4516,0.7097,1.0323,0.0,0.7333,0.4062,24,0.4667,0.4,0.0,0.0,0.4516,0.0,0.5484,0.0,0.0,1.0,0.0667,0.8
ai,Spontaneous-magnetization-in-the-quantum-Heisenberg-ferromagnet-September-24-2026,math.PR,2026,36,44,1.3333,0.5682,0.3636,0.5682,0.0682,0.5227,0.7273,1.0909,0.0227,0.7222,0.0625,34.0,0.0556,0.6389,0.0,0.0,0.5227,0.0,0.4773,0.0,0.0,1.0,0.3056,0.8333
ai,Square-lattice-FK-interfaces-and-nested-loops-for-1-leq-q-lt-4-September-23-2026,math.PR,2026,54,94,1.8333,0.5,0.4149,0.5319,0.3298,0.383,0.5,1.0532,0.0106,0.5926,0.1111,16.5,0.0556,0.2222,0.0,0.0,0.383,0.0,0.617,0.0,0.0,1.0,0.5926,0.8704
ai,Squared-logarithmic-randomized-k-server-on-arbitrary-metrics-September-24-2026,cs.DS,2026,29,36,1.4138,0.3333,0.1944,0.3333,0.1389,0.6667,0.75,1.1389,0.0278,0.6897,0.0976,27.0,0.1071,0.4643,0.0,0.0,0.6667,0.0,0.3333,0.0,0.0,0.9655,0.1724,0.8966
ai,Squarefree-values-of-quartics-and-power-free-values-of-polynomials-September-24-2026,math.NT,2026,28,38,1.7143,0.7368,0.4474,0.7368,0.1579,0.5526,0.7105,1.2632,0.0263,0.5714,0.1458,19.5,0.2143,0.3214,0.0,0.0,0.5526,0.0,0.4474,0.0,0.0,1.0,0.4286,0.8571
ai,Stabilizer-Orbits-and-Thick-Tensor-Ideals-of-Dualizable-Kn-Local-Spectra-September-24-2026,math.CT,2026,24,68,2.875,0.8676,0.7647,0.8676,0.5,0.2941,0.3529,1.0147,0.0,0.375,0.2754,19.5,0.125,0.375,0.0,0.0,0.2941,0.0,0.7059,0.0,0.0,1.0,0.25,0.8333
ai,Stable-Self-Similar-Blowup-for-a-Supercritical-Defocusing-Schrodinger-Equation-on-the-Torus-September-24-2026,math.AP,2026,20,20,1.2,0.65,0.5,0.65,0.0,0.8,0.85,1.2,0.05,0.9,0.1667,5,0.4211,0.1579,0.0,0.0,0.8,0.0,0.2,0.0,0.0,0.95,0.65,0.5
ai,Staggered-extraction-for-exact-matrix-multiplication-over-every-field-September-24-2026,cs.DS,2026,15,26,1.9333,0.3462,0.1923,0.3462,0.0385,0.6154,0.8846,1.1154,0.0,0.6,0.2414,14,0.3333,0.4,0.0,0.0,0.6154,0.1538,0.2308,0.0,0.0,1.0,0.3333,0.6667
ai,Stretched-exponential-barriers-for-typical-SK-initial-states-September-24-2026,math.PR,2026,18,24,1.3889,0.4167,0.4167,0.4167,0.0,0.5833,0.9583,1.0417,0.0,0.7222,0.12,10.0,0.1111,0.2222,0.0,0.0,0.5833,0.0,0.4167,0.0,0.0,1.0,0.3889,0.7778
ai,Strict-convexity-and-differentiability-of-the-planar-exponential-first-passage-limit-shape-September-24-2026,math.PR,2026,33,45,1.3939,0.4222,0.3556,0.4222,0.2667,0.4222,0.6,1.0222,0.0,0.7273,0.087,21,0.1212,0.3636,0.0,0.0,0.4222,0.0,0.5778,0.0,0.0,1.0,0.5152,0.9394
ai,Strict-hot-spots-and-absence-of-interior-critical-points-on-smooth-simply-connected-planar-domains-September-24-2026,math.SP,2026,30,35,1.4,0.4,0.3714,0.4,0.0571,0.6,0.6571,1.2,0.0286,0.6667,0.0714,25.0,0.1667,0.3333,0.0,0.0,0.6,0.1143,0.2857,0.0,0.0,1.0,0.2333,0.9333
ai,Strong-Ulam-Stability-Characterizes-Amenability-October-5-2026,math.GR,2026,10,17,1.9,0.5882,0.3529,0.5882,0.1176,0.6471,0.7647,1.1176,0.0,0.5,0.2632,16.5,0.2,0.3,0.0,0.0,0.6471,0.0,0.3529,0.0,0.0,1.0,0.2,0.7
ai,Strong-diffeomorphic-approximation-in-three-dimensions-for-1-le-p-le-2-September-24-2026,math.AP,2026,41,50,1.4634,0.66,0.56,0.66,0.42,0.36,0.56,1.2,0.06,0.6585,0.0667,24,0.0976,0.3902,0.0,0.0,0.36,0.0,0.64,0.0,0.0,1.0,0.1951,0.7805
ai,Strong-diffeomorphic-approximation-in-three-dimensions-for-p-gt-2-September-24-2026,math.AP,2026,42,61,1.7143,0.541,0.4754,0.541,0.3934,0.3607,0.6066,1.1803,0.0656,0.5476,0.0833,24,0.0732,0.439,0.0,0.0,0.3607,0.0,0.4754,0.0,0.1639,0.9762,0.2143,0.7143
ai,Strongly-rational-unitary-vertex-operator-algebras-and-conformal-nets-September-25-2026,math.QA,2026,34,123,3.8235,0.8537,0.7967,0.8699,0.5285,0.1789,0.2927,1.0569,0.0081,0.3235,0.1231,7.5,0.3824,0.0588,0.0,0.0,0.1789,0.0732,0.748,0.0,0.0,1.0,0.8529,0.7941
ai,Subpolynomial-dimension-reduction-in-Lp-September-23-2026,math.MG,2026,25,28,1.28,0.6429,0.4643,0.6429,0.2143,0.6786,0.75,1.1429,0.0,0.84,0.125,22,0.16,0.44,0.0,0.0,0.6786,0.0,0.25,0.0,0.0714,1.0,0.2,0.56
ai,Subpolynomial-query-complexity-for-well-conditioned-log-concave-sampling-September-26-2026,math.PR,2026,23,32,1.5652,0.625,0.5,0.625,0.0,0.5312,0.7188,1.125,0.0312,0.5652,0.1389,7,0.3478,0.0,0.0,0.0,0.5312,0.0,0.4688,0.0,0.0,1.0,0.7826,0.3478
ai,Subset-Sum-in-Time-2-power-0-49n-October-4-2026,,2026,18,24,1.5,0.125,0.0833,0.125,0.0417,0.6667,0.8333,1.125,0.0417,0.6111,0.1111,13.5,0.1667,0.3889,0.0,0.0,0.6667,0.0,0.2917,0.0,0.0417,1.0,0.0,0.9444
ai,Subsphere-methods-for-memory-sample-lower-bounds-in-noiseless-Gaussian-regression-September-27-2026,cs.LG,2026,8,13,1.625,0.6923,0.6154,0.6923,0.0,0.6923,0.7692,1,0.0,0.75,0.3846,10.0,0.0,0.125,0.0,0.0,0.6923,0.0,0.3077,0.0,0.0,1.0,0.5,0.25
ai,Symmetry-of-semialgebraic-bounded-domains-with-compact-quotient-September-24-2026,math.AG,2026,13,23,1.8462,0.913,0.4783,0.913,0.0435,0.5217,0.6087,1.0435,0.0,0.6154,0.2083,46.0,0.0833,0.6667,0.0,0.0,0.5217,0.0,0.4783,0.0,0.0,0.9231,0.1538,0.5385
ai,Symplectic-Ball-Packings-in-Higher-Dimensions-September-23-2026,math.SG,2026,26,46,2.0,0.587,0.1739,0.587,0.587,0.413,0.4565,1.1304,0.0217,0.5769,0.1731,23.0,0.1923,0.2692,0.0,0.0,0.413,0.0,0.587,0.0,0.0,1.0,0.1538,0.7692
ai,Symplectic-Balls-in-Symmetric-Polar-Products-September-22-2026,math.MG,2026,23,33,1.4348,0.6667,0.4242,0.6667,0.2121,0.7273,0.7273,1,0.0,0.6522,0.0909,12,0.2174,0.3043,0.0,0.0,0.7273,0.0,0.2727,0.0,0.0,1.0,0.4348,0.7826
ai,Talagrands-discrete-convexity-conjecture-September-23-2026,math.CO,2026,12,23,1.9167,0.9565,0.4783,1.0,0.3478,0.7391,0.5652,1,0.0,0.5,0.1739,1.5,0.5833,0.0,0.0,0.0,0.7391,0.0,0.2609,0.0,0.0,1.0,0.5,0.5
ai,Tame-Hecke-Eigensheaves-with-Several-Marked-Points-October-5-2026,math.AG,2026,31,95,3.2581,0.7789,0.5579,0.7789,0.3053,0.2947,0.4316,1.0632,0.0105,0.5161,0.3366,7.0,0.3667,0.1333,0.0,0.0,0.2947,0.0,0.7053,0.0,0.0,0.9677,0.2581,0.5806
ai,Taming-implies-compatibility-on-four-manifolds-September-23-2026,math.DG,2026,25,33,1.36,0.8788,0.7576,0.8788,0.303,0.5758,0.6667,1.0303,0.0,0.72,0.1176,14,0.24,0.16,0.0,0.0,0.5758,0.0,0.4242,0.0,0.0,1.0,0.44,0.68
ai,Tangent-flow-uniqueness-2026-09-24,math.DG,2026,27,54,2.0,0.7593,0.537,0.7593,0.2407,0.5,0.6852,1,0.0,0.4074,0.1111,19,0.2222,0.4074,0.0,0.0,0.5,0.0,0.5,0.0,0.0,1.0,0.5556,0.963
ai,Temperedness-at-ramified-places-for-globally-generic-exceptional-groups-October-5-2026,math.AG,2026,27,44,1.7778,0.6818,0.4773,0.6818,0.1364,0.4545,0.5455,1.0909,0.0227,0.5926,0.1667,11,0.2593,0.2593,0.0,0.0,0.4545,0.1818,0.3636,0.0,0.0,1.0,0.1111,0.7407
ai,Tensor-Saturation-for-Even-Spin-Groups-September-24-2026,math.RT,2026,37,45,1.3243,0.6667,0.5556,0.6667,0.1333,0.3778,0.5778,1.0889,0.0,0.7297,0.0612,26,0.1081,0.3514,0.0,0.0,0.3778,0.0,0.6222,0.0,0.0,1.0,0.3243,0.7568
ai,Termination-for-projective-log-canonical-fourfolds-with-rational-boundary-September-24-2026,math.AG,2026,39,83,2.3077,0.7229,0.5542,0.7349,0.5301,0.241,0.3614,1.0843,0.0,0.5128,0.1111,24.5,0.2105,0.4474,0.0,0.0,0.241,0.0,0.759,0.0,0.0,0.9744,0.3333,0.7436
ai,Termination-of-generalized-canonical-flips-on-compact-Kahler-fourfolds-October-5-2026,math.AG,2026,19,34,1.7895,0.9706,0.7059,0.9706,0.1765,0.3824,0.4118,1,0.0,0.6316,0.1176,15,0.2632,0.3158,0.0,0.0,0.3824,0.0,0.6176,0.0,0.0,1.0,0.2632,0.6842
ai,Termination-of-generalized-log-canonical-flips-on-compact-Kahler-fourfolds-October-5-2026,math.AG,2026,25,60,2.4,0.9833,0.9,0.9833,0.4,0.2333,0.4667,1,0.0,0.52,0.1667,21,0.28,0.44,0.0,0.0,0.2333,0.0,0.7667,0.0,0.0,1.0,0.12,0.72
ai,The-Abelian-Zilber-Pink-Conjecture-September-24-2026,math.NT,2026,32,70,2.2188,0.7571,0.6,0.7714,0.2429,0.4429,0.4714,1.0143,0.0,0.4375,0.1127,21.0,0.0938,0.2188,0.0,0.0,0.4429,0.0,0.5571,0.0,0.0,1.0,0.25,0.7812
ai,The-Approximation-Threshold-for-Metric-k-Median-September-24-2026,cs.DS,2026,18,32,1.8333,0.375,0.25,0.4062,0.0312,0.6562,0.8125,1.0312,0.0,0.5556,0.2121,20.5,0.2778,0.0,0.0,0.0,0.6562,0.0625,0.2812,0.0,0.0,1.0,0.4444,0.8889
ai,The-Artinian-Lex-Plus-Powers-Betti-Theorem-September-23-2026,math.AC,2026,18,31,1.8333,0.7419,0.5806,0.7419,0.0968,0.6774,0.7419,1.0645,0.0323,0.6111,0.1515,18.0,0.1667,0.2778,0.0,0.0,0.6774,0.0,0.3226,0.0,0.0,1.0,0.3333,0.7222
ai,The-Bass-trace-conjecture-for-complex-group-rings-September-24-2026,math.KT,2026,24,45,1.9583,0.9111,0.8,0.9111,0.1111,0.6,0.6222,1.0444,0.0,0.4167,0.1489,23.5,0.0833,0.375,0.0,0.0,0.6,0.0,0.4,0.0,0.0,1.0,0.2083,0.9583
ai,The-Blockwise-Alperin-Weight-Conjecture-September-23-2026,math.GR,2026,39,77,2.1026,0.5714,0.1818,0.5714,0.0779,0.3766,0.6753,1.0649,0.013,0.4615,0.1951,17,0.3333,0.4103,0.0,0.0,0.3766,0.0,0.4675,0.1558,0.0,1.0,0.0256,0.8718
ai,The-Bogomolov-Pop-reconstruction-theorem-September-23-2026,math.AG,2026,20,45,2.5,0.7111,0.5778,0.7111,0.5111,0.0,0.3778,1.1111,0.0222,0.4,0.2,13.5,0.15,0.25,0.0,0.0,0.0,0.0,1.0,0.0,0.0,1.0,0.45,0.5
ai,The-Boltzmann-Grad-limit-for-stable-radial-potentials-on-regular-kinetic-intervals-September-23-2026,math.AP,2026,15,19,1.4667,0.2632,0.1579,0.2632,0.0,0.7368,0.8947,1.1579,0.0526,0.7333,0.2273,37,0.2,0.5333,0.0,0.0,0.7368,0.0,0.2632,0.0,0.0,1.0,0.4,0.8
ai,The-Campana-Peternell-conjecture-in-dimension-six-September-25-2026,math.AG,2026,30,52,1.8,0.5962,0.4615,0.5962,0.5385,0.3846,0.4423,1.0385,0.0,0.5333,0.1111,24.0,0.0333,0.4,0.0,0.0,0.3846,0.0,0.6154,0.0,0.0,1.0,0.3,0.6333
ai,The-Critical-Spin-Field-of-the-Planar-XY-Model-October-5-2026,math.PR,2026,17,47,2.8824,0.5745,0.5106,0.5745,0.1489,0.4894,0.8511,1.0426,0.0,0.6471,0.3265,45,0.2353,0.5294,0.0,0.0,0.4894,0.0,0.5106,0.0,0.0,1.0,0.3529,0.7647
ai,The-Deligne-Drinfeld-conjecture-September-23-2026,math.QA,2026,17,30,1.7647,0.9,0.3667,0.9,0.1,0.5333,0.7,1,0.0,0.5882,0.1333,19,0.1765,0.3529,0.0,0.0,0.5333,0.0,0.4667,0.0,0.0,1.0,0.5882,0.5294
ai,The-Dimension-of-the-Two-Adic-Hecke-Algebra-at-Odd-Level-October-5-2026,math.NT,2026,17,28,1.7059,0.5357,0.4643,0.5357,0.3571,0.3929,0.4286,1.0357,0.0,0.7059,0.2069,28,0.0588,0.4706,0.0,0.0,0.3929,0.0,0.6071,0.0,0.0,1.0,0.1176,0.7059
ai,The-E-times-CM-Component-of-Zilber-Pink-for-Curves-in-A2-September-24-2026,math.NT,2026,24,47,2.0,0.7234,0.6596,0.7234,0.4043,0.3404,0.4468,1.0213,0.0,0.6667,0.2083,16.0,0.1667,0.2917,0.0,0.0,0.3404,0.0,0.6596,0.0,0.0,1.0,0.125,0.6667
ai,The-Euclidean-Steinitz-Bergstrom-theorem-September-24-2026,math.CO,2026,20,26,1.3,0.7308,0.5769,0.7308,0.2692,0.5385,0.5385,1,0.0,0.7,0.0769,8.5,0.45,0.35,0.0,0.0,0.5385,0.0,0.3846,0.0769,0.0,1.0,0.45,0.5
ai,The-Euclidean-plane-is-not-five-colorable-September-23-2026,math.CO,2026,33,48,1.7576,0.4583,0.375,0.4583,0.2292,0.5208,0.6875,1.2083,0.0417,0.5152,0.0862,18,0.1818,0.3636,0.0,0.0,0.5208,0.125,0.3542,0.0,0.0,1.0,0.3636,0.4848
ai,The-Factor-Two-Hardness-Threshold-for-Vertex-Cover-September-23-2026,cs.CC,2026,17,21,1.3529,0.3333,0.1905,0.3333,0.0952,0.7143,0.9048,1.0952,0.0,0.7059,0.1304,24,0.1765,0.1765,0.0,0.0,0.7143,0.0,0.2857,0.0,0.0,1.0,0.0588,1.0
ai,The-Falconer-distance-conjecture-in-all-dimensions-September-23-2026,math.CA,2026,26,48,1.8462,0.8125,0.625,0.8125,0.125,0.6458,0.7917,1,0.0,0.3846,0.0833,7.0,0.3462,0.1923,0.0,0.0,0.6458,0.0417,0.3125,0.0,0.0,1.0,0.4615,0.6923
ai,The-Gaussian-Propeller-Bound-in-Every-Dimension-September-24-2026,math.PR,2026,10,28,2.8,0.75,0.7143,0.75,0.0357,0.3929,0.5357,1,0.0,0.5,0.4286,14.5,0.1,0.2,0.0,0.0,0.3929,0.0,0.6071,0.0,0.0,1.0,0.1,0.8
ai,The-Gaussian-free-field-limit-of-integer-Lipschitz-heights-with-two-arc-boundary-data-September-25-2026,math.PR,2026,13,27,2.0769,0.8148,0.6296,0.8148,0.0,0.5185,0.7407,1,0.0,0.4615,0.2222,7,0.3077,0.1538,0.0,0.0,0.5185,0.0,0.4815,0.0,0.0,1.0,0.6154,0.6923
ai,The-Gaussian-free-field-limit-of-the-balanced-six-vertex-model-with-variance-multiplier-1-over-arcsin-c-over-2-September-23-2026,math.PR,2026,27,63,2.4074,0.5238,0.381,0.5397,0.3968,0.4286,0.4921,1.0317,0.0,0.5556,0.2462,20,0.1852,0.2963,0.0,0.0,0.4286,0.0,0.3175,0.0,0.254,1.0,0.5926,0.7407
ai,The-Generalized-Mukai-Conjecture-September-24-2026,math.AG,2026,24,32,1.5,0.6562,0.5625,0.6562,0.2812,0.4375,0.5938,1.125,0.0312,0.5833,0.0833,20,0.087,0.2609,0.0,0.0,0.4375,0.0,0.5625,0.0,0.0,0.9583,0.3333,0.7083
ai,The-Grothendieck-homotopy-hypothesis-via-elementary-expansions-September-24-2026,math.CT,2026,16,46,2.9375,0.913,0.6957,0.9348,0.2174,0.3913,0.587,1.0217,0.0,0.625,0.4255,13.0,0.125,0.1875,0.0,0.0,0.3913,0.0,0.6087,0.0,0.0,1.0,0.5625,0.3125
ai,The-Hilbert-Smith-conjecture-in-every-finite-dimension-September-23-2026,math.AT,2026,40,67,1.8,0.7313,0.4925,0.7313,0.2836,0.4328,0.5821,1.0746,0.0,0.65,0.125,28.0,0.175,0.425,0.0,0.0,0.4328,0.0,0.5373,0.0,0.0299,1.0,0.075,0.7
ai,The-Isoperimetric-Conjecture-for-the-Cubic-Flat-Three-Torus-September-24-2026,math.AP,2026,11,21,2.0909,0.7143,0.5714,0.7143,0.0952,0.619,0.9524,1.0952,0.0,0.4545,0.2174,26,0.0909,0.3636,0.0,0.0,0.619,0.0,0.381,0.0,0.0,1.0,0.0909,0.5455
ai,The-Kakeya-maximal-conjecture-in-three-dimensions-September-23-2026,math.CA,2026,24,43,1.9167,0.6279,0.5349,0.6744,0.2093,0.4884,0.6279,1.0698,0.0233,0.5417,0.1957,10.5,0.4583,0.2917,0.0,0.0,0.4884,0.0,0.5116,0.0,0.0,1.0,0.3333,0.625
ai,The-Kerr-Newman-Penrose-Inequality-for-Axisymmetric-Electrovacuum-Exteriors-October-5-2026,gr-qc,2026,21,26,1.3333,0.2692,0.2692,0.2692,0.5,0.3077,0.4231,1.0769,0.0,0.8095,0.1429,25,0.0952,0.4286,0.0,0.0,0.3077,0.0,0.6923,0.0,0.0,1.0,0.2857,0.7619
ai,The-Kervaire-Invariant-Problem-at-the-Prime-Three-September-24-2026,math.AT,2026,38,84,2.2632,0.7857,0.6667,0.7857,0.4048,0.4286,0.6548,1.0238,0.0,0.5789,0.1395,22.0,0.1842,0.4737,0.0,0.0,0.4286,0.0,0.5238,0.0,0.0476,1.0,0.2632,0.5789
ai,The-Kervaire-Theorem-for-Groups-September-24-2026,math.GR,2026,15,26,1.7333,1.0,0.6154,1.0,0.0769,0.5769,0.6154,1,0.0,0.6667,0.1923,18,0.2,0.3333,0.0,0.0,0.5769,0.0,0.4231,0.0,0.0,1.0,0.4,0.6
ai,The-Kirchberg-Rordam-character-criterion-September-25-2026,math.OA,2026,11,26,2.3636,0.8846,0.8462,0.8846,0.1154,0.5769,0.7308,1,0.0,0.6364,0.3462,13,0.2727,0.0,0.0,0.0,0.5769,0.1538,0.2692,0.0,0.0,1.0,0.2727,0.7273
ai,The-Mahler-Conjecture-for-General-Convex-Bodies-September-22-2026,math.MG,2026,27,32,1.2963,0.5,0.4375,0.5,0.2812,0.5938,0.75,1.0938,0.0,0.7407,0.0857,18,0.1481,0.3333,0.0,0.0,0.5938,0.0,0.4062,0.0,0.0,1.0,0.4074,0.5556
ai,The-Margulis-Platonov-conjecture-over-global-function-fields-October-5-2026,math.AG,2026,46,100,2.4348,0.67,0.44,0.67,0.24,0.33,0.56,1.12,0.02,0.3261,0.1875,28,0.0444,0.4889,0.0,0.0,0.33,0.0,0.52,0.0,0.15,0.9783,0.0217,0.7174
ai,The-Margulis-Platonov-conjecture-over-number-fields-September-23-2026,math.NT,2026,45,87,2.3556,0.6437,0.4828,0.6437,0.3448,0.2184,0.4138,1.2184,0.046,0.4222,0.1415,34,0.0444,0.6,0.0,0.0,0.2184,0.0,0.7816,0.0,0.0,1.0,0.0444,0.7111
ai,The-Mezard-Parisi-formula-for-diluted-spin-glasses-September-23-2026,math.PR,2026,18,32,1.8333,0.3125,0.1562,0.3125,0.0625,0.4375,0.5625,1.0312,0.0,0.5556,0.1818,22.5,0.1667,0.1667,0.0,0.0,0.4375,0.0,0.5625,0.0,0.0,1.0,0.7778,0.8889
ai,The-PCP-for-PPAD-conjecture-a-quasilinear-reduction-September-25-2026,cs.GT,2026,34,84,2.7059,0.7143,0.5,0.7262,0.3929,0.2738,0.4048,1.0952,0.0357,0.4118,0.1087,14.0,0.2647,0.2647,0.0,0.0,0.2738,0.0,0.7262,0.0,0.0,1.0,0.5294,0.7353
ai,The-Partition-Principle-does-not-imply-Choice-September-24-2026,math.LO,2026,18,26,1.5556,0.8077,0.5,0.8077,0.2692,0.5385,0.6154,1.0769,0.0385,0.7778,0.1786,5.0,0.4444,0.2222,0.0,0.0,0.5385,0.0,0.4615,0.0,0.0,1.0,0.3333,0.3889
ai,The-Penrose-inequality-for-maximal-asymptotically-hyperbolic-initial-data-October-5-2026,math.DG,2026,19,29,1.5789,0.3793,0.3103,0.4828,0.3103,0.2759,0.6897,1.0345,0.0,0.6316,0.1,24,0.0,0.2632,0.0,0.0,0.2759,0.3448,0.3793,0.0,0.0,1.0,0.3158,0.7895
ai,The-Poisson-Dirichlet-Law-for-Prime-Predecessors-September-24-2026,math.NT,2026,28,40,1.4643,0.725,0.55,0.725,0.0,0.575,0.725,1.025,0.0,0.7143,0.1463,16.5,0.2143,0.3571,0.0,0.0,0.575,0.125,0.175,0.0,0.125,1.0,0.3214,0.6071
ai,The-Quasi-Riemann-Hypothesis-October-5-2026,math.NT,2026,51,99,2.0392,0.697,0.4545,0.697,0.2626,0.3232,0.6667,1.0505,0.0,0.7391,0.1923,35.0,0.08,0.52,0.0,0.0,0.3232,0.0,0.4949,0.0,0.1818,0.9804,0.0588,0.4314
ai,The-Quasi-Riemann-Hypothesis-September-30-2026,math.NT,2026,28,63,2.3214,0.8095,0.6032,0.8413,0.3651,0.4444,0.7143,1.0317,0.0,0.5357,0.1846,12,0.2593,0.3333,0.0,0.0,0.4444,0.0635,0.4921,0.0,0.0,0.9643,0.4286,0.7143
ai,The-Reconstruction-Threshold-for-the-Ferromagnetic-Four-State-Potts-Model-October-5-2026,math.PR,2026,14,15,1.2143,0.1333,0.0,0.1333,0.0,0.8667,0.9333,1.1333,0.0667,0.7857,0.1176,18.5,0.1429,0.2143,0.0,0.0,0.8667,0.0,0.1333,0.0,0.0,1.0,0.1429,0.8571
ai,The-Restricted-Geometric-Langlands-Equivalence-in-Positive-Characteristic-September-24-2026,math.AG,2026,24,115,4.875,0.887,0.3391,0.913,0.4696,0.2609,0.4609,1.0174,0.0,0.4583,0.3333,6.0,0.2917,0.0833,0.0087,0.0,0.2522,0.0,0.7391,0.0,0.0,1.0,0.6667,0.25
ai,The-Selmer-converse-for-elliptic-curves-at-every-prime-September-24-2026,math.NT,2026,80,133,1.8875,0.7293,0.5338,0.7368,0.4887,0.1955,0.2857,1.1353,0.0376,0.4875,0.0464,17.5,0.1667,0.4231,0.0,0.0,0.1955,0.0226,0.6391,0.0,0.1429,0.975,0.225,0.625
ai,The-Sharp-Logarithmic-Exponent-of-r-5-t-September-24-2026,math.CO,2026,21,26,1.3333,0.3462,0.2692,0.3462,0.0,0.3846,0.7692,1.0769,0.0,0.7619,0.1429,17,0.0952,0.2857,0.0,0.0,0.3846,0.0,0.6154,0.0,0.0,1.0,0.3333,0.8095
ai,The-Sharp-Terminal-Leave-in-Random-Triangle-Removal-September-25-2026,math.CO,2026,10,20,2.1,0.9,0.5,0.9,0.1,0.5,0.75,1.05,0.0,0.6,0.2857,22.5,0.2,0.2,0.0,0.0,0.5,0.0,0.5,0.0,0.0,1.0,0.4,0.8
ai,The-Singer-conjecture-in-dimension-four-September-25-2026,math.AT,2026,31,52,1.7097,0.9615,0.7885,0.9808,0.4423,0.3846,0.6731,1.0192,0.0,0.7419,0.1698,27,0.2258,0.4194,0.0,0.0,0.3846,0.0,0.6154,0.0,0.0,1.0,0.129,0.7419
ai,The-Solomon-Yau-least-volume-theorem-September-23-2026,math.DG,2026,34,68,2.0,0.9853,0.7059,0.9853,0.4118,0.25,0.4118,1,0.0,0.5294,0.1471,13,0.1935,0.3226,0.0,0.0,0.25,0.0,0.75,0.0,0.0,0.9118,0.3235,0.4118
ai,The-Stable-Hurewicz-Image-of-the-Sphere-at-Two-September-25-2026,math.AT,2026,33,54,1.6667,0.6667,0.4815,0.6667,0.5185,0.3148,0.463,1.0185,0.0,0.5758,0.0909,40,0.0909,0.5758,0.0,0.0,0.3148,0.0,0.6852,0.0,0.0,1.0,0.2727,0.8182
ai,The-Strong-Hyperkahler-SYZ-Conjecture-September-23-2026,math.AG,2026,48,69,1.6042,0.7391,0.6377,0.7536,0.1739,0.3768,0.3913,1.1159,0.029,0.6042,0.0909,16.5,0.125,0.2083,0.0,0.0,0.3768,0.0,0.6232,0.0,0.0,1.0,0.6667,0.75
ai,The-Subcritical-Henon-Lane-Emden-Conjecture-September-24-2026,math.AP,2026,17,22,1.7059,0.1818,0.1364,0.1818,0.0909,0.8182,0.8182,1.3182,0.0909,0.6471,0.1724,16,0.1765,0.2941,0.0,0.0,0.8182,0.0,0.1818,0.0,0.0,1.0,0.1765,0.0
ai,The-Unique-Games-Theorem-September-23-2026,cs.CC,2026,42,88,2.2143,0.6477,0.4091,0.6705,0.2955,0.3864,0.4091,1.0568,0.0114,0.619,0.1505,16.5,0.1905,0.119,0.0,0.0,0.3864,0.0,0.4545,0.0,0.1591,1.0,0.1667,0.8333
ai,The-abelianity-conjecture-for-special-compact-Kahler-manifolds-September-23-2026,math.AG,2026,40,74,1.875,0.7162,0.6622,0.7162,0.4459,0.4324,0.6216,1.0135,0.0,0.6,0.1333,15.5,0.1,0.275,0.0,0.0,0.4324,0.1622,0.4054,0.0,0.0,1.0,0.3,0.725
ai,The-affine-Bernstein-theorem-in-dimensions-three-through-nine-September-24-2026,math.DG,2026,12,28,2.4167,0.7143,0.4643,0.7143,0.0714,0.5357,0.6071,1.0357,0.0,0.5833,0.3793,27.5,0.1667,0.4167,0.0,0.0,0.5357,0.0,0.4643,0.0,0.0,1.0,0.25,0.8333
ai,The-arithmetic-category-and-stable-recovery-of-lattice-factors-September-23-2026,math.OA,2026,27,39,1.5185,0.641,0.6154,0.641,0.1282,0.5385,0.5385,1.0513,0.0,0.6296,0.0976,18,0.2593,0.4074,0.0,0.0,0.5385,0.0,0.4615,0.0,0.0,1.0,0.2222,0.7037
ai,The-canonical-massive-continuum-limit-of-the-two-dimensional-O3-model-October-4-2026,math-ph,2026,34,39,1.3824,0.1795,0.1282,0.1795,0.1282,0.6923,0.8205,1.2051,0.0,0.7941,0.1064,43.5,0.1176,0.7647,0.0,0.0,0.6923,0.1026,0.2051,0.0,0.0,1.0,0.1765,0.9706
ai,The-circulant-Hadamard-conjecture-September-23-2026,math.CO,2026,17,24,1.8235,0.5,0.25,0.5,0.2917,0.5833,0.5833,1.2917,0.0417,0.7647,0.2581,10,0.2353,0.2353,0.0,0.0,0.5833,0.0,0.4167,0.0,0.0,1.0,0.2941,0.7647
ai,The-complete-Crouzeix-theorem-September-23-2026,math.CA,2026,26,27,1.2692,0.6296,0.4444,0.6296,0.1852,0.0,0.4815,1.2222,0.037,0.8846,0.1515,28.0,0.1538,0.4615,0.0,0.0,0.0,0.0,0.9259,0.0,0.0741,1.0,0.1154,0.1538
ai,The-complexity-of-identifying-a-graph-by-Weisfeiler-Leman-refinement-September-25-2026,cs.CC,2026,11,18,1.6364,0.4444,0.3333,0.4444,0.0556,0.6111,0.6667,1,0.0,0.6364,0.2222,7,0.4545,0.2727,0.0,0.0,0.6111,0.0,0.3889,0.0,0.0,1.0,0.2727,0.8182
ai,The-cotype-cotype-conjecture-under-the-approximation-property-September-23-2026,math.FA,2026,18,33,2.0,0.7576,0.697,0.7576,0.1515,0.0,0.7273,1.0909,0.0303,0.5,0.1944,43.5,0.0556,0.6667,0.0,0.0,0.0,0.0,1.0,0.0,0.0,1.0,0.1667,0.6667
ai,The-critical-Liouville-quantum-sphere-and-geometric-limits-of-FK-maps-at-q-equals-4-September-24-2026,math.PR,2026,54,116,2.5,0.6552,0.569,0.6552,0.4224,0.2155,0.6293,1.1638,0.0172,0.3889,0.0889,8.5,0.2222,0.1667,0.0,0.0,0.2155,0.0,0.7845,0.0,0.0,1.0,0.7407,0.7963
ai,The-critical-correlation-exponent-of-the-planar-XY-model-September-24-2026,math.PR,2026,15,91,6.2,0.0879,0.0769,0.0879,0.4066,0.1978,0.3407,1.022,0.011,0.7333,0.25,9,0.4,0.4,0.0,0.0,0.1978,0.0,0.8022,0.0,0.0,1.0,0.4,0.6
ai,The-critical-dimension-for-one-phase-Bernoulli-minimizers-September-24-2026,math.AP,2026,18,34,1.8889,0.7941,0.6471,0.7941,0.2059,0.5882,0.8235,1,0.0,0.7222,0.2059,13.5,0.2778,0.2222,0.0,0.0,0.5882,0.0,0.4118,0.0,0.0,1.0,0.3333,0.6667
ai,The-critical-logarithmic-correction-for-the-planar-XY-model-October-5-2026,math.PR,2026,20,142,7.15,0.838,0.7113,0.8451,0.4577,0.162,0.4085,1.007,0.0,0.55,0.4965,10.0,0.4,0.25,0.0,0.0,0.162,0.0,0.838,0.0,0.0,1.0,0.4,0.55
ai,The-crossing-number-of-complete-bipartite-graphs-September-23-2026,,2026,16,19,1.5,0.3684,0.2105,0.3684,0.0526,0.6842,0.7368,1.2632,0.0526,0.625,0.125,21.0,0.125,0.375,0.0,0.0,0.6842,0.0,0.2632,0.0,0.0526,1.0,0.0,0.9375
ai,The-crossing-number-of-complete-graphs-September-23-2026,math.CO,2026,20,23,1.2,0.4783,0.1739,0.4783,0.0435,0.6957,0.7391,1.0435,0.0,0.9,0.1667,19.0,0.1,0.3,0.0,0.0,0.6957,0.0,0.2174,0.0,0.087,1.0,0.25,0.55
ai,The-curve-scaling-limit-of-half-plane-double-dimers-September-23-2026,math.PR,2026,21,35,1.8571,0.5714,0.3714,0.5714,0.0857,0.6857,0.7714,1.1143,0.0286,0.4762,0.1026,26,0.0952,0.381,0.0,0.0,0.6857,0.0,0.3143,0.0,0.0,1.0,0.1905,0.8571
ai,The-dyadic-case-of-the-Erdos-similarity-conjecture-September-25-2026,math.CA,2026,14,27,1.9286,0.8519,0.4815,0.8519,0.0,0.8519,0.8519,1,0.0,0.6429,0.2222,13.0,0.3571,0.2857,0.0,0.0,0.8519,0.0,0.1481,0.0,0.0,1.0,0.5,0.6429
ai,The-entropy-photon-number-inequality-September-24-2026,quant-ph,2026,33,35,1.2424,0.2857,0.1143,0.2857,0.1714,0.6286,0.7143,1.1714,0.0286,0.8788,0.122,12,0.0606,0.2424,0.0,0.0,0.6286,0.0,0.3714,0.0,0.0,1.0,0.6364,0.8788
ai,The-entropy-rate-dimension-formula-for-self-similar-measures-on-the-line-September-24-2026,math.DS,2026,23,37,1.6087,0.7297,0.6486,0.7297,0.0,0.7838,0.8108,1,0.0,0.6087,0.1081,8,0.2174,0.3043,0.0,0.0,0.7838,0.027,0.1892,0.0,0.0,1.0,0.6957,0.8261
ai,The-equivariant-cohomological-Hikita-conjecture-for-arbitrary-quivers-September-24-2026,math.RT,2026,42,85,2.3095,0.6824,0.5765,0.6824,0.4471,0.3294,0.4706,1.1412,0.0353,0.5714,0.1134,7.5,0.3095,0.1429,0.0,0.0,0.3294,0.0,0.6706,0.0,0.0,1.0,0.8095,0.7143
ai,The-exact-reconstruction-threshold-for-the-three-state-symmetric-channel-September-25-2026,math.PR,2026,13,24,1.8462,0.75,0.625,0.75,0.0833,0.8333,0.875,1,0.0,0.6154,0.1667,15,0.3077,0.0769,0.0,0.0,0.8333,0.0,0.1667,0.0,0.0,1.0,0.6923,0.9231
ai,The-first-lattice-correction-to-Blochs-law-October-5-2026,math.PR,2026,14,39,2.9286,0.7436,0.5128,0.7436,0.1282,0.3846,0.9231,1.0513,0.0,0.5714,0.2927,32.5,0.1429,0.5714,0.0,0.0,0.3846,0.0,0.6154,0.0,0.0,1.0,0.1429,0.7857
ai,The-free-energy-of-the-Ising-random-perceptron-September-24-2026,math.PR,2026,32,48,1.5312,0.3333,0.25,0.3333,0.0208,0.6042,0.6667,1.0208,0.0,0.5625,0.0816,12.5,0.3125,0.125,0.0,0.0,0.6042,0.0,0.3958,0.0,0.0,1.0,0.625,0.7812
ai,The-free-energy-of-the-spherical-random-perceptron-September-24-2026,math.PR,2026,23,37,1.7391,0.6757,0.5676,0.6757,0.027,0.4865,0.7297,1.0811,0.027,0.4348,0.125,19,0.1304,0.1304,0.0,0.0,0.4865,0.2432,0.2703,0.0,0.0,1.0,0.6087,0.9565
ai,The-free-uniform-spanning-forest-is-a-factor-of-IID-September-25-2026,math.PR,2026,17,28,1.6471,0.8929,0.7143,0.8929,0.1786,0.6071,0.6786,1,0.0,0.7647,0.2143,10,0.2353,0.1765,0.0,0.0,0.6071,0.0,0.3929,0.0,0.0,1.0,0.4118,0.7059
ai,The-geometric-case-of-the-Erdos-similarity-conjecture-October-5-2026,math.CA,2026,14,22,1.5714,0.7273,0.5455,0.7273,0.0909,0.8182,0.8182,1,0.0,0.6429,0.1818,13.0,0.3571,0.2857,0.0,0.0,0.8182,0.0,0.1818,0.0,0.0,1.0,0.4286,0.5
ai,The-height-three-chromatic-overlap-an-explicit-filtration-and-its-attachments-September-27-2026,math.AT,2026,50,143,2.96,0.9441,0.8392,0.958,0.7692,0.1049,0.2867,1.035,0.007,0.38,0.1419,12.5,0.16,0.2,0.0,0.0,0.1049,0.0,0.6294,0.0,0.2657,1.0,0.36,0.64
ai,The-higher-dimensional-Erdos-distinct-distances-conjecture-September-23-2026,math.CO,2026,28,62,2.5,0.629,0.3871,0.629,0.2581,0.2742,0.4677,1.129,0.0161,0.5357,0.1429,23.0,0.1071,0.3214,0.0,0.0,0.2742,0.0,0.3387,0.0,0.3871,1.0,0.3571,0.75
ai,The-hypercube-Ramsey-number-has-linear-order-September-23-2026,math.CO,2026,34,48,1.5,0.6458,0.375,0.6458,0.3125,0.5625,0.8333,1.0625,0.0,0.6765,0.0784,24.0,0.0294,0.3824,0.0,0.0,0.5625,0.2083,0.2292,0.0,0.0,1.0,0.0294,0.9118
ai,The-irrationality-exponent-of-pi-is-2-September-24-2026,math.NT,2026,25,37,1.52,0.6757,0.3243,0.6757,0.0811,0.6486,0.6486,1.027,0.0,0.6,0.1053,20,0.2,0.32,0.0,0.0,0.6486,0.0,0.3514,0.0,0.0,1.0,0.44,0.6
ai,The-joint-Dickman-law-for-consecutive-integers-September-24-2026,math.NT,2026,30,43,1.6333,0.5814,0.4884,0.5814,0.186,0.6279,0.814,1.1395,0.0465,0.4667,0.0816,10.0,0.1667,0.2667,0.0,0.0,0.6279,0.093,0.2791,0.0,0.0,1.0,0.3333,0.5667
ai,The-joint-scaling-limit-of-critical-Ashkin-Teller-currents-September-25-2026,math.PR,2026,30,85,3.0667,0.8118,0.6,0.8118,0.4118,0.2353,0.3765,1.0824,0.0118,0.5333,0.25,8.0,0.2333,0.3,0.0,0.0,0.2353,0.0,0.6588,0.0,0.1059,1.0,0.4333,0.6667
ai,The-l1-Bass-Conjecture-for-Discrete-Groups-October-5-2026,,2026,13,15,1.3846,0.4,0.2,0.4,0.1333,0.8,0.9333,1.2,0.0,0.6923,0.1667,40,0.0769,0.5385,0.0,0.0,0.8,0.0,0.2,0.0,0.0,1.0,0.0,0.9231
ai,The-logarithmic-Brunn-Minkowski-conjecture-September-23-2026,math.FA,2026,34,45,1.4118,0.7111,0.6444,0.7111,0.2222,0.6889,0.6889,1.0667,0.0222,0.8235,0.1042,11.0,0.2353,0.2059,0.0,0.0,0.6889,0.0,0.3111,0.0,0.0,1.0,0.4412,0.7059
ai,The-low-temperature-Sherrington-Kirkpatrick-fluctuation-scale-September-24-2026,math.PR,2026,27,45,1.7407,0.4667,0.4222,0.4667,0.1111,0.6889,0.7556,1.0444,0.0,0.5556,0.1489,17,0.2222,0.2963,0.0,0.0,0.6889,0.0,0.3111,0.0,0.0,1.0,0.5926,0.7407
ai,The-low-temperature-Sherrington-Kirkpatrick-free-energy-limiting-law-September-24-2026,math.PR,2026,29,99,3.4828,0.7172,0.6667,0.7172,0.3434,0.2727,0.3737,1.0202,0.0,0.7586,0.6337,17,0.2069,0.2759,0.0,0.0,0.2727,0.0,0.3939,0.0,0.3333,1.0,0.5862,0.7241
ai,The-maximal-triangular-Hilbert-transform-at-the-symmetric-point-September-24-2026,math.CA,2026,18,23,1.2778,1.0,0.7826,1.0,0.0435,0.6957,0.8261,1,0.0,0.8333,0.1739,10.5,0.1111,0.2222,0.0,0.0,0.6957,0.0,0.3043,0.0,0.0,1.0,0.7778,0.5556
ai,The-maximum-number-of-mutually-unbiased-bases-in-dimension-six-September-24-2026,quant-ph,2026,27,33,1.2222,0.6364,0.2424,0.6364,0.0606,0.6061,0.7273,1,0.0,0.8519,0.0909,21,0.1111,0.2963,0.0,0.0,0.6061,0.0,0.1818,0.0909,0.1212,1.0,0.4444,0.7778
ai,The-mean-analytic-rank-of-quadratic-twists-of-elliptic-curves-September-23-2026,math.NT,2026,19,29,1.5263,0.8621,0.7586,0.8621,0.1379,0.5862,0.8276,1,0.0,0.5263,0.1034,16,0.2632,0.1053,0.0,0.0,0.5862,0.0,0.4138,0.0,0.0,1.0,0.3684,0.7895
ai,The-metric-Blaschke-theorem-September-23-2026,math.DG,2026,27,54,2.1481,0.6852,0.4444,0.6852,0.3333,0.4259,0.537,1.0741,0.0,0.4815,0.125,36,0.0741,0.5926,0.0,0.0,0.4259,0.0,0.5741,0.0,0.0,1.0,0.1481,0.5926
ai,The-nonmaximal-anti-de-Sitter-Penrose-Inequality-and-original-data-rigidity-October-5-2026,math.DG,2026,31,46,1.5806,0.3913,0.3696,0.5,0.6087,0.3478,0.5,1.0652,0.0,0.6452,0.0816,20,0.129,0.3226,0.0,0.0,0.3478,0.0,0.6087,0.0,0.0435,1.0,0.4194,0.9032
ai,The-normalized-volume-gap-in-dimension-four-September-24-2026,math.AG,2026,25,46,1.84,0.7174,0.6522,0.7174,0.3478,0.5217,0.6087,1,0.0,0.52,0.1087,8.0,0.25,0.0833,0.0,0.0,0.5217,0.2174,0.2609,0.0,0.0,0.96,0.76,0.72
ai,The-ordinary-double-point-gap-in-every-dimension-September-24-2026,math.AG,2026,52,89,1.8462,0.7416,0.6629,0.7416,0.3933,0.3708,0.6517,1.0787,0.0225,0.5,0.0625,9.5,0.1731,0.1538,0.0,0.0,0.3708,0.0,0.6292,0.0,0.0,1.0,0.6346,0.6538
ai,The-p-adic-section-conjecture-September-24-2026,math.AG,2026,29,61,2.3103,0.8033,0.6885,0.8033,0.459,0.4098,0.4426,1.0984,0.0328,0.2414,0.0746,14,0.1724,0.2069,0.0,0.0,0.4098,0.0,0.5902,0.0,0.0,1.0,0.3793,0.5517
ai,The-periodic-spin-one-Haldane-gap-September-24-2026,quant-ph,2026,24,26,1.25,0.5,0.4231,0.5,0.0385,0.7308,0.7308,1.1538,0.0385,0.8333,0.1,35.5,0.125,0.6667,0.0,0.0,0.7308,0.0,0.1538,0.0,0.1154,1.0,0.375,0.7083
ai,The-rational-Hodge-conjecture-for-CM-abelian-varieties-September-30-2026,math.AG,2026,37,65,1.8919,0.7846,0.5692,0.7846,0.4615,0.2615,0.3385,1.0769,0.0154,0.5135,0.0714,21,0.1429,0.3429,0.0,0.0,0.2615,0.0,0.7385,0.0,0.0,0.9459,0.2162,0.6757
ai,The-rational-Hodge-conjecture-for-products-of-K3-surfaces-October-4-2026,math.AG,2026,59,99,1.8475,0.6364,0.4848,0.6364,0.3636,0.2525,0.4242,1.101,0.0202,0.661,0.1101,16,0.2881,0.322,0.0,0.0,0.2525,0.0,0.7475,0.0,0.0,1.0,0.3729,0.678
ai,The-reverse-logarithmic-Kodaira-inequality-and-additivity-September-26-2026,math.AG,2026,36,76,2.1111,0.9342,0.7368,0.9474,0.5132,0.2237,0.4868,1,0.0,0.4444,0.1184,23.5,0.25,0.4167,0.0,0.0,0.2237,0.0,0.7763,0.0,0.0,1.0,0.2222,0.6389
ai,The-second-Kahn-Kalai-conjecture-September-24-2026,math.CO,2026,16,25,1.625,0.52,0.36,0.52,0.0,0.88,0.72,1.04,0.0,0.5625,0.1538,5.0,0.375,0.1875,0.0,0.0,0.88,0.0,0.12,0.0,0.0,1.0,0.25,0.5625
ai,The-sharp-exponential-rate-of-singularity-for-symmetric-Bernoulli-matrices-October-3-2026,,2026,18,19,1.0556,0.2632,0.1579,0.2632,0.1579,0.6842,0.7895,1,0.0,0.9444,0.1053,9.5,0.2222,0.3333,0.0,0.0,0.6842,0.0,0.3158,0.0,0.0,1.0,0.0,0.9444
ai,The-sharp-factor-of-IID-threshold-for-the-free-Ising-model-on-regular-trees-September-26-2026,math.PR,2026,17,30,1.7647,0.5667,0.4667,0.5667,0.1,0.5667,0.7333,1,0.0,0.4706,0.1,16,0.0588,0.3529,0.0,0.0,0.5667,0.0,0.4333,0.0,0.0,1.0,0.4706,0.9412
ai,The-sharp-singularity-rate-for-biased-symmetric-sign-matrices-October-4-2026,math.PR,2026,23,48,2.1304,0.6667,0.5417,0.6875,0.3333,0.2708,0.4792,1.0208,0.0,0.8261,0.4694,20,0.1739,0.4783,0.0,0.0,0.2708,0.0,0.7292,0.0,0.0,1.0,0.1739,0.8696
ai,The-spacetime-Penrose-inequality-and-enclosing-area-September-27-2026,math.DG,2026,43,63,1.5814,0.3016,0.2222,0.3016,0.254,0.0,0.6825,1.0794,0.0,0.6512,0.0588,20,0.2791,0.3256,0.0,0.0,0.0,0.0,1.0,0.0,0.0,1.0,0.4884,0.6977
ai,The-spacetime-Penrose-inequality-with-charge-and-original-data-rigidity-October-5-2026,gr-qc,2026,20,42,2.2,0.7619,0.6905,0.7619,0.7381,0.2143,0.3333,1.0476,0.0,0.6,0.2045,25.0,0.1,0.35,0.0,0.0,0.2143,0.0,0.7857,0.0,0.0,1.0,0.45,0.8
ai,The-spherical-magnetization-law-for-the-three-dimensional-quantum-Heisenberg-ferromagnet-October-5-2026,math.PR,2026,23,40,2.0,0.575,0.425,0.575,0.175,0.35,0.625,1.15,0.025,0.6087,0.1957,50,0.087,0.7391,0.0,0.0,0.35,0.0,0.65,0.0,0.0,1.0,0.2174,0.8261
ai,The-spherical-perceptron-with-bi-orthogonally-invariant-disorder-September-24-2026,math.PR,2026,30,44,1.5333,0.4545,0.3409,0.4545,0.0455,0.4318,0.7045,1.0455,0.0,0.7333,0.1304,16,0.1379,0.1724,0.0,0.0,0.4318,0.0,0.5227,0.0,0.0455,0.9667,0.2333,0.7333
ai,The-strong-thin-tree-conjecture-September-23-2026,cs.DS,2026,20,27,1.55,0.5185,0.4074,0.5185,0.0,0.5185,0.7407,1.1481,0.0,0.75,0.2258,14.5,0.15,0.25,0.0,0.0,0.5185,0.0,0.2222,0.0,0.2593,1.0,0.25,0.9
ai,The-symmetric-Mahler-conjecture-and-its-equality-cases-September-22-2026,math.MG,2026,30,42,1.4667,0.5238,0.3571,0.5476,0.0714,0.8333,0.8333,1.0476,0.0,0.7,0.1364,21.5,0.0667,0.4667,0.0,0.0,0.8333,0.0,0.1667,0.0,0.0,1.0,0.3667,0.8
ai,The-trace-cone-classifies-Razak-Jacelon-stabilizations-September-25-2026,math.OA,2026,35,72,2.0571,0.7778,0.7222,0.7778,0.3611,0.3611,0.5278,1,0.0,0.5429,0.0972,13,0.2,0.2571,0.0,0.0,0.3611,0.1667,0.4722,0.0,0.0,1.0,0.6,0.6
ai,The-two-primary-Birch-Swinnerton-Dyer-formula-in-Selmer-corank-at-most-one-September-24-2026,math.NT,2026,63,99,1.9206,0.3737,0.2626,0.3838,0.4343,0.2626,0.5859,1.2222,0.0303,0.541,0.0661,22,0.0952,0.4127,0.0,0.0,0.2626,0.0,0.7172,0.0202,0.0,1.0,0.0952,0.6984
ai,The-unique-threshold-bound-state-of-the-SU-N-BFSS-model-September-24-2026,hep-th,2026,29,40,1.3793,0.55,0.175,0.55,0.15,0.625,0.75,1,0.0,0.6552,0.075,26,0.069,0.2069,0.0,0.0,0.625,0.0,0.375,0.0,0.0,1.0,0.7931,0.7586
ai,The-weak-inhomogeneous-Duffin-Schaeffer-conjecture-September-25-2026,math.NT,2026,19,33,1.7895,0.6364,0.6364,0.6364,0.0606,0.6667,0.7576,1.0303,0.0,0.5789,0.1176,6,0.3684,0.3158,0.0,0.0,0.6667,0.0606,0.2727,0.0,0.0,1.0,0.5263,0.5789
ai,The-weak-pinned-planar-distance-theorem-September-23-2026,math.CO,2026,14,21,1.5,0.8095,0.6667,0.8095,0.0476,0.7143,0.7619,1,0.0,0.5714,0.1429,22.5,0.0714,0.1429,0.0,0.0,0.7143,0.0,0.2857,0.0,0.0,1.0,0.1429,0.7143
ai,Thermal-FK-Ising-interfaces-and-massive-SLE-October-5-2026,math-ph,2026,8,18,2.25,0.5556,0.5,0.6111,0.1667,0.3333,0.9444,1,0.0,0.625,0.3333,13.0,0.125,0.125,0.0,0.0,0.3333,0.0,0.6667,0.0,0.0,1.0,0.75,0.875
ai,Thomason-Model-Structures-in-Every-Strict-Higher-Dimension-September-25-2026,math.AT,2026,19,51,2.7895,0.8039,0.6078,0.8039,0.1373,0.3725,0.6471,1.0392,0.0,0.4737,0.1887,19,0.1579,0.1579,0.0,0.0,0.3725,0.0,0.5686,0.0,0.0588,1.0,0.3684,0.5789
ai,Thompsons-group-F-is-nonamenable-September-23-2026,math.GR,2026,19,23,1.2632,0.5217,0.4348,0.5217,0.087,0.8261,0.8696,1.0435,0.0,0.8421,0.1667,15,0.2105,0.4211,0.0,0.0,0.8261,0.0,0.1304,0.0,0.0435,1.0,0.2105,0.6316
ai,Threshold-parallel-repetition-for-finite-dimensional-entangled-games-September-25-2026,quant-ph,2026,18,28,1.5556,0.4643,0.3571,0.5,0.0357,0.5714,0.6786,1,0.0,0.7222,0.1786,12.0,0.1111,0.0556,0.0,0.0,0.5714,0.0,0.4286,0.0,0.0,1.0,0.3889,0.6667
ai,Topological-triviality-of-mu-constant-families-of-surface-singularities-September-24-2026,math.AG,2026,34,76,2.3235,0.7632,0.6711,0.7632,0.4605,0.3421,0.5,1.0395,0.0,0.3529,0.0886,27.5,0.1471,0.4118,0.0,0.0,0.3421,0.0,0.5789,0.0,0.0789,1.0,0.2647,0.7059
ai,Tracial-projection-methods-and-uniform-property-Gamma-September-23-2026,math.OA,2026,40,75,1.925,0.8,0.76,0.8,0.2267,0.48,0.6133,1.0267,0.0133,0.725,0.1688,14.0,0.275,0.225,0.0,0.0,0.48,0.1333,0.3867,0.0,0.0,1.0,0.575,0.575
ai,Translative-covering-densities-of-order-n-log-n-September-23-2026,math.MG,2026,12,17,1.4167,0.7059,0.5882,0.7059,0.1176,0.4706,0.4706,1,0.0,0.8333,0.2353,13.5,0.25,0.3333,0.0,0.0,0.4706,0.0,0.4118,0.0,0.1176,1.0,0.4167,0.9167
ai,Tree-Constructions-for-the-l1-Distortion-of-Binary-Edit-Distance-September-27-2026,cs.DS,2026,17,20,1.2353,0.55,0.5,0.55,0.15,0.6,0.6,1.05,0.0,0.7647,0.0952,23,0.2353,0.4118,0.0,0.0,0.6,0.0,0.25,0.0,0.15,1.0,0.2941,0.7059
ai,Triangular-minimality-for-planar-Coulomb-renormalized-energy-September-23-2026,math.AP,2026,19,28,1.4737,0.5,0.5,0.5714,0.1071,0.6071,0.7857,1,0.0,0.7368,0.1786,21,0.0526,0.4211,0.0,0.0,0.6071,0.0,0.3929,0.0,0.0,1.0,0.3684,0.8947
ai,Triple-ergodic-averages-with-distinct-integer-slopes-October-4-2026,math.CO,2026,15,116,8.0667,0.8362,0.5086,0.8362,0.1638,0.1466,0.2155,1.0431,0.0,0.6,0.6033,28,0.2,0.4,0.0,0.0,0.1466,0.0,0.8534,0.0,0.0,1.0,0.0667,0.0
ai,Turn-Based-Stochastic-Mean-Payoff-Games-in-Deterministic-Quasipolynomial-Time-October-5-2026,cs.DS,2026,16,23,1.5,0.3043,0.2174,0.3043,0.0,0.7391,0.9565,1.0435,0.0,0.625,0.125,16.5,0.3125,0.4375,0.0,0.0,0.7391,0.0,0.2609,0.0,0.0,1.0,0.125,0.6875
ai,Two-step-monodromy-of-special-quasi-projective-varieties-September-24-2026,math.AG,2026,18,58,3.3333,0.8621,0.8276,0.8621,0.0345,0.431,0.4483,1.0345,0.0,0.4444,0.2881,13.5,0.3333,0.3333,0.0,0.0,0.431,0.0,0.569,0.0,0.0,1.0,0.4444,0.6667
ai,Ultraflat-real-Littlewood-polynomials-October-5-2026,math.CA,2026,16,25,1.625,0.68,0.48,0.68,0.04,0.76,0.76,1.04,0.0,0.6875,0.2692,14.0,0.375,0.375,0.0,0.0,0.76,0.0,0.24,0.0,0.0,1.0,0.25,0.6875
ai,Unbounded-Violations-of-the-Square-Root-Degree-Bound-September-26-2026,cs.CC,2026,9,25,2.7778,0.8,0.76,0.8,0.48,0.36,0.56,1,0.0,0.7778,0.64,10,0.0,0.1111,0.0,0.0,0.36,0.0,0.6,0.0,0.04,1.0,0.4444,0.4444
ai,Unconditional-time-lower-bounds-for-Weisfeiler-Leman-equivalence-September-25-2026,cs.DS,2026,16,21,1.3125,0.7619,0.7143,0.7619,0.0,0.5714,0.7619,1,0.0,0.75,0.1429,10.0,0.4375,0.375,0.0,0.0,0.5714,0.1429,0.2857,0.0,0.0,1.0,0.25,0.625
ai,Uniform-Bi-Holder-Transport-from-Weak-MTW-September-25-2026,math.AP,2026,16,28,1.75,0.7857,0.75,0.7857,0.1429,0.5,0.75,1,0.0,0.75,0.25,15.5,0.125,0.1875,0.0,0.0,0.5,0.0,0.5,0.0,0.0,1.0,0.0625,0.875
ai,Uniform-Cartier-sections-for-Fano-type-contractions-September-25-2026,math.AG,2026,40,63,1.7,0.8571,0.8095,0.8571,0.3968,0.3016,0.5556,1.0794,0.0159,0.6,0.1029,8.5,0.275,0.075,0.0,0.0,0.3016,0.0,0.6984,0.0,0.0,1.0,0.625,0.5
ai,Uniform-Interior-C1alpha-Estimates-for-Infinity-Harmonic-Functions-October-4-2026,math.AP,2026,15,25,1.8,0.48,0.24,0.48,0.04,0.56,0.84,1.08,0.0,0.6,0.2222,18,0.2,0.2667,0.0,0.0,0.56,0.0,0.44,0.0,0.0,1.0,0.1333,0.8
ai,Uniform-Matrix-Hitting-Points-in-Every-Positive-Characteristic-October-4-2026,cs.CC,2026,10,13,1.3,0.8462,0.7692,0.8462,0.0,0.4615,0.4615,1,0.0,0.8,0.2308,15.5,0.2,0.1,0.0,0.0,0.4615,0.0,0.5385,0.0,0.0,1.0,0.3,0.8
ai,Uniform-Permanence-in-Weakly-Reversible-Mass-Action-Systems-October-5-2026,math.DS,2026,10,13,1.4,0.8462,0.7692,0.8462,0.0,0.8462,0.8462,1.0769,0.0,0.8,0.2857,13.5,0.2,0.3,0.0,0.0,0.8462,0.0,0.1538,0.0,0.0,1.0,0.1,0.8
ai,Uniform-Pluricanonical-Iitaka-Fibrations-October-3-2026,math.AG,2026,43,79,1.9302,0.6329,0.557,0.6329,0.4304,0.2658,0.4684,1.0506,0.0127,0.6512,0.1446,18,0.1395,0.2791,0.0,0.0,0.2658,0.0759,0.6582,0.0,0.0,1.0,0.1395,0.814
ai,Uniform-Stability-of-the-Spherical-Laughlin-Gap-October-5-2026,math-ph,2026,21,33,1.7619,0.0909,0.0303,0.0909,0.0303,0.6364,0.8182,1.1212,0.0,0.5714,0.1351,11,0.1429,0.2381,0.0,0.0,0.6364,0.0,0.3333,0.0,0.0303,1.0,0.0476,0.9048
ai,Uniform-computation-of-the-squared-logarithmic-k-server-bound-September-24-2026,cs.DS,2026,9,17,1.8889,0.6471,0.2941,0.6471,0.0588,0.6471,0.7647,1,0.0,0.4444,0.1765,10,0.3333,0.3333,0.0,0.0,0.6471,0.0,0.3529,0.0,0.0,1.0,0.3333,0.6667
ai,Uniform-effective-log-Iitaka-fibrations-for-fourfolds-September-26-2026,math.AG,2026,41,82,2.0244,0.8902,0.8293,0.8902,0.5244,0.2927,0.5,1.0122,0.0,0.4634,0.0843,13,0.1951,0.1951,0.0,0.0,0.2927,0.0,0.7073,0.0,0.0,1.0,0.2927,0.7805
ai,Uniform-excess-charge-for-Coulomb-molecules-and-the-outer-radius-of-neutral-atoms-September-24-2026,math-ph,2026,25,32,1.6,0.5312,0.4375,0.5312,0.0,0.7188,0.9688,1.25,0.0,0.6,0.125,36,0.16,0.56,0.0,0.0,0.7188,0.0,0.2812,0.0,0.0,1.0,0.28,0.76
ai,Uniform-exclusion-of-Landau-Siegel-zeros-October-1-2026,,2026,11,15,1.5455,0.5333,0.1333,0.5333,0.0667,0.7333,0.7333,1.1333,0.0,0.6364,0.2353,35,0.0909,0.6364,0.0,0.0,0.7333,0.0,0.2667,0.0,0.0,1.0,0.0,0.7273
ai,Uniform-indices-for-semi-log-canonical-log-Calabi-Yau-pairs-October-5-2026,math.AG,2026,42,87,2.2857,0.6897,0.6437,0.6897,0.3563,0.4023,0.5287,1.1034,0.023,0.5,0.1562,10.0,0.3095,0.0952,0.0,0.0,0.4023,0.0,0.5977,0.0,0.0,1.0,0.1429,0.7143
ai,Uniform-log-Iitaka-fibrations-and-bounded-moduli-denominators-October-4-2026,math.AG,2026,35,55,1.8,0.5455,0.4545,0.5455,0.3818,0.3818,0.5818,1.1455,0.0182,0.5714,0.1111,15,0.2286,0.1714,0.0,0.0,0.3818,0.1091,0.5091,0.0,0.0,1.0,0.0286,0.8857
ai,Uniform-marked-polygon-estimates-and-sharp-finite-bridge-moments-September-26-2026,math-ph,2026,17,21,1.7059,0.4762,0.3333,0.4762,0.2381,0.4762,0.7619,1.381,0.1429,0.4706,0.1379,20,0.0588,0.2941,0.0,0.0,0.4762,0.0,0.5238,0.0,0.0,1.0,0.4706,0.9412
ai,Uniform-quasipolynomial-time-trace-reconstruction-October-5-2026,cs.DS,2026,18,22,1.5556,0.3182,0.1364,0.3182,0.0,0.7273,0.8636,1.2727,0.0,0.5556,0.1429,8.0,0.1667,0.1111,0.0,0.0,0.7273,0.0,0.2727,0.0,0.0,1.0,0.2222,0.8333
ai,Uniform-real-Lipschitz-surfaces-on-the-triangular-lattice-September-25-2026,math.PR,2026,18,53,2.9444,0.5472,0.3585,0.6038,0.4528,0.0,0.4717,1,0.0,0.5,0.4151,19.0,0.0556,0.2778,0.0,0.0,0.0,0.0,1.0,0.0,0.0,1.0,0.5556,0.5556
ai,Uniformization-of-complete-Kahler-manifolds-with-positive-bisectional-curvature-September-23-2026,math.DG,2026,57,97,1.807,0.701,0.567,0.7113,0.3711,0.2577,0.5464,1.0619,0.0103,0.5789,0.068,23,0.1228,0.4386,0.0,0.0,0.2577,0.0,0.7423,0.0,0.0,1.0,0.4561,0.7719
ai,Unitarizability-Implies-Amenability-for-Countable-Groups-September-23-2026,math.GR,2026,21,33,1.6667,0.8182,0.6061,0.8182,0.0909,0.6364,0.6364,1.0606,0.0,0.5714,0.1143,18,0.1905,0.381,0.0,0.0,0.6364,0.0,0.3636,0.0,0.0,1.0,0.5238,0.619
ai,Universal-Computation-with-Eventually-Stationary-Navier-Stokes-Forcing-September-27-2026,math.DG,2026,11,15,1.5455,0.6,0.3333,0.6,0.1333,0.6,0.6667,1.1333,0.0,0.5455,0.1765,35,0.2727,0.5455,0.0,0.0,0.6,0.0,0.4,0.0,0.0,1.0,0.4545,1.0
ai,Universal-Tensor-Squares-for-Symmetric-Groups-September-24-2026,math.CO,2026,18,39,2.2778,0.8462,0.7179,0.8462,0.1282,0.5128,0.8462,1.0513,0.0256,0.5556,0.1707,9.5,0.2778,0.1667,0.0,0.0,0.5128,0.0,0.4872,0.0,0.0,1.0,0.2778,0.7778
ai,Universal-cover-splitting-for-compact-Kahler-manifolds-September-23-2026,math.AG,2026,31,44,1.4839,0.7273,0.6591,0.7273,0.4318,0.5227,0.6136,1.0455,0.0,0.6129,0.0652,23,0.129,0.2903,0.0,0.0,0.5227,0.0,0.2273,0.0,0.25,1.0,0.3226,0.6129
ai,Universal-optimality-of-the-triangular-lattice-September-23-2026,math.MG,2026,33,58,1.8788,0.8276,0.6724,0.8276,0.1724,0.5172,0.6034,1.069,0.0345,0.5455,0.1452,10,0.1818,0.303,0.0,0.0,0.5172,0.0,0.3621,0.0,0.1207,1.0,0.3939,0.8182
ai,Universal-strong-Kadison-Kastler-stability-September-23-2026,math.OA,2026,44,70,1.9091,0.5714,0.4429,0.5714,0.2571,0.3429,0.5286,1.2,0.0143,0.5455,0.1071,35.5,0.0455,0.5455,0.0,0.0,0.3429,0.0,0.6,0.0,0.0571,1.0,0.2955,0.8636
ai,Universality-of-critical-quench-autocorrelations-in-the-Sherrington-Kirkpatrick-model-October-5-2026,math.PR,2026,25,119,4.88,0.8739,0.7899,0.8739,0.605,0.1429,0.4202,1.0252,0.0084,0.72,0.4262,20,0.24,0.44,0.0,0.0,0.1429,0.0,0.8571,0.0,0.0,1.0,0.36,0.76
ai,Unrestricted-pro-modularity-at-the-prime-two-October-4-2026,math.NT,2026,23,80,3.5217,0.95,0.8,0.95,0.6625,0.0,0.3875,1.0125,0.0,0.6087,0.4444,16,0.1304,0.3043,0.0,0.0,0.0,0.0,1.0,0.0,0.0,1.0,0.1739,0.6522
ai,Vanishing-of-higher-bounded-Hochschild-cohomology-September-23-2026,math.OA,2026,24,44,2.0,0.7273,0.5,0.7273,0.1591,0.6364,0.75,1.0909,0.0227,0.4583,0.125,33.5,0.0,0.6667,0.0,0.0,0.6364,0.0,0.3636,0.0,0.0,1.0,0.25,0.9583
ai,Variable-dimension-Weisfeiler-Leman-equivalence-on-general-and-subcubic-graphs-September-25-2026,cs.DM,2026,12,16,1.3333,0.8125,0.5,0.8125,0.0,0.5625,0.6875,1,0.0,0.75,0.1875,10.0,0.4167,0.3333,0.0,0.0,0.5625,0.0,0.4375,0.0,0.0,1.0,0.0833,0.75
ai,Variance-of-the-Random-k-SAT-Hitting-Time-September-27-2026,math.PR,2026,18,38,2.1667,0.7105,0.6842,0.7105,0.1842,0.0,0.5526,1.0263,0.0,0.5556,0.2564,21.5,0.2778,0.1111,0.0,0.0,0.0,0.0,0.7105,0.0,0.2895,1.0,0.5556,0.7222
ai,Velocity-Field-Detection-of-Computation-in-Forced-Navier-Stokes-Flows-September-27-2026,,2026,13,17,1.3846,0.7059,0.4118,0.7059,0.0588,0.0,0.6471,1.0588,0.0,0.6923,0.1667,35,0.3077,0.5385,0.0,0.0,0.0,0.0,1.0,0.0,0.0,1.0,0.0,0.6923
ai,Virasoro-Constraints-for-Projective-Complete-Intersections-September-24-2026,math.AG,2026,25,73,3.28,0.8082,0.6301,0.8219,0.4658,0.2466,0.4932,1.1233,0.0274,0.4,0.1829,20,0.12,0.16,0.0,0.0,0.2466,0.0137,0.7397,0.0,0.0,1.0,0.8,0.88
ai,Virasoro-Constraints-under-Projectivization-October-5-2026,math.AG,2026,21,32,1.9048,0.3125,0.1875,0.3125,0.1875,0.5,0.5938,1.25,0.0938,0.5714,0.15,22,0.1429,0.0952,0.0,0.0,0.5,0.0,0.5,0.0,0.0,1.0,0.0952,0.9048
ai,Virtual-compact-specialness-of-hyperbolic-one-relator-groups-September-25-2026,math.GR,2026,66,144,2.4848,0.6111,0.5486,0.6389,0.4306,0.1597,0.6389,1.1389,0.0208,0.5,0.061,20,0.1077,0.2923,0.0,0.0,0.1597,0.1389,0.7014,0.0,0.0,0.9848,0.3485,0.8333
ai,Weak-Hessian-bounds-along-every-geodesic-in-RCD-spaces-September-24-2026,math.FA,2026,11,30,2.9091,0.7333,0.7,0.7333,0.3667,0.3667,0.3667,1.0667,0.0,0.2727,0.2188,8,0.1818,0.0,0.0,0.0,0.3667,0.0,0.6333,0.0,0.0,1.0,0.9091,0.9091
ai,Weak-and-strong-normalization-in-pure-type-systems-September-25-2026,,2026,13,19,1.4615,0.7895,0.3684,0.7895,0.0526,0.6316,0.7368,1,0.0,0.5385,0.1053,25,0.2308,0.3846,0.0,0.0,0.6316,0.0,0.3684,0.0,0.0,1.0,0.0,0.5385
ai,Weak-mixing-of-triangular-billiards-with-an-irrational-angle-October-5-2026,math.DS,2026,13,18,1.5385,0.6111,0.1667,0.6111,0.0,0.6111,0.6667,1.1111,0.0,0.7692,0.2,11,0.3077,0.1538,0.0,0.0,0.6111,0.0,0.3889,0.0,0.0,1.0,0.1538,0.6923
ai,Weak-pure-infiniteness-and-O-infinity-absorption-September-25-2026,math.OA,2026,23,59,2.6087,0.7627,0.5424,0.7627,0.339,0.4915,0.5763,1.0169,0.0,0.3913,0.15,20,0.2609,0.3043,0.0,0.0,0.4915,0.0,0.5085,0.0,0.0,1.0,0.3043,0.8261
ai,Weighted-Dilation-Graphs-Smooth-Shifted-Primes-and-Totient-Fibers-September-24-2026,math.NT,2026,23,31,1.3478,0.8387,0.5806,0.8387,0.0323,0.5484,0.8387,1,0.0,0.6957,0.0968,17.5,0.1364,0.3182,0.0,0.0,0.5484,0.2258,0.2258,0.0,0.0,0.9565,0.2174,0.6522
ai,Weil-classes-and-Hodge-classes-on-abelian-powers-September-30-2026,math.AG,2026,41,98,2.5854,0.8163,0.6429,0.8163,0.4388,0.2245,0.398,1.0816,0.0306,0.3902,0.1038,25,0.1951,0.439,0.0,0.0,0.2245,0.0,0.7755,0.0,0.0,1.0,0.2439,0.4146
ai,Witnessed-symmetric-choice-is-strictly-stronger-than-choiceless-polynomial-time-with-counting-September-24-2026,cs.LO,2026,20,40,2.0,0.75,0.35,0.775,0.025,0.65,0.725,1,0.0,0.6,0.2,17.5,0.2,0.15,0.0,0.0,0.65,0.0,0.35,0.0,0.0,1.0,0.25,0.7
ai,Zero-Plane-Rigidity-for-Einstein-Four-Manifolds-October-4-2026,math.DG,2026,22,43,2.0455,0.7674,0.6512,0.7674,0.0698,0.3721,0.5814,1.0465,0.0233,0.6818,0.3556,26.0,0.2273,0.4091,0.0,0.0,0.3721,0.0,0.5581,0.0,0.0698,1.0,0.1818,0.7273
ai,a-torsion-free-hyperbolic-group-that-is-not-residually-finite-September-23-2026,math.GR,2026,13,18,1.3846,0.8333,0.6667,0.8333,0.1111,0.8333,0.9444,1,0.0,0.6923,0.1667,21,0.0769,0.2308,0.0,0.0,0.8333,0.0,0.1667,0.0,0.0,1.0,0.0769,0.8462
ai,ample-rank-two-bundles-on-the-quadric-surface-without-griffiths-positive-metrics-September-24-2026,math.DG,2026,26,40,1.7308,0.8,0.675,0.8,0.3,0.6,0.6,1.125,0.025,0.5769,0.1111,12.0,0.3077,0.3462,0.0,0.0,0.6,0.0,0.4,0.0,0.0,1.0,0.5,0.6538
ai,quantitative-lower-bounds-for-trace-reconstruction-September-24-2026,math.PR,2026,21,35,1.8095,0.5429,0.3714,0.5429,0.2,0.4857,0.6286,1.0857,0.0,0.5714,0.1316,9,0.2381,0.1905,0.0,0.0,0.4857,0.0,0.5143,0.0,0.0,1.0,0.3333,0.8571
ai,quasi-isometric-recognition-of-virtually-polycyclic-groups-September-24-2026,math.GR,2026,28,44,1.6786,0.8864,0.75,0.8864,0.4318,0.3864,0.4545,1.0682,0.0,0.5714,0.0851,16.5,0.1071,0.2143,0.0,0.0,0.3864,0.0,0.6136,0.0,0.0,1.0,0.2143,0.8214
ai,the-additive-indecomposability-of-the-primes-September-24-2026,math.NT,2026,35,51,1.4857,0.7451,0.6471,0.7647,0.4118,0.3333,0.6275,1.0196,0.0,0.8,0.1538,25,0.0857,0.4571,0.0,0.0,0.3333,0.0,0.6667,0.0,0.0,1.0,0.2,0.8571
ai,two-limit-cycles-for-quintic-lienard-systems-September-24-2026,math.DS,2026,15,18,1.3333,0.0556,0.0,0.1111,0.0556,0.8333,0.8889,1.1111,0.0,0.8,0.15,15,0.1333,0.2667,0.0,0.0,0.8333,0.0,0.1667,0.0,0.0,1.0,0.0667,0.7333
ai,uniform-bounds-for-planar-polynomial-limit-cycles-September-24-2026,math.DS,2026,22,28,1.4091,0.5,0.3929,0.5,0.1071,0.5,0.6071,1.1071,0.0357,0.6818,0.129,34.5,0.0909,0.5909,0.0,0.0,0.5,0.0,0.5,0.0,0.0,1.0,0.0455,0.8636
human,2001.00244,math.AG,2020,18,58,3.2222,0.5345,0.3621,0.5345,0.3276,0.4828,0.3448,1,0.0,0.6667,0.2414,8.0,0.3889,0.0,0.0172,0.0,0.4655,0.0,0.5172,0.0,0.0,1.0,0.3333,0.2778
human,2001.01210,math.AG,2020,12,16,1.4167,0.4375,0.375,0.4375,0.1875,0.5,0.5,1.0625,0.0,0.75,0.1765,10.0,0.0833,0.4167,0.0,0.0,0.5,0.0,0.5,0.0,0.0,1.0,0.0833,0.0
human,2001.01650,math.FA,2020,3,6,2.0,0.1667,0.0,0.5,0.0,0.6667,0.1667,1,0.0,0.6667,0.6667,54,0.0,1.0,0.0,0.0,0.6667,0.0,0.3333,0.0,0.0,1.0,0.3333,0.0
human,2001.01688,math.DG,2020,24,75,3.125,0.0,0.0,0.0267,0.1333,0.1733,0.5067,1,0.0,0.2609,0.1333,24.0,0.1667,0.4583,0.0,0.0,0.1733,0.0,0.8,0.0267,0.0,1.0,0.0,0.0
human,2001.01695,math.NT,2020,16,68,4.25,0.5882,0.4412,0.6029,0.2206,0.3824,0.4853,1,0.0,0.5,0.2333,20.5,0.1875,0.375,0.0,0.0,0.3824,0.0,0.6176,0.0,0.0,1.0,0.125,0.0
human,2001.01855,math.NT,2020,43,63,1.6047,0.3651,0.3492,0.3651,0.0317,0.3968,0.4127,1.0952,0.0317,0.6667,0.2029,13.5,0.2692,0.2308,0.0,0.0,0.3968,0.0476,0.5556,0.0,0.0,0.6047,0.0698,0.0
human,2001.02266,math.AG,2020,12,34,2.8333,0.7941,0.6765,0.7941,0.4118,0.3529,0.3529,1,0.0,0.6364,0.3235,35,0.0909,0.5455,0.0,0.0,0.3529,0.0,0.6471,0.0,0.0,0.9167,0.0,0.0
human,2001.02528,math.PR,2020,21,28,1.7143,0.4286,0.4286,0.4286,0.3571,0.4643,0.4643,1.2857,0.0714,0.619,0.1667,7,0.2381,0.1429,0.0,0.0,0.4643,0.0,0.5357,0.0,0.0,1.0,0.0952,0.0
human,2001.02549,math.DG,2020,10,14,1.4,0.0,0.0,0.1429,0.5,0.2857,0.3571,1,0.0,0.6667,0.2857,26.5,0.0,0.4,0.0,0.0,0.2857,0.5714,0.1429,0.0,0.0,1.0,0.0,0.0
human,2001.02841,math.PR,2020,4,20,5.0,0.25,0.2,0.25,0.15,0.45,0.45,1,0.0,0.5,0.7,56.5,0.25,0.5,0.0,0.0,0.45,0.0,0.55,0.0,0.0,1.0,0.5,0.0
human,2001.04219,cs.CC,2020,38,46,1.7895,0.0217,0.0217,0.0435,0.0217,0.3478,0.5217,1.4783,0.1087,0.6842,0.1029,7.0,0.3421,0.0789,0.0,0.0,0.3478,0.3043,0.2609,0.087,0.0,1.0,0.0,0.5263
human,2001.04447,cs.DS,2020,64,126,2.625,0.0,0.0,0.0238,0.0556,0.6825,0.5476,1.3333,0.0476,0.5938,0.1429,10.0,0.2656,0.0938,0.0,0.0,0.6825,0.0476,0.2698,0.0,0.0,1.0,0.0781,0.875
human,2001.04485,math.AT,2020,9,69,8.2222,0.6377,0.5942,0.6377,0.0725,0.1304,0.5362,1.0725,0.029,0.4444,0.4865,19,0.0,0.1111,0.0,0.0,0.1304,0.0,0.8696,0.0,0.0,1.0,0.1111,0.0
human,2001.04573,math.DS,2020,23,34,1.5652,0.2647,0.2353,0.2647,0.0882,0.4412,0.5,1.0588,0.0,0.6522,0.1667,25,0.0435,0.4348,0.0,0.0,0.4412,0.0,0.5588,0.0,0.0,1.0,0.0435,0.0
human,2001.05787,cs.IT,2020,14,35,2.5714,0.1143,0.0857,0.1143,0.0,0.5143,0.5714,1.0286,0.0,0.2857,0.1667,42.0,0.2857,0.5714,0.0,0.0,0.5143,0.3714,0.1143,0.0,0.0,1.0,0.1429,0.0
human,2001.05816,math.AC,2020,10,26,2.6,1.0,1.0,1.0,0.0,0.9615,0.3462,1,0.0,0.5,0.2692,34,0.0,1.0,0.0,0.0,0.9615,0.0385,0.0,0.0,0.0,0.9,0.0,0.0
human,2001.05931,math.GR,2020,20,39,1.95,0.0,0.0,0.1282,0.2564,0.2564,0.3077,1,0.0,0.5,0.1282,9,0.0588,0.2353,0.0,0.0,0.2564,0.4872,0.2564,0.0,0.0,0.85,0.2,0.2
human,2001.06878,math.NT,2020,18,35,1.9444,0.0,0.0,0.2,0.4571,0.5429,0.3429,1,0.0,0.5,0.1714,23,0.1176,0.4118,0.0,0.0,0.5429,0.0,0.4571,0.0,0.0,0.9444,0.0556,0.0
human,2001.06922,math.AG,2020,37,98,2.9189,0.4082,0.3163,0.4082,0.0816,0.3571,0.551,1.102,0.0102,0.5405,0.2222,9.0,0.1765,0.1471,0.0,0.0,0.3571,0.0,0.6429,0.0,0.0,0.9189,0.2432,0.0
human,2001.07589,math.DG,2020,13,27,2.1538,0.3333,0.2222,0.3704,0.3333,0.2222,0.3333,1.037,0.0,0.4615,0.2143,23,0.2308,0.2308,0.0,0.0,0.2222,0.0,0.7778,0.0,0.0,1.0,0.0,0.4615
human,2001.07703,math.FA,2020,60,45,1.5,0.0222,0.0,0.0667,0.0,0.3556,0.6667,2,0.2222,0.3611,0.1111,19.5,0.0926,0.3148,0.0,0.0,0.3556,0.3111,0.2667,0.0,0.0667,0.9,0.0,0.0167
human,2001.07777,math.NT,2020,3,6,2.0,0.0,0.0,0.8333,0.5,0.0,0.1667,1,0.0,0.3333,0.5,15.0,0.0,0.0,0.0,0.0,0.0,0.0,1.0,0.0,0.0,0.6667,0.0,0.0
human,2001.07853,cs.LG,2020,18,30,2.0,0.0,0.0,0.1,0.0333,0.3667,0.3667,1.2,0.0667,0.7778,0.2188,2.5,0.6111,0.0,0.0,0.0,0.3667,0.0,0.6333,0.0,0.0,1.0,0.2778,0.0
human,2001.08384,math.PR,2020,14,46,3.2857,0.0,0.0,0.1304,0.2391,0.4348,0.5217,1,0.0,0.3846,0.3043,9.0,0.2143,0.2143,0.0,0.0,0.4348,0.0,0.5,0.0652,0.0,1.0,0.0,0.0
human,2001.08391,gr-qc,2020,46,41,1.3043,0.0,0.0,0.0,0.0,1.0,0.1951,1.4634,0.0976,0.8837,0.1833,7.5,0.2391,0.1957,0.0,1.0,0.0,0.0,0.0,0.0,0.0,1.0,0.6957,0.0
human,2001.08439,cs.CC,2020,16,17,1.1875,0.0588,0.0,0.0588,0.0,0.7059,0.7647,1.1176,0.0588,0.875,0.1579,9,0.0667,0.2667,0.0,0.0,0.7059,0.0,0.2941,0.0,0.0,0.9375,0.0625,0.0625
human,2001.08736,math.PR,2020,35,64,1.8286,0.0,0.0,0.125,0.0625,0.8125,0.9219,1,0.0,0.5294,0.0938,4.0,0.4,0.1,0.0,0.0,0.8125,0.0,0.1875,0.0,0.0,0.2857,0.6286,0.0
human,2001.10204,cs.CC,2020,13,14,1.4615,0.0,0.0,0.0,0.0,0.3571,0.3571,1.3571,0.1429,0.7692,0.2105,11,0.2308,0.0769,0.0,0.0,0.3571,0.0,0.6429,0.0,0.0,1.0,0.0,0.0769
human,2001.10293,math.AP,2020,19,40,2.2105,0.0,0.0,0.025,0.075,0.9,0.925,1.05,0.0,0.5263,0.1429,11,0.0588,0.1176,0.0,0.0,0.9,0.0,0.1,0.0,0.0,0.8947,0.0526,0.0
human,2001.10444,math.DS,2020,8,13,1.625,0.0,0.0,0.0,0.0,0.0,0.2308,1,0.0,0.2857,0.2308,6.5,0.25,0.125,0.0,0.0,0.0,0.7692,0.2308,0.0,0.0,1.0,0.0,0.5
human,2001.10729,math.CV,2020,13,15,1.1538,0.0,0.0,0.0,0.0,0.5333,0.5333,1,0.0,0.7273,0.2,24,0.1538,0.3846,0.0,0.0,0.5333,0.4667,0.0,0.0,0.0,1.0,0.0,0.0
human,2001.11362,math.PR,2020,14,0,0.0,,,,,,,,,,,13.0,0.1429,0.2143,,,,,,,,1.0,0.0,0.0
human,2001.11452,math.AG,2020,17,37,2.1765,0.5676,0.4595,0.5676,0.0,0.1351,0.2162,1,0.0,0.5882,0.1622,13,0.0667,0.2667,0.0,0.0,0.1351,0.1081,0.7568,0.0,0.0,0.8824,0.0,0.0588
human,2001.11467,math.PR,2020,50,93,2.64,0.3441,0.3011,0.3656,0.1505,0.2043,0.5269,1.4194,0.1183,0.44,0.1591,7,0.2449,0.3469,0.0,0.0,0.2043,0.3118,0.4839,0.0,0.0,0.98,0.44,0.0
human,2001.11577,math.GR,2020,59,72,1.2203,0.0,0.0,0.0417,0.0,0.1111,0.3056,1,0.0,0.8644,0.0556,21,0.0702,0.4211,0.0,0.0,0.1111,0.2222,0.6667,0.0,0.0,0.9661,0.0169,0.4915
human,2001.11765,math-ph,2020,5,5,1.0,0.0,0.0,0.0,0.0,0.8,0.8,1,0.0,1.0,0.2,28,0.0,0.4,0.0,0.0,0.8,0.0,0.2,0.0,0.0,1.0,0.0,0.0
human,2002.00009,cs.CC,2020,31,48,2.1613,0.1458,0.1458,0.1458,0.1042,0.2917,0.375,1.3958,0.125,0.6774,0.209,11,0.1613,0.2258,0.0,0.0,0.2917,0.0,0.6875,0.0208,0.0,1.0,0.0323,0.0
human,2002.00290,math.AG,2020,9,17,2.1111,0.4118,0.2941,0.4118,0.6471,0.3529,0.3529,1.1176,0.0,0.4444,0.2632,44,0.1111,0.6667,0.0,0.0,0.3529,0.0,0.6471,0.0,0.0,1.0,0.0,0.0
human,2002.00486,math.AG,2020,50,105,2.28,0.5143,0.3905,0.5143,0.2857,0.1048,0.2476,1.0857,0.0,0.42,0.0702,13.5,0.24,0.2,0.0,0.0,0.1048,0.0952,0.781,0.019,0.0,1.0,0.04,0.0
human,2002.00549,cond-mat,2020,54,50,1.963,0.0,0.0,0.0,0.0,0.4,0.42,2.12,0.26,0.5741,0.066,10.0,0.2593,0.0556,0.0,0.0,0.4,0.0,0.54,0.06,0.0,1.0,0.0185,0.0
human,2002.00628,cond-mat,2020,30,47,2.1,0.0,0.0,0.0,0.0,1.0,0.3617,1.3404,0.0638,0.5185,0.2063,6.0,0.3462,0.1923,0.0,1.0,0.0,0.0,0.0,0.0,0.0,0.8667,0.0,0.8
human,2002.00719,math.GR,2020,27,49,1.8148,0.4694,0.3265,0.4694,0.0816,0.4694,0.4898,1,0.0,0.6296,0.0816,15.0,0.1538,0.2692,0.0,0.0,0.4694,0.0,0.5306,0.0,0.0,0.963,0.0741,0.0
human,2002.00767,math.PR,2020,40,54,1.725,0.0,0.0,0.0185,0.1111,0.3333,0.4444,1.2778,0.0556,0.5946,0.087,24.0,0.05,0.45,0.0,0.0,0.3333,0.0,0.6296,0.0,0.037,1.0,0.0,0.0
human,2002.00795,cond-mat,2020,30,30,2.2333,0.0,0.0,0.0,0.0,0.3667,0.3333,2.2333,0.4,0.3571,0.0896,11.5,0.0,0.0667,0.0,0.0,0.3667,0.0,0.0,0.6333,0.0,1.0,0.0,0.0
human,2002.00933,math.DG,2020,32,55,2.3125,0.4182,0.2909,0.4364,0.0,0.2,0.2727,1.3455,0.0909,0.6452,0.3108,27.0,0.0312,0.4375,0.0,0.0,0.2,0.0545,0.7455,0.0,0.0,1.0,0.0,0.0312
human,2002.01439,math.CA,2020,41,15,1.1463,0.0667,0.0667,0.0667,0.0,0.7333,0.6667,3.1333,0.1333,0.9024,0.0638,6,0.3171,0.0488,0.0,0.0,0.7333,0.2667,0.0,0.0,0.0,1.0,0.0,0.0
human,2002.02021,cs.CC,2020,26,41,2.2308,0.0,0.0,0.0,0.0,0.561,0.7073,1.4146,0.0488,0.6538,0.2069,10.5,0.1923,0.1154,0.0732,0.0,0.4878,0.1463,0.1951,0.0,0.0976,1.0,0.0769,0.0385
human,2002.02269,math-ph,2020,51,40,1.3333,0.0,0.0,0.075,0.0,0.175,0.25,1.7,0.1,0.6,0.1061,12,0.0392,0.1373,0.0,0.0,0.175,0.0,0.8,0.025,0.0,1.0,0.0196,0.0
human,2002.03253,math.OA,2020,63,133,2.7619,0.3534,0.3083,0.4436,0.2105,0.1128,0.218,1.3083,0.0677,0.4483,0.1494,17.5,0.1935,0.4516,0.0,0.0,0.1128,0.0,0.8872,0.0,0.0,0.9841,0.0,0.0159
human,2002.03255,math.NT,2020,26,24,1.0385,0.4167,0.125,0.4167,0.0,0.6667,1.0,1.125,0.0417,0.9615,0.0741,39.0,0.0385,0.6923,0.0,0.0,0.6667,0.0,0.3333,0.0,0.0,1.0,0.0,0.7308
human,2002.03477,math.OA,2020,46,46,1.4348,0.0,0.0,0.0652,0.0435,0.1304,0.3913,1.4348,0.087,0.7826,0.0758,20,0.2667,0.3556,0.0,0.1304,0.0,0.0,0.8261,0.0435,0.0,0.9783,0.087,0.4565
human,2002.03659,math.MG,2020,18,46,2.8333,0.5652,0.5435,0.5652,0.0217,0.2609,0.413,1.1087,0.0435,0.5882,0.4902,35,0.1176,0.5882,0.0,0.0,0.2609,0.2391,0.5,0.0,0.0,0.9444,0.3333,0.0
human,2002.04750,math.NT,2020,32,90,3.6875,0.5333,0.4889,0.5333,0.0111,0.2111,0.3,1.3111,0.0889,0.1935,0.1441,15,0.129,0.2258,0.0,0.0,0.2111,0.0,0.7889,0.0,0.0,0.9688,0.0938,0.0
human,2002.05250,math.PR,2020,37,73,2.1081,0.3151,0.3014,0.3151,0.0,0.0822,0.1644,1.0685,0.0,0.6944,0.1282,6.0,0.3333,0.0278,0.0,0.0,0.0822,0.0,0.9178,0.0,0.0,0.973,0.027,0.0
human,2002.05768,math.GR,2020,54,72,1.6481,0.0694,0.0417,0.0694,0.0,0.0417,0.0417,1.2361,0.0278,0.7593,0.1011,10.0,0.2963,0.1296,0.0,0.0417,0.0,0.0,0.9583,0.0,0.0,1.0,0.0926,0.5926
human,2002.06154,math.MG,2020,42,51,1.5952,0.0392,0.0,0.1765,0.0196,0.3137,0.3922,1.3137,0.0784,0.7857,0.1642,15,0.2195,0.2439,0.0,0.0,0.3137,0.1961,0.4902,0.0,0.0,0.9762,0.0714,0.5952
human,2002.06257,quant-ph,2020,25,43,2.0,0.0,0.0,0.0,0.0,0.3488,0.4884,1.1628,0.0233,0.56,0.16,9,0.32,0.04,0.0233,0.0,0.3256,0.1628,0.4419,0.0465,0.0,1.0,0.16,0.04
human,2002.07142,math.PR,2020,12,32,2.9167,0.5312,0.375,0.5312,0.25,0.4062,0.6562,1.0938,0.0,0.5833,0.4286,3.5,0.5,0.0,0.0,0.0,0.4062,0.25,0.3438,0.0,0.0,1.0,0.0,0.25
human,2002.07210,math.DG,2020,30,38,1.4333,0.2105,0.1842,0.2105,0.1842,0.5789,0.2895,1.1316,0.0526,0.7,0.093,2,0.5517,0.0345,0.0,0.5789,0.0,0.2105,0.2105,0.0,0.0,0.9667,0.1,0.1
human,2002.08149,math.AG,2020,16,55,3.5,0.3636,0.3455,0.3636,0.0545,0.6545,0.7455,1.0182,0.0,0.5,0.4286,6.5,0.1429,0.1429,0.1091,0.0,0.5455,0.1091,0.1455,0.0909,0.0,0.875,0.0,0.0625
human,2002.08533,cs.CC,2020,65,100,1.8769,0.08,0.04,0.08,0.08,0.65,0.4,1.22,0.02,0.5781,0.0574,10,0.2615,0.1692,0.04,0.0,0.61,0.04,0.31,0.0,0.0,1.0,0.0615,0.5846
human,2002.09525,math.CA,2020,9,21,2.3333,0.0,0.0,0.0476,0.0,0.9048,0.619,1,0.0,0.5556,0.3333,4.0,0.5,0.25,0.0476,0.0,0.8571,0.0,0.0952,0.0,0.0,0.8889,0.0,0.0
human,2002.09555,math.AP,2020,66,71,1.3485,0.3239,0.2676,0.3662,0.338,0.5352,0.6479,1.2535,0.0704,0.8636,0.1348,16,0.0923,0.2154,0.0,0.0,0.5352,0.0,0.3803,0.0,0.0845,0.9848,0.0,0.0
human,2002.09698,math.AG,2020,30,50,1.9333,0.6,0.5,0.64,0.16,0.28,0.44,1.16,0.06,0.6333,0.1897,18.5,0.0667,0.1667,0.0,0.0,0.28,0.24,0.48,0.0,0.0,1.0,0.0,0.0
human,2002.09936,math.AG,2020,36,46,1.3333,0.5217,0.3913,0.5217,0.0,0.3261,0.4565,1.0435,0.0,0.5833,0.2708,16,0.129,0.1935,0.0,0.0,0.3261,0.0,0.6739,0.0,0.0,0.8611,0.0278,0.0
human,2002.10145,cs.CC,2020,36,71,2.5833,0.3239,0.2817,0.3239,0.0704,0.3099,0.4085,1.3099,0.0704,0.4167,0.0989,14.0,0.1389,0.1389,0.0,0.0,0.3099,0.2535,0.3803,0.0563,0.0,1.0,0.0278,0.8611
human,2002.10637,math.DS,2020,70,103,1.9,0.0,0.0,0.0,0.0,0.4175,0.4757,1.2913,0.0583,0.6,0.0677,5.0,0.4143,0.0429,0.0,0.0,0.4175,0.1748,0.2039,0.1942,0.0097,1.0,0.1,0.0
human,2002.11311,math.PR,2020,23,20,1.2174,0.0,0.0,0.0,0.0,0.2,0.2,1.4,0.1,0.8182,0.1071,32,0.0435,0.5217,0.0,0.0,0.2,0.0,0.8,0.0,0.0,1.0,0.0435,0.0
human,2002.11693,math.PR,2020,9,15,2.1111,0.0,0.0,0.1333,0.2,0.6,0.6,1.2667,0.0667,0.3333,0.3158,12.0,0.25,0.125,0.0,0.0,0.6,0.0,0.4,0.0,0.0,0.8889,0.1111,0.0
human,2002.11880,cs.DS,2020,23,36,2.913,0.0556,0.0,0.0556,0.0,0.7222,0.8611,1.8611,0.1944,0.25,0.1642,5,0.4348,0.087,0.1389,0.0,0.5833,0.0556,0.2222,0.0,0.0,1.0,0.087,0.7391
human,2003.00062,math.CO,2020,15,33,2.2,0.0,0.0,0.1515,0.0606,0.2727,0.7273,1,0.0,0.4667,0.2121,15.5,0.1429,0.0714,0.0303,0.0,0.2424,0.0,0.6061,0.1212,0.0,0.9333,0.0,0.0
human,2003.00841,math.DG,2020,30,31,1.2333,0.2581,0.2581,0.2581,0.0,0.6452,0.5806,1.1935,0.0645,0.8276,0.0811,16.5,0.1,0.3,0.0,0.0,0.6452,0.0,0.3548,0.0,0.0,1.0,0.0,0.0
human,2003.01020,math.GR,2020,14,18,1.2857,0.0556,0.0556,0.0556,0.0,0.7222,0.5,1,0.0,0.6667,0.2222,25.0,0.0,0.5,0.0,0.7222,0.0,0.0,0.2778,0.0,0.0,0.1429,0.0,0.0
human,2003.01034,hep-th,2020,22,18,1.5,0.0,0.0,0.0,0.0,0.6111,0.6667,1.8333,0.2222,0.8182,0.1818,3.5,0.5,0.2273,0.0,0.0,0.6111,0.0,0.1667,0.2222,0.0,1.0,0.7727,0.0
human,2003.01390,math.MG,2020,5,6,1.2,0.0,0.0,0.1667,0.1667,1.0,0.1667,1,0.0,0.8,0.3333,16,0.0,0.0,0.0,1.0,0.0,0.0,0.0,0.0,0.0,1.0,0.0,0.0
human,2003.01796,math.SP,2020,40,43,2.15,0.2093,0.1628,0.2093,0.1163,0.5814,0.6512,2,0.186,0.55,0.1279,15.0,0.1,0.225,0.0,0.0,0.5814,0.1395,0.2791,0.0,0.0,1.0,0.0,0.0
human,2003.01818,cs.DM,2020,28,45,1.6786,0.0,0.0,0.0,0.0,0.1333,0.2444,1.0444,0.0222,0.7037,0.1489,28.0,0.1071,0.4643,0.0,0.0,0.1333,0.0,0.8667,0.0,0.0,1.0,0.0357,0.0
human,2003.01902,cs.DS,2020,151,249,1.7086,0.1687,0.0241,0.1847,0.004,0.008,0.3052,1.0361,0.004,0.7351,0.0853,28.0,0.0067,0.4533,0.0,0.008,0.0,0.012,0.9076,0.0,0.0723,0.9934,0.0199,0.0
human,2003.01976,math.AG,2020,13,14,1.3077,0.4286,0.3571,0.4286,0.0,0.5714,0.5,1.2143,0.0714,0.9231,0.2941,33,0.0769,0.5385,0.0,0.0,0.5714,0.0,0.4286,0.0,0.0,1.0,0.0,0.0
human,2003.02323,cs.CC,2020,19,27,1.7368,0.037,0.037,0.037,0.0741,0.2593,0.4444,1.2222,0.0741,0.4737,0.1212,11,0.2632,0.0,0.0,0.0,0.2593,0.1852,0.5556,0.0,0.0,1.0,0.0526,0.0
human,2003.03084,math.CO,2020,10,14,1.4,0.0,0.0,0.0,0.0,0.4286,0.8571,1,0.0,0.7,0.2143,32.5,0.1,0.5,0.0,0.0,0.4286,0.0,0.5714,0.0,0.0,1.0,0.0,0.0
human,2003.03617,math.CO,2020,30,10,0.3667,0.0,0.0,0.0,0.0,0.5,0.5,1.1,0.0,0.7778,0.1818,14,0.069,0.3103,0.0,0.0,0.5,0.0,0.5,0.0,0.0,0.9667,0.0,0.0
human,2003.03720,gr-qc,2020,151,92,1.2252,0.0,0.0,0.0,0.0,0.5652,0.5761,2.0109,0.1304,0.8675,0.0378,9,0.302,0.1812,0.0,0.0,0.5652,0.0,0.3478,0.087,0.0,0.9868,0.053,0.0132
human,2003.03862,cs.LG,2020,17,14,1.1176,0.0,0.0,0.0,0.0,0.2857,0.7857,1.3571,0.0,0.8125,0.1053,4,0.4118,0.0,0.0,0.0,0.2857,0.0,0.7143,0.0,0.0,1.0,0.2941,0.0
human,2003.03945,math.CO,2020,18,18,1.1667,0.1111,0.1111,0.1111,0.0556,0.7222,0.6667,1.1667,0.0,0.8333,0.0952,6.5,0.3333,0.2778,0.0,0.0,0.7222,0.0,0.2778,0.0,0.0,1.0,0.0556,0.0
human,2003.04075,math.NT,2020,10,15,1.5,0.2667,0.2,0.2667,0.1333,0.7333,0.7333,1,0.0,0.6,0.2,16,0.1111,0.2222,0.0,0.0,0.7333,0.0,0.2667,0.0,0.0,0.9,0.0,0.2
human,2003.04160,math.OA,2020,18,32,2.2778,0.0,0.0,0.4375,0.125,0.2812,0.375,1.2812,0.0938,0.5,0.1463,11.0,0.2222,0.1667,0.0,0.0,0.2812,0.25,0.4688,0.0,0.0,1.0,0.0,0.0556
human,2003.04214,math.CA,2020,32,46,1.4375,0.0652,0.0435,0.0652,0.0,0.8696,0.9565,1,0.0,0.75,0.1087,10.5,0.2188,0.1875,0.0,0.0,0.8696,0.0,0.1304,0.0,0.0,1.0,0.0,0.0
human,2003.04384,math.OA,2020,29,48,2.1034,0.0,0.0,0.0,0.2083,0.1042,0.2083,1.2708,0.0625,0.5172,0.1639,18,0.069,0.1724,0.0208,0.0208,0.0625,0.5,0.3958,0.0,0.0,1.0,0.069,0.0
human,2003.04401,math-ph,2020,23,14,1.2609,0.0,0.0,0.1429,0.0,0.6429,0.7857,2.0714,0.1429,0.9565,0.2414,6.0,0.2727,0.0455,0.1429,0.0,0.5,0.0,0.3571,0.0,0.0,0.9565,0.087,0.0435
human,2003.04588,math-ph,2020,31,56,1.8065,0.0,0.0,0.0536,0.0,0.2679,0.3393,1,0.0,0.6667,0.2182,20.5,0.1333,0.2,0.0,0.0179,0.25,0.0,0.625,0.1071,0.0,0.9677,0.4839,0.0
human,2003.04990,math.CO,2020,20,25,1.75,0.04,0.04,0.04,0.04,0.8,0.4,1.4,0.04,0.7,0.2286,13,0.1579,0.0526,0.0,0.0,0.8,0.0,0.2,0.0,0.0,0.95,0.05,0.0
human,2003.05165,math.DS,2020,16,28,1.8125,0.0714,0.0714,0.3571,0.1429,0.3571,0.3571,1.0357,0.0,0.6875,0.2069,15,0.2,0.2667,0.0,0.0,0.3571,0.0,0.6429,0.0,0.0,0.9375,0.0,0.0
human,2003.06072,math.GR,2020,6,6,1.0,0.0,0.0,0.6667,0.0,1.0,0.1667,1,0.0,1.0,0.1667,10.5,0.3333,0.3333,0.0,0.0,1.0,0.0,0.0,0.0,0.0,1.0,0.1667,0.0
human,2003.06206,math.PR,2020,28,63,2.5357,0.5079,0.4286,0.5079,0.3492,0.4286,0.3333,1.127,0.0317,0.625,0.1831,7.0,0.2917,0.2917,0.0,0.0,0.4286,0.0,0.5714,0.0,0.0,0.8571,0.1071,0.0
human,2003.06242,math.DG,2020,29,47,1.7586,0.1915,0.1064,0.2553,0.2128,0.2979,0.3404,1.0851,0.0213,0.5517,0.0784,10.5,0.2143,0.0357,0.0,0.0,0.2979,0.617,0.0851,0.0,0.0,0.9655,0.2069,0.0345
human,2003.06454,math.PR,2020,29,26,1.3793,0.0,0.0,0.0,0.0,0.6923,0.7308,1.5385,0.0769,0.8276,0.175,6,0.3793,0.1724,0.0,0.0,0.6923,0.0385,0.2692,0.0,0.0,1.0,0.1034,0.0
human,2003.06691,cs.DS,2020,44,59,2.0682,0.0,0.0,0.0,0.0,0.9153,0.9831,1.5424,0.1356,0.5909,0.0769,13.5,0.0909,0.0682,0.0,0.0,0.9153,0.0847,0.0,0.0,0.0,1.0,0.0,0.0
human,2003.06706,cs.DS,2020,22,20,1.0455,0.0,0.0,0.0,0.0,0.6,0.6,1.15,0.05,0.8947,0.1739,2.5,0.5455,0.0,0.0,0.0,0.6,0.0,0.4,0.0,0.0,1.0,0.2273,0.4091
human,2003.06839,math.AG,2020,42,71,2.3095,0.3521,0.2394,0.3521,0.2394,0.2535,0.2958,1.3662,0.0704,0.4762,0.0825,3.0,0.5238,0.0952,0.0,0.0,0.2535,0.169,0.5775,0.0,0.0,1.0,0.2857,0.5952
human,2003.07206,math.AP,2020,49,58,2.0,0.0345,0.0345,0.069,0.0862,0.569,0.4483,1.6897,0.2241,0.6327,0.102,9.5,0.1667,0.0208,0.0,0.0,0.569,0.1724,0.2586,0.0,0.0,0.9796,0.0204,0.8571
human,2003.07403,math.CA,2020,10,21,3.2,0.0,0.0,0.3333,0.0952,0.4286,0.5238,1.5238,0.0476,0.6,0.3125,3,0.5556,0.2222,0.0,0.0,0.4286,0.0,0.5238,0.0476,0.0,0.9,0.0,0.0
human,2003.07416,math.CO,2020,17,23,1.4706,0.6522,0.5652,0.6522,0.3043,0.3478,0.4783,1.087,0.0,0.6667,0.2,2,0.6,0.0,0.0,0.0,0.3478,0.2609,0.3913,0.0,0.0,0.8824,0.1765,0.0
human,2003.07960,math.PR,2020,13,18,1.3846,0.1667,0.0,0.1667,0.0,0.5556,0.5,1,0.0,0.6923,0.1667,29,0.0769,0.4615,0.0,0.0,0.5556,0.0,0.4444,0.0,0.0,1.0,0.0,0.0
human,2003.08426,math.PR,2020,56,65,1.5536,0.4462,0.4,0.4462,0.0923,0.6769,0.4308,1.3385,0.0615,0.8393,0.1149,16.5,0.2321,0.2857,0.0,0.0,0.6769,0.0,0.2462,0.0,0.0769,1.0,0.0,0.0
human,2003.08644,math.AG,2020,20,59,3.0,0.7627,0.4746,0.7627,0.1525,0.1695,0.339,1.0169,0.0,0.45,0.15,29.5,0.1,0.5,0.0,0.0,0.1695,0.0,0.8305,0.0,0.0,1.0,0.1,0.0
human,2003.08985,math.AG,2020,50,93,1.86,0.3333,0.2151,0.3333,0.0215,0.2366,0.7097,1,0.0,0.3,0.1505,17.0,0.0,0.3409,0.0,0.0,0.2366,0.2581,0.5054,0.0,0.0,0.88,0.06,0.02
human,2003.09246,quant-ph,2020,72,42,1.0694,0.0238,0.0238,0.0238,0.0,0.381,0.4048,1.8333,0.1905,0.7818,0.0909,11,0.0769,0.0462,0.0,0.381,0.0,0.0,0.619,0.0,0.0,0.9028,0.0,0.0
human,2003.09409,math.CO,2020,21,21,1.381,0.0,0.0,0.0476,0.2381,0.2381,0.2857,1.381,0.0476,0.7143,0.1034,21,0.0,0.381,0.0,0.0,0.2381,0.1429,0.619,0.0,0.0,1.0,0.0,0.0
human,2003.09819,math.FA,2020,12,24,2.1667,0.625,0.625,0.625,0.25,0.5,0.5417,1.0833,0.0417,0.5833,0.3846,13.5,0.0833,0.3333,0.0417,0.0,0.4583,0.0,0.5,0.0,0.0,1.0,0.0,0.0
human,2003.09879,cs.CC,2020,46,106,2.6739,0.0849,0.0849,0.0849,0.1792,0.3679,0.4245,1.1604,0.0189,0.4783,0.1789,22.0,0.087,0.3696,0.0,0.0,0.3679,0.0566,0.1887,0.3868,0.0,1.0,0.0217,0.0
human,2003.10995,math.NT,2020,26,33,1.2692,0.1212,0.0909,0.1818,0.0,0.697,0.6364,1,0.0,0.6875,0.2727,10.0,0.2727,0.0909,0.0,0.0,0.697,0.0,0.303,0.0,0.0,0.8462,0.0385,0.0385
human,2003.11273,cs.DS,2020,8,10,1.375,0.0,0.0,0.0,0.0,1.0,1.0,1.1,0.0,0.75,0.2727,15.5,0.25,0.375,0.0,0.0,1.0,0.0,0.0,0.0,0.0,1.0,0.375,0.75
human,2003.11419,math.CA,2020,34,33,1.6471,0.0,0.0,0.0,0.0303,0.4545,0.8485,1.697,0.2424,0.6176,0.1071,4.5,0.4706,0.0588,0.0,0.0,0.4545,0.4848,0.0,0.0606,0.0,1.0,0.0,0.1471
human,2003.12251,math.SG,2020,15,34,2.7333,0.1471,0.0882,0.1471,0.0,0.2941,0.2353,1.2059,0.0588,0.4,0.2195,25,0.0769,0.2308,0.0,0.0,0.2941,0.3529,0.3529,0.0,0.0,0.8667,0.0667,0.0
human,2003.12868,math.NT,2020,11,30,2.8182,0.0,0.0,0.0,0.0667,0.3,0.4667,1.0333,0.0,0.4545,0.2903,30,0.0,0.5455,0.0,0.0,0.3,0.5667,0.1333,0.0,0.0,1.0,0.0,0.0
human,2003.12937,math.PR,2020,12,24,2.3333,0.0,0.0,0.0,0.0,0.5833,0.5833,1.1667,0.0417,0.25,0.1786,5.5,0.4167,0.1667,0.0,0.0,0.5833,0.0,0.4167,0.0,0.0,1.0,0.0833,0.0
human,2003.12972,cs.IT,2020,27,41,1.6667,0.0732,0.0732,0.2683,0.0244,0.3902,0.4878,1.0976,0.0244,0.7778,0.2444,6.0,0.3462,0.1538,0.0,0.0,0.3902,0.0,0.6098,0.0,0.0,0.963,0.0741,0.0
human,2003.13210,math.SG,2020,15,26,1.7333,0.0,0.0,0.1538,0.0,0.2308,0.2308,1,0.0,0.6429,0.1923,26.5,0.0,0.4286,0.0,0.0,0.2308,0.0,0.7692,0.0,0.0,0.9333,0.0,0.0
human,2003.13308,math.AG,2020,32,63,1.9688,0.2381,0.2063,0.2381,0.254,0.5714,0.6032,1,0.0,0.625,0.127,13,0.0968,0.1935,0.0,0.0,0.5714,0.0635,0.3651,0.0,0.0,0.9688,0.0625,0.5938
human,2003.13548,math.CO,2020,11,12,1.2727,0.25,0.1667,0.25,0.0,0.25,0.3333,1.1667,0.0,0.7273,0.1429,20,0.1818,0.0,0.0,0.0,0.25,0.0833,0.6667,0.0,0.0,1.0,0.1818,0.0909
human,2003.13966,cs.GT,2020,18,49,3.2222,0.0,0.0,0.0,0.0408,0.4898,0.5102,1.1837,0.0612,0.6111,0.5172,1.5,0.6667,0.0,0.0,0.0408,0.449,0.3061,0.1837,0.0204,0.0,1.0,0.0,0.0
human,2003.14224,math.AG,2020,48,129,3.1042,0.5271,0.4031,0.5271,0.3023,0.2248,0.3488,1.155,0.031,0.5208,0.1611,8.0,0.3125,0.1458,0.0,0.0,0.2248,0.0,0.7752,0.0,0.0,1.0,0.1458,0.0
human,2003.14277,math.DS,2020,49,102,2.0816,0.2647,0.2157,0.2745,0.049,0.549,0.6275,1,0.0,0.4348,0.0686,16.0,0.1042,0.2292,0.0,0.0,0.549,0.0,0.451,0.0,0.0,0.9796,0.0612,0.0
human,2004.01596,math.AG,2020,27,42,1.963,0.5238,0.4048,0.5238,0.2857,0.0952,0.1905,1.2619,0.0238,0.5556,0.1509,12,0.08,0.16,0.0,0.0,0.0952,0.0,0.9048,0.0,0.0,0.9259,0.1852,0.0
human,2004.01850,math.PR,2020,17,43,2.5882,0.5116,0.4884,0.5581,0.1163,0.1163,0.4651,1.0233,0.0,0.4706,0.3182,13,0.1765,0.1765,0.0,0.0,0.1163,0.0,0.8837,0.0,0.0,1.0,0.0,0.0
human,2004.01890,math.OA,2020,43,85,3.0233,0.4235,0.3412,0.4588,0.0941,0.1529,0.3176,1.5294,0.1529,0.4186,0.1154,13,0.1628,0.2791,0.0118,0.0,0.1412,0.0,0.8471,0.0,0.0,1.0,0.093,0.0233
human,2004.02448,math.LO,2020,7,18,2.5714,0.3889,0.0,0.3889,0.0,1.0,0.5,1,0.0,0.5714,0.3889,14,0.2857,0.1429,0.0556,0.9444,0.0,0.0,0.0,0.0,0.0,1.0,0.0,0.0
human,2004.03999,math.PR,2020,27,55,2.037,0.0,0.0,0.0182,0.0727,0.5273,0.4909,1,0.0,0.6667,0.1273,18,0.1111,0.2222,0.0,0.0,0.5273,0.0,0.4727,0.0,0.0,1.0,0.0,0.037
human,2004.04053,math.GT,2020,18,28,1.5556,0.0,0.0,0.0357,0.1071,0.5714,0.4643,1,0.0,0.6111,0.1071,24.0,0.25,0.375,0.0,0.0,0.5714,0.0,0.4286,0.0,0.0,0.8889,0.2222,0.0
human,2004.04826,math.PR,2020,30,50,2.4,0.12,0.1,0.14,0.14,0.64,0.64,1.44,0.1,0.4333,0.1111,6.0,0.4,0.2333,0.0,0.0,0.64,0.0,0.26,0.0,0.1,1.0,0.1667,0.0667
human,2004.04995,math.CO,2020,15,20,1.4667,0.15,0.15,0.15,0.0,0.6,0.45,1.1,0.05,0.8,0.2727,11,0.3333,0.0,0.0,0.0,0.6,0.0,0.3,0.1,0.0,1.0,0.0,0.0
human,2004.05287,cs.LO,2020,33,34,1.1515,0.5294,0.2941,0.5294,0.0,0.1765,0.6471,1.1176,0.0294,0.6087,0.1053,5.0,0.4062,0.0625,0.0,0.0,0.1765,0.0,0.6765,0.1471,0.0,0.9697,0.1818,0.0
human,2004.05416,math-ph,2020,92,22,0.5217,0.0,0.0,0.0,0.0,0.3182,0.7727,2.1818,0.2727,0.878,0.0625,9,0.2,0.1067,0.0,0.0,0.3182,0.2727,0.4091,0.0,0.0,0.8152,0.0,0.0
human,2004.05423,math.CO,2020,36,63,2.0556,0.2063,0.1587,0.2063,0.0635,0.3333,0.3492,1.1746,0.0476,0.5278,0.1351,13.5,0.1944,0.1944,0.0,0.0,0.3333,0.3651,0.3016,0.0,0.0,1.0,0.1111,0.0
human,2004.05532,math.DG,2020,27,46,1.7778,0.0,0.0,0.0435,0.1739,0.7391,0.4565,1.0435,0.0,0.84,0.3542,29.5,0.0769,0.5,0.0217,0.0,0.7174,0.0,0.2609,0.0,0.0,0.963,0.0,0.037
human,2004.05854,math.NT,2020,12,32,2.6667,0.7812,0.25,0.7812,0.2188,0.5,0.375,1,0.0,0.5833,0.3125,25.5,0.0,0.4167,0.0,0.0,0.5,0.1562,0.3438,0.0,0.0,1.0,0.0,0.3333
human,2004.05906,math.AG,2020,24,69,2.875,0.5217,0.4783,0.5652,0.3333,0.2754,0.4058,1,0.0,0.625,0.2029,17.5,0.25,0.2917,0.0,0.0,0.2754,0.0,0.7246,0.0,0.0,1.0,0.0833,0.0417
human,2004.06706,math.AP,2020,37,70,1.8919,0.1571,0.1571,0.1571,0.1143,0.6857,0.8,1,0.0,0.5946,0.1,12,0.2703,0.1892,0.0143,0.0,0.6714,0.1714,0.1143,0.0,0.0286,1.0,0.1081,0.027
human,2004.07073,math.CA,2020,16,23,1.4375,0.0,0.0,0.2174,0.087,0.2609,0.2609,1,0.0,0.8125,0.1739,11.0,0.1875,0.3125,0.0,0.0,0.2609,0.4783,0.2609,0.0,0.0,1.0,0.0625,0.0
human,2004.08338,cs.DS,2020,16,18,1.1875,0.0,0.0,0.0,0.1667,0.5556,0.6667,1.0556,0.0,0.8125,0.1053,25.0,0.0625,0.4375,0.0,0.0,0.5556,0.1667,0.2778,0.0,0.0,1.0,0.0,0.0
human,2004.08454,cs.CC,2020,27,32,2.037,0.125,0.125,0.1562,0.0625,0.7812,0.625,1.7188,0.1562,0.7037,0.3091,19,0.1852,0.2963,0.0625,0.0,0.7188,0.125,0.0938,0.0,0.0,1.0,0.2963,0.0
human,2004.08678,math.FA,2020,13,28,2.1538,0.4643,0.3929,0.4643,0.1786,1.0,0.6786,1,0.0,0.8462,0.5357,49,0.1538,0.6923,0.0,0.0,1.0,0.0,0.0,0.0,0.0,1.0,0.0,0.0
human,2004.08734,math.CO,2020,10,17,1.7,0.0,0.0,0.0,0.0,0.5882,0.5882,1,0.0,0.6,0.2353,39,0.0,0.6667,0.0,0.0,0.5882,0.0,0.4118,0.0,0.0,0.9,0.0,0.0
human,2004.09119,math.PR,2020,14,44,3.1429,0.0227,0.0,0.1364,0.1364,0.5909,0.6818,1,0.0,0.6429,0.4545,26.0,0.2143,0.2857,0.0227,0.0,0.5682,0.3182,0.0909,0.0,0.0,1.0,0.1429,0.0
human,2004.09580,math.PR,2020,15,15,1.1333,0.2667,0.2667,0.2667,0.2,0.7333,0.7333,1.1333,0.0,0.8571,0.1765,23,0.1333,0.2,0.0,0.0,0.7333,0.0,0.2667,0.0,0.0,1.0,0.1333,0.0
human,2004.10412,math.CV,2020,26,50,2.0385,0.32,0.14,0.32,0.1,0.52,0.4,1.06,0.02,0.5385,0.1132,37.0,0.0769,0.6154,0.0,0.0,0.52,0.0,0.48,0.0,0.0,1.0,0.0385,0.0
human,2004.10443,math.CO,2020,19,29,1.5789,0.0,0.0,0.0,0.0,0.7586,0.8621,1.0345,0.0,0.5263,0.1,12.5,0.3333,0.2222,0.0,0.0,0.7586,0.0,0.1379,0.1034,0.0,0.9474,0.0526,0.0
human,2004.10833,math.CA,2020,30,56,2.6,0.0357,0.0357,0.0357,0.0536,0.0893,0.6071,1.3929,0.1071,0.3684,0.3718,13,0.0,0.1852,0.0,0.0,0.0893,0.0,0.9107,0.0,0.0,0.9,0.0,0.0
human,2004.11319,math.CA,2020,26,58,2.2308,0.3448,0.3448,0.3448,0.0862,0.7069,0.6034,1,0.0,0.7308,0.3621,29.5,0.1154,0.5,0.0,0.0,0.7069,0.0,0.2759,0.0172,0.0,1.0,0.0,0.0
human,2004.11473,math.PR,2020,15,32,2.1333,0.1875,0.125,0.2188,0.0,0.7188,0.75,1,0.0,0.5333,0.25,13,0.0667,0.2667,0.0,0.0,0.7188,0.1562,0.125,0.0,0.0,1.0,0.1333,0.0
human,2004.12001,math.MG,2020,32,45,1.9688,0.3333,0.3111,0.3333,0.0889,0.3111,0.4444,1.4,0.0667,0.6129,0.1587,6,0.3226,0.1613,0.0,0.0,0.3111,0.0,0.6889,0.0,0.0,0.9688,0.0938,0.0
human,2004.12036,math.NT,2020,13,25,1.9231,0.0,0.0,0.2,0.16,0.56,0.72,1,0.0,0.3846,0.16,27,0.0769,0.4615,0.0,0.0,0.56,0.0,0.44,0.0,0.0,1.0,0.0769,0.0
human,2004.12259,math.DG,2020,15,31,2.0667,0.0,0.0,0.0,0.3548,0.4516,0.6129,1,0.0,0.5333,0.2258,28,0.2,0.4667,0.0,0.0,0.4516,0.0,0.5484,0.0,0.0,1.0,0.0667,0.2667
human,2004.12711,math.AG,2020,19,47,2.5263,0.617,0.5319,0.6383,0.5319,0.234,0.5319,1.0213,0.0,0.2667,0.2292,28,0.0,0.2941,0.0,0.0,0.234,0.1915,0.5745,0.0,0.0,0.8947,0.0526,0.0
human,2004.12774,math.GR,2020,19,43,2.4211,0.4884,0.3953,0.4884,0.2093,0.3953,0.5349,1.0698,0.0,0.5263,0.1957,20,0.1053,0.2105,0.0,0.0,0.3953,0.3256,0.2791,0.0,0.0,1.0,0.0,0.0
human,2004.13104,math.CO,2020,10,29,2.9,0.2414,0.2069,0.2759,0.069,0.1724,0.3103,1,0.0,0.4286,0.6207,15.0,0.0,0.2,0.0,0.0,0.1724,0.0,0.8276,0.0,0.0,1.0,0.0,0.1
human,2004.13228,math.NT,2020,31,96,3.4516,0.5521,0.375,0.5729,0.0104,0.3021,0.3125,1.1146,0.0104,0.5484,0.243,5.0,0.3667,0.0,0.0208,0.0,0.2812,0.0104,0.6875,0.0,0.0,0.9677,0.0323,0.0
human,2004.13389,cs.DS,2020,28,44,1.6786,0.0227,0.0227,0.0227,0.0455,0.4318,0.5682,1.0682,0.0,0.6296,0.1489,5.5,0.2857,0.1786,0.0,0.0,0.4318,0.1364,0.4318,0.0,0.0,1.0,0.0,0.8571
human,2004.13607,math.DG,2020,65,67,1.4462,0.0,0.0,0.0,0.0,0.0,0.4328,1.403,0.0746,0.6613,0.0532,18.5,0.0156,0.3125,0.0,0.0,0.0,0.0,1.0,0.0,0.0,0.9846,0.1077,0.0
human,2004.14148,math.CO,2020,13,25,1.9231,0.0,0.0,0.0,0.08,0.68,0.32,1,0.0,0.6154,0.28,9,0.1538,0.4615,0.12,0.0,0.56,0.0,0.32,0.0,0.0,1.0,0.0,0.0
human,2004.14926,math.DS,2020,29,41,1.7931,0.0,0.0,0.122,0.122,0.8049,0.5854,1.2683,0.0732,0.5517,0.0769,8,0.3103,0.1034,0.0,0.0,0.8049,0.0,0.122,0.0732,0.0,1.0,0.069,0.6552
human,2004.14929,math.CA,2020,18,53,2.9444,0.1887,0.1887,0.2642,0.0377,0.6226,0.7736,1,0.0,0.6875,0.6038,6,0.2941,0.0588,0.0,0.0,0.6226,0.0,0.3774,0.0,0.0,0.9444,0.0,0.0
human,2005.00538,math.RA,2020,20,16,1.35,0.0625,0.0625,0.0625,0.125,0.75,0.625,1.6875,0.125,0.75,0.1111,13.5,0.2,0.15,0.0,0.0,0.75,0.0,0.25,0.0,0.0,1.0,0.1,0.0
human,2005.00579,math.AG,2020,6,10,1.6667,0.7,0.3,0.8,0.0,0.0,0.0,1,0.0,0.6667,0.3,22.5,0.3333,0.5,0.0,0.0,0.0,0.0,1.0,0.0,0.0,1.0,0.0,0.0
human,2005.00729,math.RA,2020,57,17,0.4737,0.0,0.0,0.0,0.0,0.8235,0.8824,1.5882,0.0588,0.875,0.0741,17.5,0.1875,0.2812,0.0,0.0,0.8235,0.0,0.1765,0.0,0.0,0.5614,0.0526,0.0175
human,2005.00880,cs.DS,2020,51,58,1.5882,0.0,0.0,0.0,0.0,0.7759,0.9138,1.3966,0.1034,0.6176,0.2222,12.0,0.125,0.1,0.0,0.0,0.7759,0.1379,0.0517,0.0345,0.0,0.7843,0.0,0.0
human,2005.01774,math.SP,2020,41,51,1.7805,0.2549,0.1765,0.2745,0.1569,0.2353,0.2941,1.4314,0.1373,0.4286,0.0685,17.0,0.1842,0.1579,0.0,0.0,0.2353,0.0392,0.7255,0.0,0.0,0.9268,0.0,0.0
human,2005.02055,math.DG,2020,39,163,4.359,0.8098,0.6135,0.8098,0.1472,0.2147,0.3804,1.0429,0.0,0.4872,0.2,21.0,0.1579,0.3947,0.0,0.0,0.2147,0.0,0.7853,0.0,0.0,0.9744,0.1282,0.5641
human,2005.02106,math.AT,2020,16,28,1.8125,0.2857,0.2857,0.3214,0.1071,0.2857,0.5,1.0357,0.0,0.375,0.1379,6.0,0.25,0.0,0.0,0.2857,0.0,0.0,0.6429,0.0,0.0714,1.0,0.3125,0.0
human,2005.02622,math.RT,2020,18,76,4.2222,0.7105,0.4211,0.7105,0.0,0.1447,0.6316,1,0.0,0.2778,0.1974,20.0,0.0,0.1667,0.0,0.0,0.1447,0.0,0.8553,0.0,0.0,1.0,0.0556,0.0
human,2005.02655,math.RT,2020,17,39,2.2941,0.7692,0.4872,0.7692,0.4103,0.2821,0.359,1,0.0,0.4667,0.2051,24,0.0588,0.4118,0.0,0.0,0.2821,0.0,0.7179,0.0,0.0,1.0,0.1176,0.0
human,2005.02922,math.NT,2020,4,8,2.0,0.0,0.0,0.0,0.0,0.625,0.625,1,0.0,0.5,0.375,24,0.3333,0.0,0.0,0.0,0.625,0.0,0.375,0.0,0.0,0.75,0.0,0.0
human,2005.03152,math.PR,2020,26,92,3.5385,0.0,0.0,0.0435,0.25,0.2391,0.413,1,0.0,0.6154,0.25,12,0.12,0.24,0.0,0.0,0.2391,0.3587,0.4022,0.0,0.0,0.9615,0.1538,0.0
human,2005.03154,math.PR,2020,19,25,1.3684,0.0,0.0,0.16,0.08,0.44,0.44,1.04,0.0,0.7895,0.1154,4,0.4737,0.2105,0.0,0.0,0.44,0.0,0.56,0.0,0.0,1.0,0.0526,0.0
human,2005.03746,math.OA,2020,15,20,1.3333,0.0,0.0,0.05,0.0,0.5,0.6,1,0.0,0.8,0.2,10,0.2,0.1333,0.0,0.0,0.5,0.0,0.5,0.0,0.0,1.0,0.0667,0.0
human,2005.03811,math.NT,2020,17,32,2.1176,0.3438,0.2812,0.3438,0.1562,0.6875,0.7188,1.125,0.0312,0.5882,0.3056,17,0.1176,0.2941,0.0625,0.0,0.625,0.25,0.0625,0.0,0.0,1.0,0.0,0.7059
human,2005.03916,math.RT,2020,35,181,5.3714,0.7072,0.453,0.7072,0.2818,0.0994,0.3481,1.0387,0.011,0.6286,0.3298,7,0.2581,0.2258,0.0,0.0,0.0994,0.3039,0.5967,0.0,0.0,0.8857,0.0,0.0
human,2005.04633,math.AC,2020,10,15,1.5,0.0,0.0,0.0667,0.0,0.0667,0.4667,1,0.0,0.5,0.1333,41.0,0.0,0.75,0.0,0.0,0.0667,0.0,0.8667,0.0667,0.0,0.8,0.0,0.0
human,2005.04652,math.AT,2020,9,11,1.2222,0.0,0.0,0.0,0.2727,0.5455,0.6364,1,0.0,0.8889,0.2727,29.0,0.125,0.5,0.0,0.5455,0.0,0.0,0.4545,0.0,0.0,0.8889,0.1111,0.0
human,2005.04657,math.DS,2020,42,23,1.0238,0.0435,0.0435,0.0435,0.0,0.9565,0.913,1.8696,0.087,0.8,0.093,3.0,0.5333,0.0,0.0,0.0,0.9565,0.0,0.0435,0.0,0.0,0.7143,0.0,0.0238
human,2005.04672,math.CA,2020,26,32,1.4615,0.5312,0.25,0.625,0.0625,0.5,0.5,1.1875,0.0312,0.6154,0.0789,24.5,0.1538,0.4615,0.0,0.0,0.5,0.0,0.5,0.0,0.0,1.0,0.0385,0.0
human,2005.05803,math.DG,2020,30,43,1.4333,0.0,0.0,0.1163,0.186,0.5814,0.6279,1,0.0,0.8,0.186,7.0,0.25,0.0357,0.0,0.0,0.5814,0.0,0.4186,0.0,0.0,0.9333,0.0667,0.0333
human,2005.05828,math.GR,2020,17,20,1.1765,0.0,0.0,0.4,0.0,0.2,0.6,1,0.0,0.7857,0.15,7,0.2941,0.0588,0.0,0.0,0.2,0.6,0.2,0.0,0.0,1.0,0.0,0.0
human,2005.05867,math.DG,2020,9,15,1.6667,0.2,0.1333,0.2,0.0667,0.4667,0.8667,1,0.0,0.7778,0.4,19,0.1111,0.3333,0.0,0.0,0.4667,0.0,0.5333,0.0,0.0,1.0,0.0,0.0
human,2005.06801,quant-ph,2020,50,37,1.2,0.0,0.0,0.0,0.0,0.3784,0.4865,1.6216,0.1622,0.86,0.0833,7.5,0.32,0.04,0.0,0.0,0.3784,0.0,0.5946,0.027,0.0,1.0,0.0,0.74
human,2005.07663,math.DG,2020,25,34,2.04,0.0294,0.0,0.0294,0.0,0.4118,0.4412,1.5,0.0882,0.52,0.098,18,0.04,0.32,0.0,0.0,0.4118,0.0,0.5882,0.0,0.0,1.0,0.04,0.0
human,2005.08614,cs.DS,2020,7,0,0.0,,,,,,,,,,,46,0.0,0.5714,,,,,,,,1.0,0.0,0.0
human,2005.09196,math.DG,2020,22,56,3.0,0.5179,0.4286,0.5179,0.0893,0.3036,0.4107,1.1786,0.0179,0.5,0.2424,7.5,0.4091,0.0455,0.0,0.0,0.3036,0.1071,0.5893,0.0,0.0,1.0,0.0455,0.0909
human,2005.09789,math.AG,2020,15,51,3.4,0.5294,0.2745,0.5294,0.0,0.3333,0.3922,1,0.0,0.6,0.6078,17,0.1333,0.3333,0.0,0.0,0.3333,0.0784,0.5882,0.0,0.0,1.0,0.1333,0.0
human,2005.09798,math.CO,2020,16,15,0.9375,0.7333,0.6,0.7333,0.0,0.2667,0.3333,1,0.0,0.5,0.1333,39,0.1538,0.6154,0.0,0.0,0.2667,0.0667,0.6667,0.0,0.0,0.8125,0.0,0.0
human,2005.09952,math.AP,2020,42,49,1.5238,0.0408,0.0,0.1224,0.0204,0.4082,0.3878,1.3061,0.0816,0.775,0.1094,23.5,0.0952,0.4048,0.0,0.0,0.4082,0.0,0.5918,0.0,0.0,1.0,0.0,0.0238
human,2005.10042,math.CA,2020,10,27,2.7,0.0,0.0,0.1111,0.1111,0.6296,0.8148,1,0.0,0.7,0.2963,5.5,0.5,0.1,0.0741,0.0,0.5556,0.1481,0.2222,0.0,0.0,1.0,0.0,0.0
human,2005.10073,math.AG,2020,12,13,1.3333,0.2308,0.0,0.2308,0.0,0.6923,0.7692,1.2308,0.0,0.8333,0.25,15,0.1818,0.1818,0.0,0.0,0.6923,0.3077,0.0,0.0,0.0,0.9167,0.0,0.0
human,2005.10730,math.PR,2020,32,50,2.0938,0.18,0.16,0.66,0.0,0.12,0.22,1.34,0.08,0.4839,0.1791,14.0,0.1154,0.1923,0.0,0.0,0.12,0.02,0.86,0.0,0.0,0.8125,0.0,0.0
human,2005.11496,math.AP,2020,21,32,2.0952,0.2812,0.2188,0.2812,0.25,0.4688,0.75,1.375,0.0938,0.5714,0.2045,9.0,0.15,0.25,0.0625,0.0,0.4062,0.0,0.5312,0.0,0.0,0.9524,0.0476,0.0
human,2005.11745,math.CA,2020,20,26,1.85,0.0,0.0,0.0385,0.0,0.6538,0.8462,1.4231,0.0769,0.75,0.2162,37.5,0.15,0.5,0.0,0.0,0.6538,0.0,0.2692,0.0769,0.0,1.0,0.1,0.35
human,2005.12118,math.NT,2020,13,22,1.6923,0.0,0.0,0.0,0.0455,0.6364,0.7727,1,0.0,0.8333,0.4091,22.5,0.1667,0.4167,0.0,0.6364,0.0,0.0,0.3636,0.0,0.0,0.9231,0.0,0.0
human,2005.12689,math.PR,2020,43,77,2.7674,0.2727,0.2468,0.3636,0.1948,0.5714,0.6234,1.5455,0.1558,0.5116,0.1092,6,0.439,0.1707,0.026,0.0,0.5455,0.0,0.2597,0.0,0.1688,0.9535,0.1628,0.0
human,2006.00307,math.OA,2020,34,36,1.0588,0.0,0.0,0.0278,0.1667,0.25,0.3889,1,0.0,0.7727,0.1944,23,0.0645,0.4516,0.0,0.0,0.25,0.0,0.75,0.0,0.0,0.9118,0.0,0.0
human,2006.00308,math.SP,2020,20,41,2.05,0.5122,0.3415,0.5854,0.122,0.1951,0.6341,1,0.0,0.55,0.15,21,0.1579,0.3158,0.0,0.0,0.1951,0.1707,0.439,0.1951,0.0,0.95,0.0,0.0
human,2006.00351,math.OA,2020,6,12,2.0,0.75,0.75,0.9167,0.5,0.0833,0.1667,1,0.0,0.1667,0.25,,,,0.0,0.0,0.0833,0.1667,0.75,0.0,0.0,,0.5,0.0
human,2006.01293,cs.LG,2020,40,53,1.625,0.0,0.0,0.0,0.0,0.3585,0.4151,1.2264,0.0566,0.675,0.0923,5.0,0.4,0.075,0.0,0.0,0.3585,0.0,0.6415,0.0,0.0,1.0,0.125,0.1
human,2006.02408,cs.DS,2020,32,52,1.8438,0.0,0.0,0.0,0.1154,0.4615,0.6346,1.1346,0.0192,0.7188,0.1356,8.0,0.2812,0.1562,0.0,0.0,0.4615,0.0769,0.4615,0.0,0.0,1.0,0.0625,0.8438
human,2006.02520,math.DS,2020,12,10,1.0833,0.4,0.3,0.4,0.1,0.8,0.8,1.3,0.1,0.9167,0.1538,10.0,0.0833,0.1667,0.0,0.0,0.8,0.0,0.2,0.0,0.0,1.0,0.0833,0.75
human,2006.02653,math.GR,2020,13,10,1.2308,0.2,0.1,0.6,0.1,0.7,0.8,1.6,0.2,0.8462,0.1875,12,0.3846,0.0769,0.0,0.0,0.7,0.1,0.2,0.0,0.0,1.0,0.0,0.0
human,2006.02680,math.NT,2020,17,49,2.8824,0.2449,0.102,0.3265,0.0,0.1429,0.3878,1,0.0,0.4118,0.1429,15,0.2941,0.1765,0.0204,0.0,0.1224,0.3265,0.5306,0.0,0.0,1.0,0.1765,0.0588
human,2006.03083,math.PR,2020,13,11,1.0769,0.0909,0.0,0.0909,0.3636,0.6364,0.6364,1.2727,0.0909,0.9231,0.1429,25,0.0769,0.4615,0.0,0.0,0.6364,0.0,0.3636,0.0,0.0,1.0,0.0,0.0769
human,2006.03954,math-ph,2020,35,42,1.4571,0.0,0.0,0.0,0.0238,0.0,0.2143,1.2143,0.0238,0.6452,0.0784,4,0.4839,0.3226,0.0,0.0,0.0,0.0,0.9762,0.0238,0.0,0.8857,0.1429,0.3429
human,2006.04081,math.AG,2020,18,53,2.9444,0.3396,0.0943,0.3396,0.0,1.0,0.434,1,0.0,0.3889,0.1509,35.5,0.0556,0.7778,0.0,1.0,0.0,0.0,0.0,0.0,0.0,1.0,0.0556,0.0
human,2006.04177,math.CO,2020,18,18,1.2778,0.0,0.0,0.0,0.0,0.1667,0.3333,1.2778,0.0556,0.7222,0.087,4.5,0.3333,0.3333,0.0,0.0,0.1667,0.0,0.8333,0.0,0.0,1.0,0.0556,0.0556
human,2006.04698,math.MG,2020,42,44,1.4286,0.0682,0.0455,0.0682,0.0455,0.5455,0.8636,1.3636,0.0682,0.6829,0.0833,18,0.122,0.2927,0.0455,0.0,0.5,0.3182,0.0909,0.0,0.0455,0.9762,0.0,0.0
human,2006.05284,math.PR,2020,22,58,3.1364,0.3621,0.2586,0.3621,0.0517,0.2414,0.431,1.1897,0.0517,0.6364,0.4203,8.5,0.3182,0.2727,0.0,0.0,0.2414,0.0,0.7586,0.0,0.0,1.0,0.4091,0.5455
human,2006.07234,math.CO,2020,4,8,2.0,0.0,0.0,0.0,0.0,0.625,0.625,1,0.0,0.25,0.375,14.0,0.0,0.25,0.0,0.0,0.625,0.0,0.375,0.0,0.0,1.0,0.0,0.0
human,2006.07259,math.MG,2020,35,23,0.8571,0.087,0.087,0.087,0.0,0.913,0.6522,1.3043,0.1304,0.6667,0.1,15,0.2121,0.3636,0.0,0.0,0.913,0.0,0.087,0.0,0.0,0.9429,0.0,0.0
human,2006.07612,math.DG,2020,40,46,1.15,0.0,0.0,0.0217,0.0217,0.6304,0.8043,1,0.0,0.6071,0.1087,8,0.1538,0.1538,0.0,0.0,0.6304,0.1522,0.2174,0.0,0.0,0.975,0.025,0.0
human,2006.07624,math.PR,2020,15,18,1.2,0.0,0.0,0.2222,0.0,0.5556,0.5556,1,0.0,0.8667,0.1667,20,0.0667,0.4,0.0,0.0,0.5556,0.0,0.4444,0.0,0.0,1.0,0.0,0.0
human,2006.08163,math.AP,2020,33,27,1.4242,0.0,0.0,0.0741,0.037,0.3704,0.6296,1.7407,0.1111,0.7273,0.1064,8,0.4074,0.2222,0.0,0.0,0.3704,0.0,0.4074,0.0,0.2222,0.8182,0.1515,0.0
human,2006.08234,math.AG,2020,20,34,1.7,0.7647,0.5294,0.7647,0.0,0.3235,0.4412,1,0.0,0.75,0.1471,29.0,0.05,0.5,0.0,0.0,0.3235,0.1176,0.5588,0.0,0.0,1.0,0.05,0.0
human,2006.08704,math.GR,2020,12,23,2.0833,0.5652,0.4783,0.5652,0.2609,0.1739,0.2174,1.087,0.0,0.6667,0.36,16,0.0,0.3333,0.0,0.0,0.1739,0.3043,0.5217,0.0,0.0,0.75,0.0,0.3333
human,2006.09321,math.CO,2020,10,18,2.2,0.3333,0.2778,0.3333,0.0,0.2222,0.4444,1.2222,0.1111,0.4,0.3636,13.0,0.3,0.3,0.0,0.0,0.2222,0.1111,0.6667,0.0,0.0,1.0,0.1,0.0
human,2006.10009,math.PR,2020,23,47,2.8261,0.5106,0.4681,0.5319,0.3404,0.5745,0.2979,1.383,0.0638,0.4348,0.1385,5.5,0.3636,0.0909,0.0,0.0,0.5745,0.0,0.4255,0.0,0.0,0.9565,0.1304,0.0435
human,2006.10804,cs.DS,2020,8,7,0.875,0.0,0.0,0.0,0.0,0.4286,0.4286,1,0.0,1.0,0.1429,21,0.0,0.4286,0.0,0.0,0.4286,0.0,0.2857,0.2857,0.0,0.875,0.125,0.0
human,2006.10816,math.DG,2020,28,31,1.8214,0.0968,0.0645,0.129,0.1613,0.2581,0.3871,1.6452,0.1935,0.7037,0.1765,8,0.2963,0.2222,0.0,0.0,0.2581,0.0,0.7419,0.0,0.0,0.9643,0.0,0.3214
human,2006.10900,math.CO,2020,18,19,1.3333,0.1053,0.0526,0.2632,0.0,0.4211,0.4211,1.2632,0.0526,0.7778,0.1667,3.0,0.5556,0.1667,0.0,0.0,0.4211,0.4737,0.0,0.1053,0.0,1.0,0.3889,0.0
human,2006.11152,cs.LO,2020,43,42,1.5116,0.0,0.0,0.0,0.0,0.3571,0.6429,1.5476,0.1429,0.7209,0.0769,14,0.0698,0.1628,0.0,0.0,0.3571,0.0,0.5476,0.0952,0.0,1.0,0.0,0.0
human,2006.11251,math.AT,2020,41,95,2.3171,0.3053,0.2632,0.3158,0.0737,0.1158,0.2211,1,0.0,0.7805,0.1579,23.0,0.025,0.35,0.0,0.0,0.1158,0.0,0.7684,0.1158,0.0,0.9756,0.0488,0.0
human,2006.11475,math.CA,2020,9,6,1.0,0.0,0.0,0.0,0.0,0.8333,0.8333,1.5,0.1667,1.0,0.1111,12,0.0,0.3333,0.0,0.0,0.8333,0.0,0.1667,0.0,0.0,1.0,0.1111,0.0
human,2006.11898,math.GR,2020,39,41,1.2564,0.2683,0.1707,0.2683,0.1707,0.6098,0.6585,1.1951,0.0488,0.7436,0.0408,10,0.2564,0.2821,0.0,0.0,0.6098,0.0488,0.3415,0.0,0.0,1.0,0.1026,0.6923
human,2006.14424,math.MG,2020,8,24,3.0,0.25,0.1667,0.25,0.0833,0.25,0.2917,1,0.0,0.4,0.4583,58,0.1429,0.8571,0.0,0.0,0.25,0.0,0.75,0.0,0.0,0.875,0.125,0.0
human,2006.14661,math.AP,2020,26,125,4.9615,0.0,0.0,0.32,0.0,0.216,0.568,1.032,0.0,0.3846,0.2403,32.5,0.125,0.5833,0.0,0.0,0.216,0.2,0.584,0.0,0.0,0.9231,0.1538,0.0
human,2006.14908,math.CO,2020,26,12,0.6923,0.0,0.0,0.0,0.0,0.75,0.75,1.5,0.0833,0.9412,0.1111,21.5,0.1667,0.2917,0.0,0.0,0.75,0.0,0.25,0.0,0.0,0.9231,0.0,0.0
human,2006.14915,math.PR,2020,53,95,1.9623,0.1895,0.1789,0.2211,0.2526,0.4211,0.6,1.0947,0.0105,0.6744,0.1635,18,0.0698,0.2791,0.0,0.0,0.4211,0.0,0.5789,0.0,0.0,0.8113,0.0,0.0189
human,2006.15091,math.SP,2020,50,43,1.38,0.4651,0.3721,0.4651,0.1163,0.3488,0.5349,1.6047,0.1163,0.7755,0.087,16,0.1489,0.234,0.0,0.0,0.3488,0.0,0.6512,0.0,0.0,0.94,0.08,0.0
human,2006.15614,math.CO,2020,10,22,2.4,0.0,0.0,0.0,0.0,0.5455,0.9091,1.0909,0.0455,0.7,0.5,22,0.4444,0.2222,0.0,0.0,0.5455,0.0,0.4545,0.0,0.0,0.9,0.1,0.0
human,2006.15897,math-ph,2020,16,23,1.4375,0.1304,0.1304,0.3043,0.1304,1.0,0.6522,1,0.0,0.75,0.1304,11,0.3333,0.4,0.0,1.0,0.0,0.0,0.0,0.0,0.0,0.9375,0.0,0.0
human,2006.15923,math.GR,2020,29,44,1.5862,0.25,0.25,0.25,0.0,0.1136,0.25,1.0455,0.0,0.6429,0.1304,13,0.3448,0.1379,0.0,0.0,0.1136,0.0909,0.7955,0.0,0.0,1.0,0.1379,0.5862
human,2006.16369,math.AG,2020,9,40,5.1111,0.6,0.425,0.6,0.025,0.325,0.35,1.15,0.025,0.5556,0.7073,6,0.2222,0.4444,0.0,0.025,0.3,0.0,0.675,0.0,0.0,1.0,0.1111,0.0
human,2006.16396,math.CO,2020,20,31,1.55,0.0,0.0,0.0,0.0,0.2903,0.5484,1,0.0,0.6429,0.3226,37,0.0,0.6316,0.0,0.0,0.2903,0.2258,0.4839,0.0,0.0,0.95,0.0,0.0
human,2007.01869,math-ph,2020,20,51,3.15,0.0,0.0,0.0,0.0,0.4118,0.4706,1.2353,0.0392,0.65,0.3175,11.5,0.2,0.15,0.0,0.0,0.4118,0.0,0.3922,0.1373,0.0588,1.0,0.4,0.6
human,2007.02324,math.OA,2020,35,109,3.1143,0.8532,0.7615,0.8532,0.4037,0.0642,0.2477,1,0.0,0.4857,0.1101,25.0,0.0882,0.2353,0.0,0.0,0.0642,0.2936,0.6422,0.0,0.0,0.9714,0.0,0.0571
human,2007.02390,math.AT,2020,48,49,1.2708,0.0,0.0,0.0,0.0,0.3061,0.449,1.2449,0.0612,0.8333,0.082,5.0,0.4167,0.1667,0.0,0.0,0.3061,0.5102,0.0816,0.102,0.0,1.0,0.1458,0.0
human,2007.02431,cs.CC,2020,8,15,1.875,0.6667,0.4667,0.6667,0.0667,0.2667,0.2667,1,0.0,0.625,0.4,2.5,0.625,0.0,0.0,0.0,0.2667,0.0,0.7333,0.0,0.0,1.0,0.0,0.0
human,2007.02524,math.AG,2020,15,18,1.6667,0.2778,0.1667,0.2778,0.0,0.3333,0.6111,1.3889,0.1111,0.6667,0.28,9,0.2,0.2667,0.0,0.0,0.3333,0.0,0.6667,0.0,0.0,1.0,0.3333,0.0
human,2007.02559,cs.LO,2020,42,44,1.5714,0.0,0.0,0.0,0.0,0.2955,0.3864,1.5,0.1591,0.7619,0.1061,2,0.5897,0.1538,0.0227,0.0,0.2727,0.1818,0.4545,0.0682,0.0,0.9286,0.0952,0.3571
human,2007.02988,math.GR,2020,56,103,2.5893,0.3204,0.2136,0.3204,0.0777,0.5437,0.6796,1.4078,0.1262,0.4464,0.1103,13.0,0.2143,0.1786,0.0,0.0,0.5437,0.0,0.4563,0.0,0.0,1.0,0.0893,0.8571
human,2007.03011,math.MG,2020,19,28,1.7368,0.1786,0.1071,0.1786,0.0,0.1429,0.3929,1.1786,0.0,0.4667,0.1818,17,0.2105,0.2632,0.0,0.0,0.1429,0.0,0.7143,0.0,0.1429,1.0,0.0,0.0
human,2007.03206,math.AT,2020,29,29,1.3793,0.0,0.0,0.1379,0.0,0.3103,0.4483,1.3793,0.1034,0.8966,0.25,10,0.3103,0.1724,0.0,0.0,0.3103,0.0,0.6207,0.0,0.069,1.0,0.3103,0.069
human,2007.03267,math.CA,2020,63,127,2.0159,0.0,0.0,0.3071,0.1102,0.0157,0.1811,1,0.0,0.5778,0.126,15,0.0566,0.2642,0.0,0.0157,0.0,0.0157,0.9685,0.0,0.0,0.8413,0.2063,0.0
human,2007.03510,math.MG,2020,16,38,2.5,0.3158,0.1842,0.4737,0.2632,0.5263,0.5,1.0526,0.0263,0.6875,0.25,27,0.1333,0.4,0.0526,0.0,0.4737,0.0,0.4737,0.0,0.0,0.9375,0.0,0.0
human,2007.04227,math-ph,2020,33,67,2.5455,0.194,0.0299,0.194,0.0149,0.3134,0.403,1.2537,0.0597,0.6667,0.2143,15,0.1818,0.3939,0.0,0.0,0.3134,0.0,0.6418,0.0,0.0448,1.0,0.1212,0.0909
human,2007.04288,math.NT,2020,14,28,2.0,0.2143,0.1429,0.2143,0.0357,0.5,0.5714,1,0.0,0.5714,0.1786,17.0,0.0714,0.2143,0.0,0.0,0.5,0.1786,0.3214,0.0,0.0,1.0,0.1429,0.0
human,2007.05438,math.PR,2020,24,61,2.7083,0.2951,0.2951,0.2951,0.3934,0.5574,0.5574,1.0656,0.0164,0.5833,0.3385,17.0,0.125,0.2917,0.0,0.0,0.5574,0.0,0.4426,0.0,0.0,1.0,0.25,0.0
human,2007.05601,math.RT,2020,74,274,3.7162,0.2847,0.2117,0.4818,0.0,0.2263,0.2847,1.0036,0.0,0.4324,0.0909,20,0.0704,0.4085,0.0,0.0,0.2263,0.1204,0.6095,0.0,0.0438,0.9595,0.1216,0.0
human,2007.05699,math.AG,2020,11,17,1.5455,0.3529,0.2353,0.4706,0.0588,0.3529,0.5294,1,0.0,0.7273,0.2941,18,0.0909,0.4545,0.0,0.0,0.3529,0.0,0.6471,0.0,0.0,1.0,0.0909,0.0
human,2007.05841,math.CO,2020,13,29,2.3077,0.2759,0.1724,0.2759,0.0,0.5172,0.7586,1.0345,0.0,0.75,0.4667,20,0.1538,0.3077,0.0,0.0,0.5172,0.2414,0.2414,0.0,0.0,1.0,0.0,0.0
human,2007.05855,math.PR,2020,41,19,1.0976,0.2632,0.1579,0.2632,0.2632,0.6316,0.6316,2.3684,0.3684,0.9756,0.1111,12,0.3415,0.2195,0.0,0.0,0.6316,0.0,0.3684,0.0,0.0,1.0,0.0488,0.0
human,2007.06003,math.CO,2020,21,23,1.4762,0.0,0.0,0.0,0.0,1.0,0.9565,1.3478,0.0435,0.7222,0.1613,16.0,0.15,0.25,0.0,1.0,0.0,0.0,0.0,0.0,0.0,0.9524,0.0952,0.0
human,2007.06036,math.AG,2020,35,101,2.9143,0.4257,0.2871,0.505,0.1683,0.1881,0.3465,1.0099,0.0,0.4286,0.2549,26,0.1143,0.4857,0.0,0.0,0.1881,0.2871,0.5248,0.0,0.0,1.0,0.0,0.2571
human,2007.06264,math-ph,2020,73,134,1.8356,0.2239,0.1642,0.2761,0.097,0.3582,0.2836,1,0.0,0.4906,0.1045,20,0.1408,0.2394,0.0,0.0,0.3582,0.0,0.5597,0.0821,0.0,0.9726,0.1096,0.0137
human,2007.06295,math.PR,2020,21,46,2.1905,0.1304,0.1304,0.1304,0.1304,0.5,0.8261,1,0.0,0.55,0.2174,18,0.1905,0.2381,0.0652,0.0,0.4348,0.0,0.5,0.0,0.0,1.0,0.0476,0.0
human,2007.06454,math.NT,2020,24,46,1.9583,0.5,0.4348,0.5,0.1957,0.4565,0.5217,1.0217,0.0,0.7619,0.3404,36.0,0.0417,0.5833,0.0,0.0,0.4565,0.087,0.4565,0.0,0.0,1.0,0.0,0.0
human,2007.07508,math.GR,2020,4,18,4.5,0.7778,0.4444,0.7778,0.0,0.1667,0.2778,1,0.0,0.0,0.3889,3.5,0.5,0.0,0.0,0.0,0.1667,0.5556,0.2778,0.0,0.0,1.0,0.0,0.0
human,2007.07660,cs.DS,2020,22,29,1.5455,0.0,0.0,0.0,0.1034,0.3793,0.4138,1.1724,0.0,0.7727,0.2353,11.0,0.0909,0.0909,0.0,0.0345,0.3448,0.0,0.5172,0.1034,0.0,1.0,0.0,0.0
human,2007.07934,math.AT,2020,27,30,1.5185,0.0,0.0,0.2,0.1,0.3333,0.6,1.3667,0.0667,0.8148,0.2195,16.0,0.1154,0.3846,0.0,0.0,0.3333,0.4,0.2667,0.0,0.0,0.963,0.0741,0.0
human,2007.08022,math.PR,2020,13,19,1.4615,0.0,0.0,0.0,0.0,0.4737,0.4737,1,0.0,0.7273,0.3684,14,0.1538,0.2308,0.0,0.0,0.4737,0.0,0.5263,0.0,0.0,1.0,0.3077,0.0
human,2007.08069,cs.CC,2020,51,59,1.6078,0.0508,0.0339,0.0508,0.0678,0.5254,0.5932,1.3898,0.0678,0.62,0.061,12,0.2353,0.0588,0.0,0.0,0.5254,0.0,0.4068,0.0678,0.0,1.0,0.0,0.0
human,2007.08203,math.AG,2020,13,31,2.3846,0.2903,0.2903,0.2903,0.0323,0.3871,0.6774,1,0.0,0.2308,0.1613,19.5,0.1667,0.25,0.0,0.0,0.3871,0.0,0.6129,0.0,0.0,0.9231,0.0,0.0
human,2007.08754,gr-qc,2020,53,43,1.4151,0.0,0.0,0.0,0.0,0.3721,0.4186,1.7442,0.186,0.7925,0.1067,15,0.0,0.0392,0.0,0.0,0.3721,0.0,0.6047,0.0,0.0233,0.9623,0.0566,0.0
human,2007.09132,math.AP,2020,45,34,1.4444,0.0,0.0,0.0,0.0588,0.5882,0.7941,1.9118,0.2353,0.7778,0.1231,3.0,0.5227,0.0455,0.0,0.0,0.5882,0.2059,0.2059,0.0,0.0,0.9778,0.0222,0.0889
human,2007.09504,math-ph,2020,2,61,36.0,0.377,0.2623,0.4426,0.1639,0.1639,0.2787,1.1803,0.0164,1.0,0.5,26.5,0.0,0.5,0.0,0.0,0.1639,0.0,0.8361,0.0,0.0,1.0,0.0,0.5
human,2007.09667,math.CV,2020,41,32,1.1707,0.3438,0.3125,0.3438,0.0625,0.2812,0.3438,1.5,0.125,0.8205,0.0625,25.0,0.225,0.425,0.0,0.0,0.2812,0.0,0.7188,0.0,0.0,0.9756,0.0,0.0
human,2007.11188,math.RT,2020,16,49,3.3125,0.7347,0.5918,0.7347,0.2245,0.3469,0.5102,1.0816,0.0204,0.25,0.566,21,0.0,0.2222,0.0,0.0,0.3469,0.6122,0.0408,0.0,0.0,0.5625,0.125,0.0
human,2007.12376,math.AG,2020,5,9,1.8,0.6667,0.4444,0.6667,0.1111,0.4444,0.4444,1,0.0,0.6,0.4444,8,0.2,0.2,0.0,0.0,0.4444,0.0,0.5556,0.0,0.0,1.0,0.0,0.0
human,2007.12505,physics.chem-ph,2020,47,36,1.4681,0.0,0.0,0.0,0.0,0.3333,0.3611,1.9167,0.25,0.7447,0.1159,7.0,0.1739,0.0,0.0,0.3333,0.0,0.0,0.4444,0.2222,0.0,0.9787,0.0,0.9787
human,2007.12819,math.CO,2020,20,29,1.5,0.1724,0.0345,0.2759,0.1379,0.7586,0.4138,1.0345,0.0,0.8,0.2667,12.5,0.1,0.15,0.0,0.0,0.7586,0.0,0.2414,0.0,0.0,1.0,0.15,0.0
human,2007.13108,math.PR,2020,17,21,1.5294,0.2381,0.2381,0.2381,0.0476,0.7619,0.381,1.2381,0.0476,0.6471,0.1154,12,0.1765,0.2353,0.0,0.0,0.7619,0.1429,0.0952,0.0,0.0,1.0,0.1765,0.0
human,2007.13179,cs.CC,2020,35,48,1.4857,0.1042,0.1042,0.125,0.2292,0.5208,0.5,1.0833,0.0208,0.7429,0.1346,22,0.0,0.2571,0.0,0.0,0.5208,0.0208,0.4583,0.0,0.0,1.0,0.0,0.0
human,2007.13330,math.NT,2020,14,14,1.0714,0.2857,0.2143,0.2857,0.2857,0.6429,0.6429,1.0714,0.0,0.9286,0.1333,28.0,0.1429,0.4286,0.0,0.0,0.6429,0.3571,0.0,0.0,0.0,1.0,0.0,0.0
human,2007.13472,math.CO,2020,3,3,1.0,0.3333,0.0,0.3333,0.0,0.3333,0.3333,1,0.0,1.0,0.3333,0,0.6667,0.0,0.0,0.0,0.3333,0.0,0.6667,0.0,0.0,1.0,0.0,0.3333
human,2007.13822,math.DG,2020,40,105,2.825,0.6476,0.2667,0.6571,0.219,0.2286,0.5238,1.0762,0.0095,0.55,0.3553,31.0,0.0,0.55,0.0,0.0,0.2286,0.3143,0.4571,0.0,0.0,0.5,0.0,0.0
human,2007.13832,math.DG,2020,26,48,2.2308,0.4167,0.375,0.4167,0.0417,0.3125,0.4792,1.2083,0.0417,0.5385,0.1379,14,0.08,0.16,0.0,0.0,0.3125,0.0,0.6875,0.0,0.0,0.9615,0.0385,0.0
human,2007.13954,math.AG,2020,53,126,2.3774,0.7698,0.6587,0.7698,0.2698,0.246,0.3571,1,0.0,0.3542,0.1349,14.0,0.3542,0.2083,0.0,0.0,0.246,0.3254,0.4286,0.0,0.0,0.9057,0.1887,0.0
human,2007.14025,math.PR,2020,11,45,4.7273,0.0,0.0,0.0,0.0,0.5333,0.7333,1.1556,0.0444,0.2727,0.2885,12,0.2222,0.1111,0.0222,0.0,0.5111,0.0,0.4667,0.0,0.0,0.8182,0.0909,0.0
human,2007.14213,math.AG,2020,18,19,1.1667,0.1579,0.1579,0.1579,0.0526,0.5263,0.5263,1.1053,0.0,0.8889,0.1429,14.5,0.2222,0.0556,0.0,0.0,0.5263,0.0,0.4737,0.0,0.0,1.0,0.0556,0.0556
human,2007.14787,math.AG,2020,28,31,1.5357,0.8387,0.5806,0.8387,0.3226,0.1613,0.2903,1.3871,0.0645,0.7857,0.186,11.5,0.25,0.1786,0.0,0.0,0.1613,0.0,0.8387,0.0,0.0,1.0,0.0357,0.75
human,2007.14963,math.SP,2020,28,57,2.4286,0.5789,0.3158,0.5965,0.2807,0.1579,0.2281,1.193,0.0526,0.3929,0.0882,13,0.1111,0.2593,0.0,0.0,0.1579,0.0,0.7719,0.0,0.0702,0.9643,0.0,0.0
human,2007.15119,gr-qc,2020,99,52,0.9697,0.0,0.0,0.0,0.0,0.6538,0.7885,1.8462,0.1538,0.8514,0.1042,10.0,0.1486,0.1622,0.0,0.0,0.6538,0.0,0.2885,0.0577,0.0,0.7475,0.0202,0.0
human,2007.15154,cs.DS,2020,30,41,1.6333,0.0,0.0,0.0488,0.0488,0.6098,0.7561,1.1951,0.0732,0.6316,0.2041,5.0,0.35,0.0,0.0,0.0,0.6098,0.0976,0.2683,0.0244,0.0,0.6667,0.0,0.0
human,2007.15251,cs.DS,2020,48,115,3.0833,0.0174,0.0087,0.0174,0.0261,0.7478,0.3304,1.287,0.0696,0.5,0.1216,3.5,0.5,0.0625,0.0,0.0,0.7478,0.0609,0.1217,0.0696,0.0,1.0,0.0,0.0
human,2007.15833,math.PR,2020,22,18,1.2727,0.0556,0.0,0.0556,0.0,0.7778,0.6111,1.5556,0.1667,0.8571,0.1786,7.5,0.3636,0.2273,0.0,0.0,0.7778,0.0,0.1667,0.0556,0.0,1.0,0.0,0.0
human,2007.16082,math.AG,2020,17,36,2.1176,0.0,0.0,0.1111,0.0,0.3889,0.6944,1,0.0,0.3529,0.1389,17,0.0588,0.1765,0.0,0.0,0.3889,0.0,0.6111,0.0,0.0,1.0,0.0,0.0
human,2008.00066,math.AT,2020,29,63,2.1724,0.3333,0.1587,0.3333,0.0,0.619,0.619,1,0.0,0.5172,0.1429,16.5,0.1154,0.1538,0.0635,0.0,0.5556,0.0,0.1905,0.0,0.1905,0.8966,0.1034,0.0
human,2008.00433,math.NT,2020,25,22,1.08,0.4545,0.2727,0.4545,0.0,0.2727,0.2273,1.2273,0.0455,0.5625,0.1481,4,0.4615,0.0,0.0,0.0,0.2727,0.5909,0.0,0.0,0.1364,0.52,0.04,0.0
human,2008.00540,cs.GT,2020,36,40,1.6389,0.125,0.025,0.125,0.0,0.675,0.2,1.475,0.075,0.7778,0.1525,7,0.3143,0.0857,0.025,0.0,0.65,0.175,0.15,0.0,0.0,0.9722,0.0278,0.0
human,2008.00753,math.AG,2020,22,31,1.4545,0.0,0.0,0.0,0.0645,0.6452,0.9032,1.0323,0.0,0.8182,0.1875,9,0.2381,0.1429,0.0,0.0,0.6452,0.2258,0.129,0.0,0.0,0.9545,0.0,0.5909
human,2008.01606,math.PR,2020,18,95,5.4444,0.0,0.0,0.2211,0.0,0.0947,0.1053,1.0316,0.0105,0.3333,0.1939,21.0,0.0556,0.4444,0.0,0.0,0.0947,0.0,0.9053,0.0,0.0,1.0,0.0,0.0
human,2008.01987,math-ph,2020,37,33,1.973,0.0,0.0,0.0303,0.0,0.2727,0.3333,2.2121,0.2121,0.7027,0.1507,4.5,0.5,0.25,0.0303,0.0,0.2424,0.0,0.7273,0.0,0.0,0.2162,0.0,0.9189
human,2008.03583,math.OA,2020,8,17,2.125,0.3529,0.3529,0.3529,0.2353,0.4706,0.4706,1,0.0,0.5,0.2941,23.0,0.125,0.375,0.0588,0.0,0.4118,0.0,0.5294,0.0,0.0,1.0,0.0,0.0
human,2008.03812,math.GR,2020,44,244,5.6364,0.6639,0.4672,0.6639,0.4016,0.1598,0.3607,1.0164,0.0041,0.2045,0.1958,18.0,0.1818,0.1818,0.0,0.0,0.1598,0.1721,0.668,0.0,0.0,1.0,0.0227,0.8636
human,2008.03934,math.CA,2020,26,41,1.6154,0.0488,0.0488,0.0488,0.0,0.6585,0.6585,1.0244,0.0,0.6154,0.0952,44.5,0.0769,0.6154,0.0,0.0,0.6585,0.0488,0.2927,0.0,0.0,1.0,0.0,0.0
human,2008.04655,math.CO,2020,29,43,1.6897,0.5116,0.0698,0.5116,0.093,0.4419,0.4419,1.1395,0.0233,0.5862,0.102,16,0.1379,0.2759,0.0,0.0,0.4419,0.0698,0.4884,0.0,0.0,1.0,0.0,0.0
human,2008.04825,math-ph,2020,5,6,1.6,0.0,0.0,0.0,0.0,0.3333,0.3333,1.3333,0.0,0.4,0.25,2,0.6,0.2,0.0,0.0,0.3333,0.0,0.0,0.6667,0.0,1.0,0.0,0.0
human,2008.05445,quant-ph,2020,63,37,1.2857,0.0,0.0,0.0,0.0,0.6486,0.9189,2.1892,0.2703,0.8226,0.0617,20.0,0.0645,0.2742,0.0,0.0,0.6486,0.0,0.3514,0.0,0.0,0.9841,0.0159,0.0
human,2008.05881,math.AT,2020,46,150,3.3696,0.7267,0.5867,0.7533,0.2267,0.1067,0.24,1.0333,0.0133,0.4348,0.1399,6.5,0.3571,0.119,0.0,0.0,0.1067,0.0,0.8467,0.0,0.0467,0.913,0.0652,0.0
human,2008.07285,math.MG,2020,4,6,1.5,0.0,0.0,0.0,0.1667,0.8333,0.8333,1,0.0,0.5,0.3333,35.0,0.0,0.5,0.0,0.0,0.8333,0.0,0.1667,0.0,0.0,1.0,0.0,0.0
human,2008.07508,math.AP,2020,52,70,1.5192,0.3714,0.3286,0.3714,0.1286,0.6429,0.6286,1.1286,0.0143,0.6383,0.0633,15.5,0.25,0.2308,0.0,0.0,0.6429,0.0,0.2714,0.0,0.0857,1.0,0.0,0.0
human,2008.08380,math.PR,2020,21,19,1.2381,0.0,0.0,0.0526,0.0,0.6316,0.5263,1.3684,0.1053,0.8095,0.1154,7,0.2105,0.0526,0.0,0.0,0.6316,0.0,0.3158,0.0526,0.0,0.9048,0.0,0.0
human,2008.08504,math.GR,2020,34,52,1.5882,0.1731,0.1154,0.1923,0.1346,0.5769,0.6538,1.0385,0.0192,0.7353,0.2037,29,0.0606,0.4848,0.0192,0.0,0.5577,0.0,0.4231,0.0,0.0,0.9706,0.1471,0.0
human,2008.10125,math.SG,2020,36,72,2.2222,0.3056,0.2361,0.3333,0.1111,0.5,0.4861,1.1111,0.0417,0.6857,0.1875,13,0.0435,0.1739,0.0278,0.0,0.4722,0.0,0.5,0.0,0.0,0.6389,0.25,0.0833
human,2008.10335,math.NT,2020,10,15,1.8,0.6667,0.6,0.6667,0.3333,0.2667,0.4,1.2,0.0667,0.4,0.1667,14,0.3333,0.0,0.0,0.0,0.2667,0.0,0.7333,0.0,0.0,0.9,0.1,0.6
human,2008.10489,math.AG,2020,16,45,3.3125,0.1556,0.0444,0.1556,0.0,0.2,0.4222,1.1778,0.0667,0.375,0.2264,32.5,0.0625,0.5,0.0444,0.0,0.1556,0.0,0.8,0.0,0.0,1.0,0.3125,0.0
human,2008.10649,math.RT,2020,26,65,2.5769,0.2923,0.2308,0.3077,0.1692,0.2923,0.5231,1.0308,0.0154,0.36,0.1045,14.0,0.1154,0.1923,0.0,0.0,0.2923,0.4769,0.2308,0.0,0.0,1.0,0.0,0.0
human,2008.11119,math.NT,2020,21,35,1.8571,0.6571,0.5429,0.6571,0.0857,0.2857,0.4857,1.1143,0.0286,0.3333,0.2564,10,0.0,0.1818,0.0,0.0,0.2857,0.1714,0.2286,0.0,0.3143,0.5238,0.0,0.0
human,2008.11311,math.MG,2020,30,40,1.6,0.225,0.1,0.225,0.075,0.175,0.2,1.2,0.025,0.5357,0.0833,16,0.1429,0.1905,0.0,0.0,0.175,0.0,0.825,0.0,0.0,0.7,0.0333,0.0
human,2008.11912,math.CT,2020,8,28,3.5,0.7143,0.4643,0.7143,0.1429,0.3929,0.4643,1,0.0,0.375,0.3929,15.0,0.125,0.25,0.0,0.0,0.3929,0.0,0.6071,0.0,0.0,1.0,0.375,0.0
human,2008.12344,math-ph,2020,19,12,1.2105,0.0,0.0,0.0,0.0,0.5,0.5833,1.9167,0.1667,0.8125,0.1739,20.5,0.1875,0.0,0.0,0.0,0.5,0.0,0.5,0.0,0.0,0.8421,0.0,0.0
human,2008.12407,math.PR,2020,13,21,1.6154,0.4762,0.2857,0.4762,0.0,0.8095,0.2857,1,0.0,0.7692,0.2857,10,0.0769,0.3077,0.0,0.0,0.8095,0.0,0.1905,0.0,0.0,1.0,0.0,0.0
human,2008.13055,math.AG,2020,28,54,2.2143,0.2222,0.0741,0.2222,0.0,0.2037,0.5,1.1481,0.0,0.5,0.1452,11.0,0.1154,0.1538,0.0,0.2037,0.0,0.0,0.7963,0.0,0.0,0.9286,0.0357,0.0
human,2008.13140,math.PR,2020,24,22,1.4167,0.1364,0.0455,0.1364,0.0,0.7273,0.8182,1.5455,0.1364,0.6957,0.1176,19.0,0.2083,0.1667,0.0,0.0,0.7273,0.0,0.1364,0.1364,0.0,1.0,0.0417,0.0417
human,2008.13168,math.SG,2020,35,106,3.6571,0.2075,0.1038,0.217,0.0094,0.217,0.3019,1.2075,0.0377,0.3714,0.1328,11.0,0.1471,0.1765,0.0,0.0,0.217,0.0,0.5472,0.0,0.2358,0.9714,0.0571,0.0
human,2008.13427,math.AG,2020,9,12,1.3333,0.0,0.0,0.0,0.0,0.6667,0.75,1,0.0,0.5,0.1667,21,0.2222,0.4444,0.0,0.0,0.6667,0.0,0.25,0.0,0.0833,1.0,0.1111,0.0
human,2008.13452,math.AG,2020,28,53,2.0357,0.5472,0.4151,0.5472,0.2642,0.3208,0.5849,1.0755,0.0377,0.7143,0.2105,9.0,0.2143,0.1429,0.0,0.0,0.3208,0.0,0.6792,0.0,0.0,1.0,0.1071,0.0
human,2008.13495,math.DG,2020,50,7,0.18,0.0,0.0,0.0,0.0,0.5714,0.7143,1.2857,0.1429,0.6667,0.3333,37.0,0.0,0.5714,0.0,0.0,0.5714,0.0,0.4286,0.0,0.0,0.28,0.02,0.0
human,2009.00446,math.CA,2020,30,45,1.5,0.5333,0.4444,0.5333,0.0,0.2444,0.2889,1,0.0,0.4762,0.1556,10,0.2414,0.3103,0.0,0.0,0.2444,0.0,0.7556,0.0,0.0,0.9667,0.2333,0.1
human,2009.00769,math.NT,2020,31,66,2.1613,0.3333,0.2727,0.4242,0.2879,0.3333,0.7424,1.0152,0.0,0.6452,0.1791,44,0.0645,0.5806,0.0,0.0,0.3333,0.2273,0.4394,0.0,0.0,1.0,0.0,0.0
human,2009.01024,math.CO,2020,14,22,1.6429,0.0,0.0,0.0,0.0,0.0909,0.3636,1.0455,0.0,0.7273,0.3478,8.0,0.0833,0.0833,0.0,0.0,0.0909,0.1364,0.6818,0.0909,0.0,0.8571,0.0,0.0
human,2009.01746,math.PR,2020,13,42,3.2308,0.2619,0.1905,0.4762,0.2143,0.4524,0.4048,1,0.0,0.6154,0.4524,15,0.2308,0.1538,0.0238,0.0,0.4286,0.0,0.5476,0.0,0.0,1.0,0.0,0.0
human,2009.02270,math.FA,2020,45,52,1.2,0.5577,0.3846,0.5577,0.0,0.2692,0.4423,1.0385,0.0192,0.6,0.2963,19,0.12,0.12,0.0,0.0,0.2692,0.0,0.7308,0.0,0.0,0.5556,0.0222,0.0
human,2009.02712,math.AP,2020,28,38,1.3571,0.0,0.0,0.0,0.0526,0.7895,0.6316,1,0.0,0.5217,0.1316,6.5,0.2857,0.0714,0.0,0.0,0.7895,0.0,0.2105,0.0,0.0,1.0,0.0714,0.0357
human,2009.02768,math.SG,2020,41,79,1.9268,0.0,0.0,0.0,0.0759,0.3797,0.4557,1,0.0,0.561,0.1392,20,0.0488,0.1463,0.0,0.0,0.3797,0.2152,0.4051,0.0,0.0,1.0,0.0244,0.0244
human,2009.03277,math.NT,2020,17,24,1.4118,0.375,0.0833,0.375,0.0,0.4167,0.4167,1,0.0,0.8824,0.25,23.0,0.0625,0.375,0.0,0.0,0.4167,0.0,0.5833,0.0,0.0,0.9412,0.0588,0.0
human,2009.03392,math.NT,2020,8,8,1.0,0.0,0.0,0.125,0.0,0.625,0.625,1,0.0,1.0,0.125,34.5,0.0,0.625,0.0,0.0,0.625,0.0,0.375,0.0,0.0,1.0,0.0,0.0
human,2009.04024,math.DG,2020,19,49,2.6842,0.0,0.0,0.0,0.0,0.449,0.6327,1.0408,0.0204,0.4211,0.1176,23,0.1053,0.2632,0.0,0.0,0.449,0.0,0.5102,0.0408,0.0,1.0,0.1053,0.0
human,2009.04648,quant-ph,2020,34,33,1.4412,0.0,0.0,0.0,0.0,0.8485,0.4545,1.4848,0.0606,0.7059,0.102,6.5,0.3529,0.2647,0.0,0.8485,0.0,0.0,0.1515,0.0,0.0,1.0,0.0882,0.6176
human,2009.04670,math.PR,2020,33,83,2.5455,0.0,0.0,0.241,0.3976,0.1687,0.2771,1.012,0.0,0.5152,0.1905,11,0.2121,0.1515,0.0,0.0,0.1687,0.0,0.8313,0.0,0.0,1.0,0.0606,0.0
human,2009.04698,math.MG,2020,14,44,3.1429,0.0,0.0,0.1136,0.0227,0.3409,0.5909,1,0.0,0.0714,0.1364,15.5,0.0,0.1429,0.0,0.0,0.3409,0.0,0.6591,0.0,0.0,1.0,0.0,0.0
human,2009.04773,math.CO,2020,18,34,1.8889,0.1471,0.1471,0.1471,0.1176,0.4118,0.4706,1,0.0,0.2308,0.2059,5.5,0.3333,0.0,0.0294,0.0,0.3824,0.0,0.5882,0.0,0.0,1.0,0.0556,0.0
human,2009.05029,math.FA,2020,9,14,1.6667,0.2143,0.0714,0.2857,0.0,0.3571,0.2857,1.0714,0.0,0.7778,0.3333,25,0.2222,0.1111,0.0,0.0,0.3571,0.2143,0.4286,0.0,0.0,1.0,0.1111,0.0
human,2009.05559,math.AG,2020,25,36,1.72,0.7778,0.5833,0.7778,0.5833,0.0,0.1667,1.1944,0.0278,0.56,0.1395,36,0.0,0.68,0.0,0.0,0.0,0.0,1.0,0.0,0.0,1.0,0.0,0.0
human,2009.06130,math.FA,2020,44,75,1.7045,0.2667,0.2267,0.28,0.0133,0.16,0.4267,1,0.0,0.5,0.1467,14,0.1628,0.186,0.0,0.0,0.16,0.36,0.48,0.0,0.0,0.9773,0.0,0.0
human,2009.07381,math.AG,2020,28,37,1.3571,0.6216,0.5135,0.6216,0.5676,0.3514,0.3514,1.027,0.0,0.75,0.1053,19.0,0.1429,0.25,0.0,0.1892,0.1622,0.0,0.6486,0.0,0.0,1.0,0.0714,0.0
human,2009.08389,math.PR,2020,42,101,2.5952,0.5644,0.3861,0.5743,0.198,0.6535,0.5446,1.0792,0.0099,0.6667,0.2477,6,0.3171,0.1463,0.0,0.0,0.6535,0.0,0.2673,0.0,0.0792,0.9762,0.0952,0.0
human,2009.08683,math.CV,2020,63,11,0.1746,0.1818,0.1818,0.1818,0.0,1.0,0.3636,1,0.0,0.25,0.4545,13.5,0.2586,0.1379,0.0909,0.0,0.9091,0.0,0.0,0.0,0.0,0.9206,0.0476,0.0317
human,2009.09327,math.CO,2020,7,17,3.7143,0.1176,0.0588,0.1176,0.0,0.8235,0.4706,1.5294,0.1765,0.3333,0.2692,1,0.7143,0.1429,0.0,0.0,0.8235,0.0,0.1765,0.0,0.0,1.0,0.5714,0.0
human,2009.10022,math.OA,2020,50,139,2.78,0.5827,0.5036,0.5827,0.2374,0.223,0.3165,1,0.0,0.44,0.058,15.5,0.24,0.28,0.0,0.0,0.223,0.3237,0.4532,0.0,0.0,1.0,0.12,0.6
human,2009.10063,math.AG,2020,125,46,0.368,0.0652,0.0217,0.0652,0.1522,0.3913,0.4783,1,0.0,0.75,0.1087,24,0.1515,0.4242,0.0,0.0,0.3913,0.0,0.6087,0.0,0.0,0.264,0.024,0.0
human,2009.10111,math.CA,2020,21,36,1.8095,0.4722,0.3333,0.4722,0.1111,0.4444,0.6944,1.0556,0.0278,0.6667,0.1579,6,0.3333,0.1905,0.0,0.0,0.4444,0.5556,0.0,0.0,0.0,1.0,0.6667,0.8095
human,2009.11789,cs.DS,2020,35,48,1.4286,0.0,0.0,0.0,0.0,0.2083,0.375,1.0417,0.0,0.6571,0.06,14,0.0857,0.2286,0.0,0.0,0.2083,0.0,0.7917,0.0,0.0,1.0,0.0,0.0
human,2009.12066,math.CO,2020,13,17,1.5385,0.0,0.0,0.2353,0.0,0.7647,0.7647,1.1765,0.0588,0.7692,0.25,42,0.2308,0.6154,0.0,0.0,0.7647,0.2353,0.0,0.0,0.0,1.0,0.0,0.0
human,2009.12454,math.RA,2020,9,57,6.3333,0.1404,0.0877,0.5614,0.1579,0.2807,0.4035,1,0.0,0.2222,0.4386,22,0.1111,0.4444,0.0,0.0,0.2807,0.1228,0.5965,0.0,0.0,1.0,0.0,0.0
human,2009.12475,math.NT,2020,27,10,1.2963,0.0,0.0,0.0,0.0,0.7,0.6,3.5,0.2,0.8148,0.0857,12.5,0.1538,0.3077,0.0,0.0,0.7,0.0,0.3,0.0,0.0,0.963,0.0,0.0
human,2009.12564,math.PR,2020,33,72,2.1818,0.375,0.3056,0.3889,0.0556,0.2222,0.5833,1,0.0,0.5625,0.125,12.5,0.125,0.375,0.0,0.0,0.2222,0.2778,0.5,0.0,0.0,0.9697,0.0,0.0
human,2009.12764,math.DG,2020,12,18,1.5,0.0,0.0,0.1111,0.0556,0.7222,0.8889,1,0.0,0.5,0.5,14,0.3636,0.4545,0.1111,0.0,0.6111,0.1667,0.1111,0.0,0.0,0.9167,0.4167,0.0
human,2009.13173,math.AG,2020,29,58,2.2069,0.5517,0.3621,0.5517,0.2759,0.2586,0.431,1.1034,0.0172,0.5172,0.1719,13,0.3103,0.2069,0.0,0.0,0.2586,0.0,0.7414,0.0,0.0,1.0,0.2069,0.0
human,2009.13223,math.DS,2020,96,154,2.1771,0.0974,0.0909,0.0974,0.0455,0.0,0.3571,1.3571,0.0649,0.625,0.0945,21.5,0.0638,0.4149,0.0,0.0,0.0,0.0974,0.8701,0.0325,0.0,0.9792,0.0625,0.0
human,2009.13360,math.NT,2020,10,30,3.0,0.0,0.0,0.0333,0.1333,0.2333,0.3667,1,0.0,0.4286,0.3,32.5,0.125,0.625,0.0,0.0,0.2333,0.0,0.7667,0.0,0.0,0.8,0.0,0.0
human,2009.13428,math.PR,2020,22,28,1.3182,0.3214,0.1429,0.3214,0.1429,0.1786,0.5357,1.0357,0.0,0.7273,0.1034,14.5,0.1364,0.3182,0.0,0.0,0.1786,0.0,0.8214,0.0,0.0,1.0,0.0,0.0
human,2009.13489,math.GR,2020,23,40,1.9565,0.275,0.225,0.275,0.225,0.45,0.475,1.125,0.05,0.6957,0.2667,14,0.087,0.1739,0.0,0.0,0.45,0.2,0.35,0.0,0.0,1.0,0.0,0.0
human,2009.13624,math-ph,2020,62,66,1.7742,0.1364,0.1212,0.1364,0.0152,0.5909,0.6364,1.6667,0.1212,0.7581,0.1284,13,0.1356,0.3898,0.0,0.0,0.5909,0.0,0.4091,0.0,0.0,0.9516,0.1129,0.0
human,2009.13710,math.CO,2020,25,37,1.88,0.0811,0.0811,0.0811,0.0811,0.7838,0.4054,1.2703,0.0541,0.4,0.0851,18,0.0435,0.2174,0.0,0.0,0.7838,0.0,0.2162,0.0,0.0,0.92,0.0,0.0
human,2009.13965,math-ph,2020,29,75,2.8621,0.5733,0.4667,0.6,0.2667,0.5067,0.3867,1.1067,0.0267,0.5517,0.2651,14.5,0.1071,0.2143,0.0,0.0,0.5067,0.0933,0.4,0.0,0.0,0.9655,0.1034,0.0
human,2010.00103,math.FA,2020,22,105,4.7727,0.5905,0.5238,0.6,0.0,0.2095,0.5048,1,0.0,0.3182,0.219,6.0,0.4091,0.1364,0.0,0.0,0.2095,0.2571,0.5333,0.0,0.0,1.0,0.0,0.0
human,2010.00112,hep-th,2020,16,22,1.375,0.0,0.0,0.0,0.0,0.4545,0.5,1,0.0,0.7143,0.2727,20.5,0.25,0.4375,0.0455,0.0,0.4091,0.0,0.5455,0.0,0.0,1.0,0.0,0.0
human,2010.00785,math.CV,2020,9,6,1.4444,0.3333,0.3333,0.3333,0.0,0.0,0.3333,2.1667,0.3333,0.5556,0.1538,,,,0.0,0.0,0.0,0.0,1.0,0.0,0.0,,0.0,0.0
human,2010.00834,math.AP,2020,43,51,2.0698,0.2549,0.1569,0.2549,0.2941,0.1765,0.6275,1.7451,0.1373,0.6744,0.1011,16,0.1163,0.1163,0.0,0.0,0.1765,0.0,0.8235,0.0,0.0,1.0,0.0,0.0
human,2010.01363,math.AG,2020,11,34,3.0909,0.0,0.0,0.1471,0.5588,0.1765,0.4706,1,0.0,0.2727,0.1765,14,0.1818,0.3636,0.0,0.0,0.1765,0.3235,0.5,0.0,0.0,1.0,0.0,0.0
human,2010.01788,math.OA,2020,58,795,13.7069,0.0,0.0,0.4214,0.6767,0.0314,0.2579,1,0.0,0.2264,0.2185,19,0.0877,0.2105,0.0,0.0,0.0314,0.0503,0.9182,0.0,0.0,0.9828,0.1552,0.0345
human,2010.02209,math.AP,2020,40,64,2.325,0.2812,0.1094,0.2812,0.3281,0.3906,0.3906,1.4531,0.125,0.525,0.1075,20.0,0.175,0.3,0.0,0.0,0.3906,0.0,0.5,0.0,0.1094,1.0,0.25,0.0
human,2010.02668,math.NT,2020,10,17,1.7,0.6471,0.2941,0.6471,0.0,0.6471,0.5294,1,0.0,0.5,0.1765,18.0,0.2,0.3,0.0,0.0,0.6471,0.0,0.3529,0.0,0.0,1.0,0.0,0.1
human,2010.03347,math.PR,2020,9,18,2.4444,0.2222,0.2222,0.2222,0.1111,0.7778,0.2778,1.2222,0.0,0.5556,0.3636,6,0.2222,0.0,0.0,0.0,0.7778,0.0,0.2222,0.0,0.0,1.0,0.1111,0.0
human,2010.03363,math.CO,2020,4,6,1.5,0.0,0.0,0.5,0.0,0.0,0.3333,1,0.0,0.6667,0.6667,28.0,0.25,0.5,0.0,0.0,0.0,0.0,1.0,0.0,0.0,1.0,0.0,0.0
human,2010.03393,cs.CC,2020,36,57,1.9722,0.0702,0.0702,0.0702,0.1754,0.614,0.6491,1.2456,0.0175,0.5833,0.0986,5.0,0.4167,0.1389,0.0,0.0,0.614,0.0526,0.3158,0.0175,0.0,1.0,0.1111,0.7222
human,2010.03425,math.DG,2020,58,76,1.3103,0.0,0.0,0.0789,0.0,0.0,0.1579,1,0.0,0.7414,0.0526,27.0,0.0536,0.4821,0.0,0.0,0.0,0.0,1.0,0.0,0.0,0.9655,0.0172,0.0
human,2010.05837,math.PR,2020,56,124,2.2857,0.2258,0.1935,0.2258,0.0,0.5081,0.5726,1.0323,0.0081,0.7679,0.2734,17.0,0.1964,0.2143,0.0242,0.0,0.4839,0.0,0.4919,0.0,0.0,1.0,0.2143,0.0
human,2010.06079,math.AG,2020,27,43,1.8519,0.5814,0.4419,0.5814,0.2558,0.5581,0.6279,1.1628,0.0233,0.6667,0.24,17.0,0.1538,0.1923,0.0,0.0,0.5581,0.0,0.4419,0.0,0.0,0.963,0.0,0.0
human,2010.06334,math.DG,2020,29,69,2.7931,0.3043,0.2609,0.3333,0.0725,0.5942,0.6377,1.1739,0.029,0.4483,0.1358,19,0.1724,0.2414,0.0,0.0,0.5942,0.0,0.4058,0.0,0.0,1.0,0.1034,0.069
human,2010.06563,cs.CC,2020,38,45,1.9211,0.0,0.0,0.1778,0.0,0.7111,0.5556,1.6222,0.1111,0.6842,0.1644,9,0.2703,0.1351,0.0,0.0,0.7111,0.0,0.2889,0.0,0.0,0.9737,0.3158,0.0
human,2010.06795,math.AG,2020,50,112,2.24,0.4643,0.4375,0.5089,0.375,0.1875,0.5446,1,0.0,0.48,0.1071,15.5,0.22,0.18,0.0,0.0,0.1875,0.1607,0.6518,0.0,0.0,1.0,0.02,0.62
human,2010.07043,math.GR,2020,63,103,1.9048,0.3301,0.2524,0.3398,0.1165,0.3204,0.5534,1.165,0.0291,0.5873,0.0667,15,0.127,0.2698,0.0,0.0,0.3204,0.1942,0.4854,0.0,0.0,1.0,0.0317,0.0
human,2010.08970,math.NT,2020,34,51,1.5,0.2157,0.0588,0.2157,0.0196,0.8039,0.8039,1,0.0,0.8182,0.1765,6.0,0.2941,0.2353,0.0,0.8039,0.0,0.0,0.1961,0.0,0.0,1.0,0.1471,0.0
human,2010.09058,math.SG,2020,35,43,1.3429,0.3023,0.2558,0.3023,0.1163,0.4884,0.5349,1.093,0.0,0.6774,0.1064,18.5,0.1765,0.3824,0.0,0.0,0.4884,0.0,0.5116,0.0,0.0,0.9714,0.0286,0.8286
human,2010.09182,math.AG,2020,10,20,2.0,0.65,0.3,0.65,0.45,0.0,0.25,1,0.0,0.6,0.3,26.5,0.1,0.5,0.0,0.0,0.0,0.0,1.0,0.0,0.0,1.0,0.1,0.0
human,2010.09287,math-ph,2020,27,23,1.4074,0.0,0.0,0.0,0.0,1.0,0.5652,1.6522,0.1739,0.8519,0.2105,19,0.1852,0.4074,0.0435,0.9565,0.0,0.0,0.0,0.0,0.0,1.0,0.037,0.5185
human,2010.09292,math.AG,2020,32,95,2.9688,0.6947,0.5053,0.6947,0.0,0.3158,0.4737,1,0.0,0.5,0.1895,15.5,0.1786,0.1786,0.0,0.0,0.3158,0.1368,0.5474,0.0,0.0,0.875,0.25,0.0
human,2010.09358,math.AG,2020,29,32,1.2759,0.0,0.0,0.0312,0.0,0.1875,0.375,1.1562,0.0312,0.6538,0.1081,14,0.16,0.2,0.0,0.0,0.1875,0.0,0.8125,0.0,0.0,0.8621,0.069,0.0
human,2010.09643,math.AG,2020,36,76,2.1111,0.0,0.0,0.3947,0.1316,0.4737,0.4079,1,0.0,0.5333,0.1316,15,0.2069,0.2069,0.0263,0.0,0.4474,0.0,0.5263,0.0,0.0,0.8056,0.0556,0.0
human,2010.10561,math.DG,2020,20,32,1.85,0.2188,0.2188,0.3438,0.2188,0.625,0.5938,1.1562,0.0,0.1538,0.1622,24,0.0588,0.4706,0.1562,0.0,0.4688,0.0938,0.2812,0.0,0.0,0.85,0.1,0.0
human,2010.11763,math.AG,2020,12,27,2.25,0.7037,0.6296,0.7407,0.1852,0.7037,0.5185,1,0.0,0.3333,0.1852,10.5,0.1667,0.25,0.0,0.0,0.7037,0.0,0.2963,0.0,0.0,1.0,0.0,0.0
human,2010.12003,math.MG,2020,18,32,2.1667,0.4062,0.3125,0.5,0.1562,0.625,0.6875,1.2188,0.0312,0.4444,0.2564,28.0,0.0,0.5,0.0312,0.0,0.5938,0.0938,0.2812,0.0,0.0,1.0,0.0,0.0
human,2010.12271,math.PR,2020,61,91,1.7377,0.2527,0.1978,0.2527,0.011,0.0,0.2418,1.1648,0.033,0.6393,0.0472,7,0.2545,0.0909,0.0,0.0,0.0,0.0,1.0,0.0,0.0,0.9016,0.0492,0.0
human,2010.12999,math.NT,2020,10,18,1.8,0.0,0.0,0.0,0.0,0.5556,0.7778,1,0.0,0.8,0.3889,30,0.0,0.5556,0.0,0.0,0.5556,0.0,0.4444,0.0,0.0,0.9,0.0,0.0
human,2010.13069,math.CA,2020,28,62,2.25,0.6452,0.3387,0.6452,0.2419,0.4839,0.3871,1.0161,0.0,0.7857,0.3968,28.0,0.0714,0.4643,0.0,0.0,0.4839,0.0,0.2419,0.1129,0.1613,1.0,0.0,0.0
human,2010.13847,math.AG,2020,26,75,3.0,0.6133,0.52,0.6267,0.24,0.56,0.4,1.04,0.0,0.5,0.3462,13.5,0.2692,0.1154,0.0133,0.0,0.5467,0.44,0.0,0.0,0.0,1.0,0.1923,0.1538
human,2010.13888,cs.DS,2020,44,79,2.5909,0.1139,0.0886,0.1139,0.0759,0.3924,0.4177,1.443,0.1013,0.6905,0.1667,15.0,0.25,0.2727,0.0,0.0,0.3924,0.0253,0.5823,0.0,0.0,1.0,0.0,0.0
human,2010.13966,math.DG,2020,25,20,1.52,0.05,0.0,0.05,0.05,0.95,0.8,1.9,0.2,0.6,0.1053,10.5,0.3182,0.3182,0.0,0.0,0.95,0.0,0.05,0.0,0.0,0.88,0.2,0.0
human,2010.14447,math.AG,2020,19,21,1.1053,0.4286,0.381,0.4286,0.0476,1.0,0.5714,1,0.0,0.8824,0.1905,21.0,0.2222,0.2222,0.0,1.0,0.0,0.0,0.0,0.0,0.0,0.9474,0.1053,0.0
human,2010.14854,math.AG,2020,41,80,2.0,0.425,0.3125,0.425,0.3375,0.175,0.3625,1.025,0.0125,0.5143,0.1341,28,0.1282,0.4872,0.0,0.0,0.175,0.075,0.75,0.0,0.0,0.9512,0.0488,0.0244
human,2010.15079,gr-qc,2020,75,29,1.1067,0.0,0.0,0.0,0.0,0.5862,0.7931,2.8621,0.2759,0.9467,0.0482,5,0.3733,0.08,0.0,0.0,0.5862,0.0,0.4138,0.0,0.0,1.0,0.5467,0.8533
human,2010.15221,math.DG,2020,64,89,1.4062,0.0,0.0,0.1011,0.0,0.0787,0.3258,1.0112,0.0,0.7115,0.1222,10.5,0.2,0.2,0.0,0.0,0.0787,0.2022,0.6742,0.0449,0.0,0.9375,0.0781,0.0156
human,2010.15324,math.OA,2020,53,144,2.7736,0.6181,0.4028,0.6181,0.3194,0.1389,0.2639,1.0208,0.0069,0.5283,0.2109,34,0.1321,0.5849,0.0,0.0,0.1389,0.0208,0.8403,0.0,0.0,1.0,0.0189,0.0189
human,2010.15359,math.AG,2020,17,11,0.6471,0.1818,0.0,0.1818,0.1818,0.1818,0.2727,1,0.0,0.7778,0.1818,20,0.0,0.3636,0.0,0.0,0.1818,0.0,0.8182,0.0,0.0,0.6471,0.0588,0.0
human,2010.15481,math-ph,2020,12,20,1.6667,0.0,0.0,0.0,0.0,0.5,0.55,1,0.0,0.5,0.15,29,0.0,0.4545,0.0,0.0,0.5,0.0,0.5,0.0,0.0,0.9167,0.0,0.0
human,2010.15646,math.DS,2020,23,25,1.1739,0.16,0.16,0.2,0.04,0.08,0.32,1.08,0.0,0.6667,0.2222,22.5,0.05,0.35,0.0,0.0,0.08,0.0,0.92,0.0,0.0,0.8696,0.0,0.1304
human,2010.15814,cs.DS,2020,31,51,1.8387,0.0,0.0,0.0,0.1176,0.451,0.549,1.1176,0.0196,0.7097,0.1579,18,0.2581,0.1613,0.0,0.0,0.451,0.0,0.549,0.0,0.0,1.0,0.0,0.0
human,2010.15815,math.DG,2020,11,18,2.3636,0.1667,0.1667,0.1667,0.0,0.3333,0.5,1.4444,0.0556,0.6364,0.3077,14,0.0,0.1818,0.0,0.0,0.3333,0.0,0.6667,0.0,0.0,1.0,0.0909,0.0
human,2010.16116,math.PR,2020,5,4,0.8,0.0,0.0,0.0,0.0,0.75,0.5,1,0.0,1.0,0.25,24,0.0,0.2,0.0,0.0,0.75,0.0,0.25,0.0,0.0,1.0,0.0,0.0
human,2011.00611,math-ph,2020,76,102,2.2368,0.1765,0.1471,0.1765,0.0,0.5392,0.5784,1.6667,0.1373,0.5921,0.0882,14.0,0.1579,0.2368,0.0,0.0,0.5392,0.0,0.402,0.0392,0.0196,1.0,0.1184,0.7632
human,2011.00815,math.RT,2020,17,33,2.1765,0.4242,0.3333,0.4242,0.1515,0.2727,0.3636,1.1212,0.0606,0.2143,0.1351,23,0.1538,0.2308,0.0,0.0,0.2727,0.3939,0.3333,0.0,0.0,0.7647,0.0,0.0
human,2011.01144,math.DG,2020,17,19,1.2941,0.0,0.0,0.0,0.1579,0.4211,0.4211,1.1579,0.0526,0.8235,0.1818,12,0.1765,0.2353,0.0,0.0,0.4211,0.0,0.5789,0.0,0.0,1.0,0.0,0.0
human,2011.01827,math.AT,2020,5,34,6.8,0.7941,0.5588,0.7941,0.0,0.1765,0.5294,1,0.0,0.2,0.7059,16,0.0,0.2,0.0,0.0,0.1765,0.5588,0.2647,0.0,0.0,1.0,0.0,0.0
human,2011.01892,math.CO,2020,7,14,2.0,0.0,0.0,0.0714,0.0,0.8571,0.8571,1,0.0,0.5714,0.4286,47,0.4286,0.5714,0.0,0.0,0.8571,0.0,0.0,0.1429,0.0,1.0,0.1429,0.0
human,2011.02013,math.OA,2020,33,24,0.7273,0.0,0.0,0.125,0.3333,0.2083,0.375,1,0.0,0.5385,0.2083,26.0,0.0,0.4062,0.0,0.0,0.2083,0.1667,0.625,0.0,0.0,0.9697,0.0303,0.0
human,2011.02303,math.PR,2020,65,68,1.5692,0.1471,0.1324,0.1471,0.0294,0.3088,0.8382,1.5,0.0882,0.413,0.0882,13.0,0.1739,0.1087,0.0,0.0,0.3088,0.0588,0.1912,0.4412,0.0,0.7077,0.0462,0.0
human,2011.02423,math.DG,2020,46,63,1.9783,0.2381,0.2063,0.254,0.254,0.2222,0.4286,1.4444,0.0952,0.5814,0.1538,18.5,0.1136,0.3409,0.0159,0.0,0.2063,0.0,0.7778,0.0,0.0,0.9565,0.0652,0.0
human,2011.02762,math.NT,2020,21,16,1.0,0.125,0.0625,0.125,0.0,0.875,0.625,1.3125,0.125,0.7647,0.0952,5,0.3158,0.1053,0.0,0.0,0.875,0.125,0.0,0.0,0.0,0.9048,0.0,0.0
human,2011.03645,cs.GT,2020,26,17,1.1538,0.0,0.0,0.0,0.0,0.8235,0.8824,1.7647,0.2353,0.8462,0.0667,9.5,0.1538,0.1154,0.0,0.0,0.8235,0.1765,0.0,0.0,0.0,1.0,0.0,0.0
human,2011.03672,math.CA,2020,19,28,1.6316,0.3571,0.1786,0.3571,0.0,0.3929,0.4643,1.1071,0.0,0.7895,0.1935,23.0,0.0556,0.3889,0.0,0.0,0.3929,0.0,0.1786,0.1786,0.25,0.9474,0.0,0.0
human,2011.03714,math-ph,2020,66,27,1.197,0.0,0.0,0.0,0.0,0.5556,0.7037,2.9259,0.2593,0.8906,0.0886,10.5,0.3167,0.2333,0.0,0.0,0.5556,0.0,0.2222,0.2222,0.0,0.9091,0.197,0.0
human,2011.04146,math.PR,2020,39,48,1.5385,0.0208,0.0208,0.4375,0.1875,0.5625,0.6042,1.25,0.0625,0.8421,0.2,14,0.0541,0.1622,0.0,0.0,0.5625,0.1458,0.2917,0.0,0.0,0.9487,0.0513,0.0
human,2011.04355,math.AG,2020,52,170,3.2885,0.7412,0.6118,0.7412,0.2647,0.3059,0.4059,1.0059,0.0,0.4423,0.0936,4,0.4898,0.1837,0.0,0.0,0.3059,0.0,0.3706,0.0,0.3235,0.9423,0.1346,0.2308
human,2011.04589,math.PR,2020,24,71,2.9583,0.0,0.0,0.3803,0.0,1.0,0.1549,1,0.0,0.5,0.2254,30.0,0.125,0.5,0.0141,0.9859,0.0,0.0,0.0,0.0,0.0,1.0,0.4167,0.0
human,2011.04928,cs.DS,2020,24,36,2.0417,0.0,0.0,0.0,0.0,0.3056,0.3889,1.3611,0.0833,0.5417,0.2083,12.0,0.25,0.125,0.0,0.0,0.3056,0.1667,0.3333,0.1944,0.0,1.0,0.0,0.0
human,2011.05276,math.AT,2020,20,17,1.2,0.0,0.0,0.0,0.1176,0.2353,0.4118,1.4118,0.0588,0.7333,0.25,13.5,0.2,0.2,0.0,0.0,0.2353,0.0,0.7059,0.0588,0.0,1.0,0.0,0.0
human,2011.05555,cs.CC,2020,98,98,1.6837,0.0102,0.0102,0.0102,0.0,0.8878,0.2857,1.6837,0.1735,0.7143,0.0788,7.0,0.3163,0.0714,0.0,0.0,0.8878,0.0,0.1122,0.0,0.0,1.0,0.0306,0.6939
human,2011.05607,math.MG,2020,21,24,1.5238,0.0,0.0,0.0417,0.125,0.4167,0.4167,1.3333,0.0833,0.619,0.125,13.0,0.15,0.35,0.0,0.0,0.4167,0.0,0.5833,0.0,0.0,0.9524,0.0,0.0
human,2011.05835,math.FA,2020,11,17,2.3636,0.4118,0.4118,0.4118,0.2353,1.0,0.5294,1.5294,0.1176,0.3,0.2308,5,0.4545,0.0909,0.0,0.0,1.0,0.0,0.0,0.0,0.0,1.0,0.0909,0.0909
human,2011.07261,math.MG,2020,22,56,2.5455,0.5893,0.4643,0.7143,0.2857,0.3036,0.3214,1,0.0,0.3636,0.125,13.0,0.1364,0.1818,0.0179,0.0,0.2857,0.3393,0.3571,0.0,0.0,1.0,0.0455,0.0
human,2011.07628,math.PR,2020,50,75,1.54,0.1733,0.1333,0.1867,0.1733,0.56,0.5867,1.0267,0.0,0.74,0.0909,18,0.1481,0.4444,0.0,0.0,0.56,0.0,0.44,0.0,0.0,0.54,0.06,0.0
human,2011.08768,math.PR,2020,48,50,1.9167,0.24,0.18,0.24,0.14,0.72,0.74,1.84,0.16,0.5417,0.0761,30.5,0.1304,0.5435,0.0,0.0,0.72,0.0,0.28,0.0,0.0,0.9583,0.0208,0.0
human,2011.09914,math.AP,2020,42,66,1.6667,0.2727,0.1818,0.303,0.1061,0.6212,0.4545,1.0606,0.0,0.7353,0.2857,13.5,0.1471,0.1176,0.0152,0.0,0.6061,0.2576,0.1212,0.0,0.0,0.8095,0.0,0.0
human,2011.10181,math.AG,2020,14,27,1.9286,0.0741,0.0,0.1111,0.037,0.4444,1.0,1,0.0,0.7857,0.2222,21.0,0.0714,0.2857,0.037,0.0,0.4074,0.1481,0.4074,0.0,0.0,1.0,0.0714,0.0
human,2011.11056,math.CO,2020,19,35,1.8421,0.0,0.0,0.0286,0.0857,0.6,0.6571,1,0.0,0.6667,0.1714,2.5,0.5556,0.1111,0.0,0.0,0.6,0.0,0.2857,0.1143,0.0,0.9474,0.0526,0.0
human,2011.11755,math.KT,2020,60,84,1.7167,0.2143,0.119,0.2262,0.1071,0.131,0.25,1.2262,0.0476,0.6667,0.0777,31,0.1186,0.5085,0.0,0.131,0.0,0.0,0.869,0.0,0.0,0.9833,0.0167,0.0
human,2011.12316,math.AG,2020,39,55,1.7949,0.5636,0.3818,0.5636,0.1273,0.1273,0.2909,1.2727,0.0909,0.7105,0.2,19,0.1026,0.2821,0.0,0.0,0.1273,0.0,0.8727,0.0,0.0,1.0,0.0513,0.0
human,2011.13298,math.DG,2020,22,24,1.0909,0.125,0.125,0.125,0.25,0.0833,0.0833,1,0.0,0.9091,0.0833,38,0.0,0.7143,0.0,0.0,0.0833,0.6667,0.25,0.0,0.0,0.9545,0.0455,0.6364
human,2011.13852,math.OA,2020,16,31,2.125,0.5161,0.4839,0.5484,0.1613,0.4839,0.5161,1.0968,0.0323,0.4375,0.1471,9.0,0.1875,0.0625,0.0,0.0,0.4839,0.0,0.5161,0.0,0.0,1.0,0.3125,0.0625
human,2011.14222,math.OA,2020,28,99,3.7857,0.1313,0.101,0.2525,0.1212,0.2323,0.4141,1.0707,0.0101,0.6071,0.3396,22.0,0.1429,0.2857,0.0,0.0,0.2323,0.2929,0.4747,0.0,0.0,1.0,0.1429,0.7143
human,2011.14253,math.RT,2020,51,136,4.0196,0.4779,0.3456,0.4779,0.1324,0.2353,0.4044,1.5074,0.1176,0.2941,0.1122,9.0,0.1875,0.0625,0.0,0.0,0.2353,0.3971,0.3676,0.0,0.0,0.9412,0.1373,0.0196
human,2011.14322,math.GT,2020,2,4,2.0,0.0,0.0,0.0,0.0,1.0,0.75,1,0.0,0.5,0.75,12.5,0.0,0.0,0.0,0.0,1.0,0.0,0.0,0.0,0.0,1.0,0.0,0.0
human,2011.14720,math.KT,2020,101,143,1.7723,0.5874,0.5245,0.5874,0.1119,0.1888,0.4336,1.2517,0.028,0.5072,0.1397,14.0,0.1327,0.1633,0.0,0.0,0.1888,0.5175,0.2937,0.0,0.0,0.9703,0.0594,0.0297
human,2011.14722,cs.DS,2020,36,35,1.5278,0.0,0.0,0.0,0.0,0.9143,0.6571,1.5714,0.2,0.6667,0.1091,12.0,0.1667,0.1667,0.0,0.0,0.9143,0.0,0.0857,0.0,0.0,1.0,0.0833,0.0
human,2012.00742,math.PR,2020,42,56,1.5714,0.2321,0.0714,0.3036,0.125,0.375,0.4107,1.1786,0.0357,0.8095,0.2576,22.0,0.1429,0.4048,0.0,0.0,0.375,0.0,0.5714,0.0,0.0536,1.0,0.1429,0.0
human,2012.00810,math.PR,2020,47,60,1.4468,0.0167,0.0167,0.1833,0.0,0.45,0.45,1.1333,0.0333,0.6571,0.1471,9,0.1622,0.1622,0.0,0.0,0.45,0.0,0.5167,0.0333,0.0,0.7872,0.0638,0.0
human,2012.04327,cs.CC,2020,66,60,1.803,0.0333,0.0333,0.05,0.0,0.7333,0.9,1.9833,0.1833,0.6818,0.1261,5,0.4308,0.0769,0.0167,0.0,0.7167,0.25,0.0167,0.0,0.0,0.9848,0.0909,0.6364
human,2012.04795,gr-qc,2020,74,24,1.8378,0.0,0.0,0.0,0.0,0.25,0.375,5.6667,0.25,0.3108,0.0662,7,0.411,0.0411,0.0,0.0,0.25,0.0,0.6667,0.0833,0.0,0.9865,0.9324,0.8649
human,2012.05332,math-ph,2020,45,73,2.2,0.2877,0.1781,0.2877,0.1507,0.2466,0.4247,1.3562,0.0411,0.5122,0.1818,7.0,0.3,0.05,0.0,0.0,0.2466,0.0,0.7534,0.0,0.0,0.8889,0.1778,0.0222
human,2012.06278,math.AG,2020,7,11,1.5714,0.5455,0.2727,0.5455,0.0,0.5455,0.5455,1,0.0,0.5714,0.2727,10,0.0,0.2857,0.0,0.0,0.5455,0.0,0.4545,0.0,0.0,1.0,0.0,0.0
human,2012.06713,cs.DS,2020,41,42,2.1707,0.0,0.0,0.0,0.0238,0.8333,0.8095,2.119,0.2857,0.5122,0.0899,1,0.7073,0.0,0.0,0.0,0.8333,0.0,0.0952,0.0714,0.0,1.0,0.2195,0.122
human,2012.07256,math.PR,2020,26,40,1.5385,0.0,0.0,0.45,0.0,0.6,0.725,1,0.0,0.7692,0.15,10.5,0.1923,0.2692,0.0,0.0,0.6,0.0,0.4,0.0,0.0,1.0,0.0,0.0
human,2012.07324,math.AG,2020,46,137,2.9783,0.708,0.6715,0.708,0.3942,0.1971,0.3796,1,0.0,0.4348,0.1168,5,0.4222,0.0889,0.0,0.0,0.1971,0.1752,0.6277,0.0,0.0,0.9783,0.2391,0.5
human,2012.08163,math.PR,2020,20,79,3.95,0.0127,0.0,0.2658,0.2405,0.9873,0.5823,1,0.0,0.5,0.3544,10.5,0.2,0.25,0.0127,0.9747,0.0,0.0,0.0,0.0,0.0127,1.0,0.4,0.0
human,2012.08307,math.DG,2020,25,50,2.0,0.32,0.14,0.32,0.0,0.34,0.52,1,0.0,0.48,0.14,27.0,0.125,0.4167,0.0,0.0,0.34,0.12,0.54,0.0,0.0,0.96,0.04,0.0
human,2012.08343,math.AG,2020,30,68,2.5333,0.6912,0.3676,0.6912,0.3971,0.0882,0.25,1.1176,0.0147,0.6,0.2368,3,0.5517,0.1034,0.0,0.0882,0.0,0.4265,0.4853,0.0,0.0,0.9667,0.2,0.0
human,2012.08358,math.AC,2020,15,19,1.2667,0.0526,0.0,0.0526,0.1579,0.5263,0.7368,1,0.0,0.6,0.7368,2,0.6,0.4,0.0526,0.0,0.4737,0.0,0.4737,0.0,0.0,0.3333,0.0,0.0
human,2012.08411,math.CO,2020,16,21,1.3125,0.7619,0.4762,0.7619,0.1905,0.4762,0.5238,1,0.0,0.8125,0.1429,17.0,0.125,0.3125,0.0,0.0,0.4762,0.0,0.5238,0.0,0.0,1.0,0.0625,0.0
human,2012.08685,math.MG,2020,5,40,8.0,0.0,0.0,0.35,0.075,0.325,0.375,1,0.0,0.0,0.4,20.5,0.0,0.0,0.0,0.025,0.3,0.0,0.675,0.0,0.0,0.8,0.2,0.0
human,2012.08763,math.CA,2020,30,38,1.4333,0.0,0.0,0.0526,0.1579,0.7368,0.7368,1.1316,0.0263,0.5385,0.1163,14,0.1034,0.3103,0.0,0.0,0.7368,0.0,0.2632,0.0,0.0,0.9667,0.0,0.0
human,2012.09000,math.GT,2020,19,23,1.5263,0.2174,0.087,0.2609,0.0435,0.3478,0.4783,1.2609,0.0,0.7368,0.2069,9.5,0.1111,0.0,0.0,0.0,0.3478,0.0,0.6522,0.0,0.0,0.9474,0.0526,0.0
human,2012.09416,math.DG,2020,26,51,2.0,0.4118,0.2941,0.4118,0.2353,0.5294,0.6471,1.0196,0.0,0.5769,0.1154,4.5,0.4231,0.0769,0.0,0.0,0.5294,0.2745,0.1961,0.0,0.0,1.0,0.0,0.0
human,2012.09642,math.AG,2020,33,76,2.303,0.0,0.0,0.1447,0.0,1.0,0.3553,1,0.0,0.4516,0.1974,28,0.0,0.4545,0.0,1.0,0.0,0.0,0.0,0.0,0.0,1.0,0.0,0.0
human,2012.10166,math.MG,2020,28,40,1.4286,0.275,0.25,0.275,0.0,0.5,0.75,1,0.0,0.6786,0.075,27.5,0.0357,0.3571,0.0,0.0,0.5,0.475,0.025,0.0,0.0,1.0,0.0357,0.0
human,2012.10487,math.AG,2020,27,40,1.6667,0.3,0.275,0.3,0.25,0.375,0.375,1.125,0.025,0.6667,0.0952,32,0.0741,0.5556,0.0,0.0,0.375,0.325,0.3,0.0,0.0,1.0,0.0,0.0
human,2012.10514,math.AT,2020,21,40,2.2857,0.15,0.125,0.15,0.0,0.4,0.475,1.2,0.025,0.4762,0.1667,13,0.2381,0.2381,0.0,0.0,0.4,0.075,0.525,0.0,0.0,1.0,0.1905,0.0
human,2012.10738,math.FA,2020,10,14,1.4,0.0,0.0,0.0714,0.0,1.0,0.6429,1,0.0,0.6,0.1429,5.5,0.25,0.0,0.0,0.0,1.0,0.0,0.0,0.0,0.0,0.8,0.3,0.0
human,2012.10759,math.DS,2020,51,63,1.902,0.0,0.0,0.0159,0.0,0.4921,0.4286,1.5397,0.127,0.6667,0.0825,13,0.2245,0.2449,0.0,0.0,0.4921,0.0,0.2857,0.2222,0.0,0.9608,0.0,0.0
human,2012.10803,math.NT,2020,36,32,0.9167,0.2188,0.0,0.25,0.0,0.125,0.1875,1.0312,0.0,0.6667,0.1212,15,0.1724,0.1724,0.0,0.0,0.125,0.0,0.875,0.0,0.0,0.8056,0.0278,0.0
human,2012.10835,math.NT,2020,13,21,1.6154,0.0952,0.0476,0.1905,0.0476,0.619,0.8571,1,0.0,0.6667,0.2381,5.0,0.25,0.0,0.0,0.0,0.619,0.0,0.381,0.0,0.0,0.9231,0.0769,0.0769
human,2012.11272,math.AG,2020,32,45,1.4375,0.1111,0.0889,0.1111,0.2222,0.4444,0.5556,1.0222,0.0,0.6,0.0652,41.0,0.125,0.6562,0.0,0.0,0.4444,0.1556,0.4,0.0,0.0,1.0,0.0312,0.0312
human,2012.11315,math.AG,2020,28,53,1.8929,0.8491,0.7547,0.8491,0.1698,0.2264,0.2453,1,0.0,0.5,0.1321,21.0,0.0714,0.25,0.0,0.0,0.2264,0.1132,0.6604,0.0,0.0,1.0,0.0714,0.0
human,2012.11795,math.CA,2020,16,27,2.1875,0.2593,0.1111,0.3333,0.037,0.2222,0.2593,1.2963,0.0741,0.5,0.1714,11.5,0.25,0.125,0.0,0.0,0.2222,0.0,0.7778,0.0,0.0,1.0,0.0,0.0
human,2012.11983,math.FA,2020,36,86,2.4167,0.3256,0.1744,0.3488,0.0,0.3256,0.3953,1.0116,0.0,0.3939,0.1379,13.5,0.1471,0.2353,0.0,0.0,0.3256,0.0,0.3372,0.3372,0.0,0.9444,0.1111,0.0
human,2012.12223,math.DG,2020,40,111,2.775,0.3874,0.2342,0.3874,0.0,1.0,0.3784,1,0.0,0.4138,0.1802,24.5,0.1316,0.4474,0.0,1.0,0.0,0.0,0.0,0.0,0.0,0.95,0.075,0.075
human,2012.12399,math.OA,2020,23,39,2.3043,0.0513,0.0513,0.1795,0.0769,0.9231,0.5641,1.359,0.1026,0.5652,0.1887,17,0.2174,0.4348,0.0769,0.0,0.8462,0.0,0.0,0.0769,0.0,1.0,0.0,0.0
human,2012.12460,math.CO,2020,17,18,1.4118,0.5556,0.4444,0.5556,0.0,0.4444,0.5556,1.3333,0.0556,0.6429,0.2083,18.5,0.125,0.375,0.0,0.1111,0.3333,0.3889,0.1667,0.0,0.0,0.9412,0.0588,0.0588
human,2012.12952,math.MG,2020,32,86,2.75,0.2907,0.2674,0.2907,0.2558,0.2093,0.3837,1.0233,0.0116,0.4375,0.125,15,0.1935,0.2581,0.0,0.0,0.2093,0.0,0.7907,0.0,0.0,0.9688,0.2812,0.0
human,2012.13598,math.GR,2020,31,61,2.0645,0.1311,0.0492,0.4098,0.2787,0.2951,0.3115,1.0492,0.0164,0.4444,0.2344,17,0.0,0.1429,0.0,0.0,0.2951,0.0,0.7049,0.0,0.0,0.2258,0.0968,0.4194
human,2012.13868,math.RT,2020,34,71,2.4412,0.5634,0.3662,0.5634,0.2394,0.3521,0.4225,1.169,0.0563,0.4815,0.2048,12.0,0.0938,0.1875,0.0,0.0,0.3521,0.169,0.4789,0.0,0.0,0.9412,0.0882,0.0
human,2012.14045,math.PR,2020,18,24,1.4444,0.3333,0.3333,0.3333,0.2083,0.7917,0.6667,1.0833,0.0,0.8333,0.1923,26.5,0.0,0.3889,0.0,0.0,0.7917,0.0833,0.125,0.0,0.0,1.0,0.0,0.0
human,2012.14462,math.DS,2020,36,48,1.3333,0.0833,0.0833,0.1042,0.0208,0.7292,0.7292,1,0.0,0.8611,0.1042,19.0,0.1667,0.2222,0.0208,0.0,0.7083,0.0625,0.2083,0.0,0.0,1.0,0.0556,0.0
human,2012.14479,math.GR,2020,12,28,2.3333,0.5357,0.4286,0.5714,0.4286,0.4286,0.4286,1,0.0,0.3333,0.25,3,0.5556,0.1111,0.0,0.0,0.4286,0.0,0.5714,0.0,0.0,0.75,0.0,0.0
human,2012.14591,math.CA,2020,42,31,1.4524,0.0,0.0,0.0,0.0,0.0645,0.0,1.9677,0.3226,0.7143,0.082,22.0,0.119,0.2619,0.0,0.0,0.0645,0.0,0.9355,0.0,0.0,1.0,0.0714,0.0
human,2012.14598,math.PR,2020,25,37,1.6,0.0541,0.0541,0.3514,0.2162,0.5135,0.5405,1.0811,0.0,0.72,0.1,20.0,0.1,0.2,0.0,0.0,0.5135,0.0,0.4865,0.0,0.0,0.8,0.04,0.0
human,2012.14946,math.AG,2020,28,37,1.3929,0.5405,0.2703,0.5676,0.4054,0.2162,0.3514,1.0541,0.0,0.7857,0.1026,22.5,0.0385,0.3077,0.0,0.0,0.2162,0.0,0.6757,0.1081,0.0,0.9286,0.0714,0.0
human,2012.14984,gr-qc,2020,43,40,1.3953,0.025,0.0,0.025,0.0,0.1,0.425,1.5,0.125,0.6512,0.0667,10,0.2558,0.2791,0.0,0.0,0.1,0.0,0.5,0.375,0.025,1.0,0.6047,0.8605
human,2012.15530,math.DG,2020,39,86,2.7436,0.6047,0.5465,0.6047,0.4302,0.3488,0.4419,1.2442,0.0581,0.4872,0.1402,26.0,0.1316,0.4474,0.0,0.0,0.3488,0.1977,0.4535,0.0,0.0,0.9744,0.0256,0.0
human,2101.00886,math.PR,2021,26,30,1.3846,0.3333,0.2667,0.3333,0.1,0.8333,0.8667,1.2,0.0333,0.7308,0.0833,17.0,0.0455,0.1818,0.0,0.0,0.8333,0.0,0.1667,0.0,0.0,0.8462,0.0,0.0
human,2101.00889,math.LO,2021,7,27,3.8571,0.6296,0.3333,0.6296,0.5185,0.3333,0.4074,1,0.0,0.2857,0.3333,10.0,0.1667,0.1667,0.037,0.0,0.2963,0.2963,0.3704,0.0,0.0,0.8571,0.0,0.0
human,2101.00915,math.PR,2021,38,74,2.1842,0.0811,0.0811,0.2162,0.1757,0.2162,0.2703,1.1216,0.0541,0.5789,0.0964,6,0.3243,0.0811,0.0,0.0,0.2162,0.0,0.473,0.0541,0.2568,0.9737,0.0526,0.0263
human,2101.01288,math.PR,2021,65,68,1.3692,0.2353,0.0441,0.4118,0.0,0.5,0.5441,1.3088,0.0735,0.8,0.0899,52,0.0,0.6667,0.0,0.0,0.5,0.0441,0.4559,0.0,0.0,0.0462,0.0,0.0
human,2101.01592,math.PR,2021,19,44,2.4211,0.6136,0.4318,0.6136,0.3636,0.2273,0.4318,1.0455,0.0,0.5,0.1957,20.0,0.0556,0.4444,0.0,0.2273,0.0,0.0,0.6136,0.1591,0.0,0.9474,0.0526,0.0
human,2101.02094,math.PR,2021,26,26,1.1923,0.0,0.0,0.0,0.0,0.5769,0.5769,1.1923,0.0,0.8462,0.0968,17,0.16,0.28,0.0,0.0,0.5769,0.0,0.4231,0.0,0.0,0.9615,0.0385,0.0385
human,2101.02261,math.AG,2021,23,36,1.5652,0.25,0.25,0.25,0.25,0.4167,0.6389,1,0.0,0.5217,0.0833,20,0.0435,0.2609,0.0,0.0,0.4167,0.2778,0.3056,0.0,0.0,1.0,0.0435,0.0435
human,2101.02470,math.FA,2021,4,11,2.75,0.4545,0.4545,0.4545,0.1818,0.8182,0.8182,1,0.0,0.5,0.5455,5.0,0.5,0.0,0.0,0.0,0.8182,0.0,0.1818,0.0,0.0,1.0,0.0,0.0
human,2101.02732,math.GR,2021,29,81,2.8621,0.5432,0.4568,0.5432,0.0988,0.4568,0.5185,1.0247,0.0123,0.5185,0.241,16.5,0.1786,0.3214,0.0,0.0,0.4568,0.2222,0.321,0.0,0.0,0.9655,0.0,0.0
human,2101.02759,math.AG,2021,40,59,2.0,0.2203,0.1525,0.2203,0.0339,0.322,0.4407,1.3559,0.1186,0.55,0.1125,19,0.0513,0.3333,0.0,0.0,0.322,0.0,0.678,0.0,0.0,0.975,0.025,0.0
human,2101.03256,math-ph,2021,25,70,2.92,0.0,0.0,0.6857,0.1429,0.4571,0.4286,1.0429,0.0143,0.6667,0.274,12,0.28,0.28,0.0,0.0,0.4571,0.0,0.5429,0.0,0.0,1.0,0.04,0.0
human,2101.03306,math.AP,2021,37,16,0.8649,0.0625,0.0625,0.0625,0.0625,0.6875,0.75,2,0.3125,0.7143,0.2188,8,0.2162,0.1622,0.0,0.0,0.6875,0.0,0.3125,0.0,0.0,1.0,0.0,0.1351
human,2101.03442,math.PR,2021,23,55,3.0,0.7091,0.6364,0.7091,0.2182,0.3636,0.5636,1.2545,0.0364,0.3478,0.1159,22,0.0,0.2857,0.0,0.0,0.3636,0.1455,0.2545,0.0,0.2364,0.913,0.0435,0.0
human,2101.03600,math.AG,2021,13,24,2.0,0.6667,0.625,0.6667,0.0417,0.1667,0.1667,1.0833,0.0417,0.7692,0.4615,26,0.2308,0.3846,0.0,0.0,0.1667,0.2083,0.625,0.0,0.0,1.0,0.1538,0.0
human,2101.03816,math.CA,2021,33,60,1.8485,0.3167,0.3,0.3167,0.2333,0.9,0.5333,1.0167,0.0,0.6774,0.1148,22,0.0606,0.303,0.0,0.0,0.9,0.1,0.0,0.0,0.0,1.0,0.0,0.0
human,2101.04162,math.AG,2021,22,47,2.1364,0.0,0.0,0.4681,0.4468,0.3404,0.5106,1,0.0,0.5455,0.1702,3.0,0.5455,0.0909,0.0,0.0,0.3404,0.4681,0.1915,0.0,0.0,1.0,0.4091,0.0455
human,2101.04441,math.AG,2021,28,51,2.0357,0.5294,0.4314,0.5294,0.1765,0.1961,0.451,1.1176,0.0196,0.5714,0.1228,13.0,0.1429,0.3571,0.0,0.0,0.1961,0.3529,0.451,0.0,0.0,1.0,0.1071,0.0
human,2101.04732,math.DS,2021,22,18,1.7727,0.1667,0.1111,0.1667,0.1111,0.2222,0.5556,2.1667,0.1667,0.5,0.1282,18.0,0.0909,0.2273,0.0,0.0,0.2222,0.3333,0.1111,0.3333,0.0,1.0,0.0,0.0
human,2101.04791,math.AG,2021,10,23,2.3,0.6957,0.6087,0.6957,0.0435,0.1739,0.3478,1,0.0,0.375,0.3478,7,0.2222,0.1111,0.0,0.0,0.1739,0.4783,0.3478,0.0,0.0,0.9,0.1,0.0
human,2101.04967,math.DS,2021,11,16,1.4545,0.1875,0.1875,0.1875,0.125,0.125,0.3125,1,0.0,0.5556,0.25,49.0,0.0,0.875,0.0,0.0,0.125,0.1875,0.6875,0.0,0.0,0.7273,0.0,0.0
human,2101.05235,cs.CC,2021,30,57,2.1667,0.0,0.0,0.0175,0.0526,0.4386,0.4737,1.1404,0.0351,0.6,0.1692,26.0,0.1667,0.4667,0.0,0.0,0.4386,0.0,0.5614,0.0,0.0,1.0,0.0333,0.0
human,2101.05411,math.AP,2021,69,158,2.7536,0.519,0.443,0.519,0.1899,0.3165,0.4241,1.2025,0.0633,0.7391,0.2105,15.0,0.1364,0.2273,0.0,0.0,0.3165,0.0,0.6835,0.0,0.0,0.9565,0.1159,0.029
human,2101.05981,math.SG,2021,23,58,2.5217,0.0,0.0,0.1207,0.069,0.4483,0.5172,1,0.0,0.5217,0.1379,15,0.1304,0.1739,0.0,0.0,0.4483,0.0,0.5517,0.0,0.0,1.0,0.0435,0.0
human,2101.06361,cs.CC,2021,9,17,2.1111,0.4118,0.0,0.4118,0.0,0.7647,0.8824,1.1176,0.0,0.6667,0.3684,18.5,0.0,0.25,0.0,0.0,0.7647,0.0,0.2353,0.0,0.0,0.8889,0.1111,0.0
human,2101.06822,math.OA,2021,41,209,5.2683,0.6842,0.6124,0.7416,0.1579,0.1196,0.2201,1.0335,0.0048,0.3611,0.2546,12,0.0345,0.1724,0.0,0.0,0.1196,0.0,0.8804,0.0,0.0,0.7073,0.0,0.6829
human,2101.07198,math.FA,2021,25,34,1.44,0.0588,0.0,0.0588,0.1176,0.8235,0.7941,1.0588,0.0,0.5789,0.1667,29.5,0.0,0.5,0.0,0.0,0.8235,0.0,0.1765,0.0,0.0,0.88,0.0,0.0
human,2101.07236,math.DG,2021,48,61,1.5625,0.1967,0.0984,0.2131,0.082,0.2295,0.3934,1.2295,0.0492,0.6471,0.2267,23,0.1702,0.383,0.0,0.0,0.2295,0.0,0.6557,0.0,0.1148,0.9792,0.0,0.0
human,2101.07636,math.AG,2021,26,52,3.0769,0.0962,0.0385,0.0962,0.0,0.3462,0.3846,1.5385,0.1154,0.3462,0.125,9,0.16,0.04,0.0,0.0,0.3462,0.0,0.5,0.0,0.1538,0.9615,0.8077,0.0
human,2101.08191,math.NT,2021,16,30,2.4375,0.2333,0.2333,0.2667,0.1,0.3667,0.4667,1.3,0.1,0.3125,0.1538,12.0,0.375,0.125,0.0,0.0,0.3667,0.2,0.4333,0.0,0.0,1.0,0.0,0.25
human,2101.08302,math.OA,2021,27,33,1.5556,0.0909,0.0909,0.2121,0.1515,0.5152,0.5152,1.2727,0.0606,0.7407,0.1429,28.0,0.1538,0.4615,0.0,0.0,0.5152,0.0,0.4848,0.0,0.0,0.963,0.0,0.037
human,2101.08600,cs.CC,2021,17,25,1.6471,0.24,0.24,0.24,0.12,0.56,0.56,1.12,0.04,0.6471,0.1786,17,0.1765,0.1765,0.16,0.0,0.4,0.2,0.2,0.04,0.0,1.0,0.0588,0.5294
human,2101.08931,math.AG,2021,22,28,1.5455,0.3571,0.1071,0.3571,0.0,0.1786,0.4286,1.2143,0.0714,0.6364,0.1471,19.0,0.3636,0.2273,0.0,0.0,0.1786,0.1786,0.6429,0.0,0.0,1.0,0.2727,0.0
human,2101.09025,math.DG,2021,10,49,5.6,0.4898,0.3469,0.4898,0.2245,0.2857,0.3469,1.1429,0.0204,0.5,0.375,10.0,0.1,0.4,0.0,0.0,0.2857,0.102,0.5714,0.0,0.0408,1.0,0.4,0.0
human,2101.09410,math.AG,2021,14,38,2.7143,0.6842,0.4474,0.6842,0.1316,0.4211,0.5,1,0.0,0.6429,0.3684,7,0.4615,0.0769,0.0,0.0,0.4211,0.1842,0.3947,0.0,0.0,0.9286,0.1429,0.6429
human,2101.09881,math.OA,2021,32,29,0.9062,0.0,0.0,0.1724,0.069,0.7931,0.931,1,0.0,0.75,0.3103,13.5,0.0,0.0667,0.0,0.0,0.7931,0.2069,0.0,0.0,0.0,0.9375,0.125,0.0
human,2101.10306,math.SG,2021,27,52,2.3704,0.1538,0.0769,0.2308,0.0577,0.5385,0.5385,1.2308,0.0192,0.5185,0.2656,5,0.3704,0.1481,0.0,0.0,0.5385,0.4615,0.0,0.0,0.0,1.0,0.2963,0.4815
human,2101.10501,math.AG,2021,48,57,1.1875,0.0,0.0,0.0877,0.1579,0.3333,0.3684,1,0.0,0.7273,0.1754,41.0,0.0625,0.6458,0.0,0.0,0.3333,0.0,0.6667,0.0,0.0,1.0,0.0,0.0
human,2101.10529,math.CA,2021,18,24,1.5,0.3333,0.2917,0.3333,0.1667,0.5833,0.5417,1.125,0.0417,0.7778,0.2222,17.5,0.0556,0.3333,0.0,0.0,0.5833,0.0,0.4167,0.0,0.0,1.0,0.2222,0.0
human,2101.10533,math.PR,2021,105,173,2.2476,0.1792,0.0867,0.1792,0.0,0.2139,0.3931,1.3642,0.0578,0.5143,0.0508,14.0,0.0865,0.1827,0.0,0.0,0.2139,0.0925,0.6936,0.0,0.0,0.9905,0.0095,0.0
human,2101.10662,math.GR,2021,18,43,2.3889,0.3721,0.2558,0.3721,0.1395,0.3721,0.6279,1,0.0,0.5385,0.4419,37,0.0,0.6667,0.0,0.0,0.3721,0.2093,0.4186,0.0,0.0,0.8333,0.0,0.0
human,2101.12096,math-ph,2021,42,48,1.4524,0.0,0.0,0.0,0.0,0.4792,0.2292,1.2708,0.0833,0.7619,0.082,14.0,0.125,0.0,0.0,0.0,0.4792,0.0,0.375,0.1458,0.0,0.1905,0.0238,0.0
human,2102.00241,quant-ph,2021,23,33,1.9565,0.0,0.0,0.0303,0.0,0.3333,0.3636,1.3636,0.0606,0.8182,0.3333,16.0,0.1667,0.1667,0.0,0.0,0.3333,0.0,0.5152,0.1515,0.0,0.2609,0.0,0.0435
human,2102.00586,math.SP,2021,50,87,2.14,0.2529,0.2069,0.2529,0.0,0.3793,0.4023,1.2299,0.0345,0.6939,0.1495,16.0,0.1304,0.2391,0.0,0.0,0.3793,0.1034,0.5172,0.0,0.0,0.92,0.06,0.0
human,2102.00993,math.LO,2021,8,13,1.625,0.0,0.0,0.0,0.0,0.8462,1.0,1,0.0,0.625,0.2308,11.5,0.0,0.125,0.0,0.0,0.8462,0.0,0.1538,0.0,0.0,1.0,0.0,0.0
human,2102.01726,math.AG,2021,44,52,1.6818,0.2115,0.1923,0.25,0.2885,0.3077,0.4423,1.4231,0.1154,0.6591,0.0946,12.0,0.0455,0.1591,0.0,0.0,0.3077,0.0,0.6731,0.0192,0.0,1.0,0.0227,0.0
human,2102.02724,math.KT,2021,23,26,1.6957,0.4615,0.3846,0.4615,0.0769,0.4615,0.7692,1.5,0.0385,0.7826,0.3077,19.5,0.0,0.0,0.0385,0.0,0.4231,0.3077,0.2308,0.0,0.0,0.087,0.0,0.0435
human,2102.02782,math-ph,2021,29,32,1.5172,0.0,0.0,0.0938,0.0,0.4688,0.4688,1.375,0.0312,0.7241,0.0909,20,0.0345,0.2759,0.0,0.0,0.4688,0.0,0.5312,0.0,0.0,1.0,0.0345,0.0
human,2102.03274,cs.LG,2021,27,27,1.2593,0.0,0.0,0.0,0.0,0.0,0.6296,1.2593,0.0741,0.8889,0.1176,7,0.4444,0.037,0.0,0.0,0.0,0.3333,0.6667,0.0,0.0,1.0,0.0,0.0
human,2102.04386,math.CT,2021,21,36,1.7143,0.4444,0.3056,0.4444,0.0,0.2778,0.3056,1,0.0,0.5882,0.1667,17,0.1905,0.1429,0.0556,0.2222,0.0,0.0,0.5833,0.1389,0.0,1.0,0.2381,0.0
human,2102.04405,math.AG,2021,65,129,2.4154,0.5039,0.3798,0.5116,0.1318,0.3178,0.3101,1.2171,0.0388,0.5692,0.1019,12,0.1538,0.2769,0.0,0.0,0.3178,0.2403,0.3023,0.0,0.1395,1.0,0.0154,0.0
human,2102.04952,math.DS,2021,9,27,3.0,0.0,0.0,0.3704,0.037,0.7407,0.5926,1,0.0,0.6667,0.4815,12.0,0.125,0.0,0.0,0.0,0.7407,0.1481,0.037,0.0,0.0741,0.8889,0.1111,0.0
human,2102.05616,math.LO,2021,2,8,4.0,0.375,0.0,0.375,0.0,0.375,0.625,1,0.0,0.5,0.875,27.5,0.5,0.5,0.0,0.0,0.375,0.0,0.625,0.0,0.0,1.0,0.5,0.0
human,2102.06110,math.PR,2021,19,0,0.0,,,,,,,,,,,13,0.2632,0.2632,,,,,,,,1.0,0.0526,0.0
human,2102.06415,math.NT,2021,17,33,2.5294,0.3636,0.3333,0.4848,0.0303,0.4545,0.4545,1.303,0.0606,0.4706,0.186,7,0.2941,0.2941,0.0,0.0,0.4545,0.0,0.5455,0.0,0.0,1.0,0.1176,0.0
human,2102.07324,math.DS,2021,25,27,2.0,0.0,0.0,0.0,0.1111,0.6667,0.7407,1.8519,0.1852,0.5417,0.14,14,0.0,0.0,0.0,0.0,0.6667,0.0741,0.2593,0.0,0.0,1.0,0.04,0.0
human,2102.07367,math.OC,2021,33,49,2.1515,0.0408,0.0408,0.0408,0.0,0.5102,0.5102,1.449,0.1224,0.5938,0.2113,4,0.4242,0.1515,0.0,0.0,0.5102,0.1837,0.2041,0.102,0.0,1.0,0.0606,0.0303
human,2102.07842,math.CV,2021,2,4,2.0,0.5,0.5,0.5,0.5,0.25,0.25,1,0.0,0.5,0.6667,39.5,0.0,0.5,0.0,0.0,0.25,0.0,0.75,0.0,0.0,1.0,0.0,1.0
human,2102.08032,math.AG,2021,10,17,1.7,0.8824,0.7059,0.8824,0.7647,1.0,0.2353,1,0.0,0.8,0.4118,33.0,0.2,0.6,0.0,1.0,0.0,0.0,0.0,0.0,0.0,1.0,0.0,0.0
human,2102.08536,math.PR,2021,59,58,1.4576,0.0,0.0,0.1552,0.1552,0.7931,0.7069,1.4828,0.0517,0.5952,0.1047,14.0,0.15,0.1,0.0,0.0,0.7931,0.0345,0.1724,0.0,0.0,0.678,0.0678,0.0
human,2102.08861,math.AG,2021,15,59,3.9333,0.1695,0.1356,0.2373,0.1356,0.3051,0.4407,1,0.0,0.4667,0.322,35,0.0,0.6,0.0169,0.0,0.2881,0.0,0.6949,0.0,0.0,1.0,0.0,0.0
human,2102.09194,math.OC,2021,43,60,1.6047,0.0,0.0,0.0667,0.0,0.55,0.8667,1.15,0.0333,,,11,0.2558,0.1395,0.0,0.0,0.55,0.0,0.4167,0.0333,0.0,1.0,0.0,0.0233
human,2102.09263,math.AG,2021,12,25,2.0833,0.0,0.0,0.08,0.0,0.2,0.48,1,0.0,0.625,0.36,25.0,0.1667,0.4167,0.0,0.0,0.2,0.04,0.76,0.0,0.0,1.0,0.0,0.0
human,2102.10686,math.PR,2021,32,31,1.25,0.1935,0.0968,0.1935,0.0323,0.7097,0.871,1.2903,0.0323,0.8438,0.075,15,0.0968,0.2903,0.0,0.0,0.7097,0.0,0.2903,0.0,0.0,0.9688,0.0312,0.0
human,2102.11369,math.MG,2021,7,9,1.2857,0.0,0.0,0.0,0.3333,1.0,0.3333,1,0.0,0.6667,0.3333,17.0,0.1667,0.3333,0.0,1.0,0.0,0.0,0.0,0.0,0.0,0.8571,0.0,0.0
human,2102.12065,math.AP,2021,36,36,1.25,0.0,0.0,0.0,0.0833,0.8333,0.8056,1.25,0.0556,0.8611,0.1111,5.5,0.3056,0.0278,0.0,0.0,0.8333,0.1389,0.0278,0.0,0.0,1.0,0.1944,0.0833
human,2102.12235,math.GR,2021,23,35,1.6522,0.2,0.0857,0.2,0.1143,0.7714,0.8,1.0857,0.0286,0.7826,0.2105,7.5,0.2273,0.1364,0.0,0.0,0.7714,0.0286,0.2,0.0,0.0,0.9565,0.087,0.0
human,2102.13427,gr-qc,2021,26,24,1.3846,0.0,0.0,0.0,0.0,0.4583,0.5417,1.5,0.1667,0.8462,0.1389,4,0.48,0.24,0.0,0.0,0.4583,0.0,0.375,0.0417,0.125,0.9615,0.6923,0.0
human,2102.13510,math.AG,2021,34,36,1.5294,0.3889,0.3333,0.3889,0.1111,0.2778,0.3333,1.4444,0.1111,0.8235,0.1489,2.5,0.5455,0.0455,0.0,0.0,0.2778,0.0,0.7222,0.0,0.0,0.6471,0.0,0.0
human,2103.00106,math.NT,2021,11,43,3.9091,0.0,0.0,0.3488,0.4651,0.093,0.093,1,0.0,0.2727,0.2326,33,0.1818,0.6364,0.0,0.0,0.093,0.0,0.907,0.0,0.0,1.0,0.0909,0.0
human,2103.00282,math.AG,2021,34,93,3.0588,0.6667,0.5484,0.6667,0.1828,0.3548,0.3226,1.1183,0.0323,0.4412,0.1538,14,0.2727,0.3333,0.0,0.0,0.3548,0.2688,0.3763,0.0,0.0,0.9706,0.0588,0.0
human,2103.01139,math.DG,2021,28,41,2.1786,0.0,0.0,0.0,0.0,0.4146,0.561,1.4878,0.1463,0.4074,0.1803,8,0.2222,0.037,0.0,0.0,0.4146,0.0,0.561,0.0,0.0244,0.9643,0.0714,0.0357
human,2103.01647,math.AP,2021,34,33,1.3235,0.0,0.0,0.2727,0.0,0.5455,0.7273,1.3636,0.0909,0.6154,0.1333,6,0.2424,0.1212,0.0,0.0,0.5455,0.0,0.4545,0.0,0.0,0.9706,0.0294,0.0
human,2103.02180,math.AG,2021,7,21,3.4286,0.6667,0.6667,0.6667,0.2857,0.619,0.4286,1.1429,0.0,0.2857,0.3333,9,0.2857,0.1429,0.0,0.0,0.619,0.0,0.381,0.0,0.0,1.0,0.0,0.1429
human,2103.02412,math.AG,2021,37,64,1.7297,0.5,0.4062,0.5,0.1719,0.3594,0.4688,1,0.0,0.7429,0.2656,21.5,0.0556,0.4167,0.0312,0.0,0.3281,0.0,0.6406,0.0,0.0,0.973,0.0541,0.0
human,2103.02780,math.AG,2021,41,53,1.6585,0.6038,0.4717,0.6038,0.2642,0.283,0.4151,1.283,0.0755,0.6154,0.0882,17,0.1622,0.2973,0.0,0.0,0.283,0.3396,0.3774,0.0,0.0,0.9024,0.1463,0.0
human,2103.02915,math.AG,2021,34,103,3.5,0.6602,0.6117,0.6602,0.1748,0.2136,0.3398,1.1553,0.0291,0.4706,0.1513,11,0.1935,0.0645,0.0,0.2136,0.0,0.0,0.6311,0.0,0.1553,0.9118,0.1765,0.0
human,2103.02954,math.DG,2021,6,7,1.3333,0.0,0.0,0.0,0.0,0.4286,0.5714,1.1429,0.0,0.6667,0.25,9.0,0.1667,0.3333,0.0,0.0,0.4286,0.0,0.5714,0.0,0.0,1.0,0.1667,0.8333
human,2103.02986,math.AC,2021,54,73,1.5926,0.5479,0.4658,0.5479,0.137,0.2603,0.3014,1.1781,0.0411,0.7407,0.1047,25.0,0.1111,0.4259,0.0,0.0,0.2603,0.0,0.7397,0.0,0.0,1.0,0.0741,0.0
human,2103.03533,math.AP,2021,38,32,0.8421,0.0,0.0,0.0625,0.0,0.7188,0.7188,1,0.0,0.76,0.0938,16.5,0.0882,0.1176,0.0,0.0,0.7188,0.0,0.1562,0.125,0.0,0.8947,0.0,0.0
human,2103.03693,math.DG,2021,28,36,1.5714,0.0278,0.0278,0.0278,0.0278,0.4444,0.6389,1.2222,0.0833,0.6429,0.1364,16.0,0.1786,0.3214,0.0,0.0,0.4444,0.25,0.1389,0.1389,0.0278,1.0,0.0,0.0
human,2103.03952,math.AT,2021,23,44,2.0435,0.2727,0.2273,0.2955,0.2273,0.3864,0.4091,1.0682,0.0227,0.6957,0.2766,22,0.1304,0.3913,0.0,0.0,0.3864,0.0,0.6136,0.0,0.0,1.0,0.087,0.0
human,2103.04588,math.PR,2021,30,64,2.1333,0.6562,0.5781,0.6562,0.5625,0.375,0.4531,1,0.0,0.6,0.1875,24,0.1724,0.3793,0.0,0.0,0.375,0.0,0.625,0.0,0.0,0.9667,0.0333,0.0
human,2103.04659,math.AG,2021,27,68,2.5556,0.1176,0.0882,0.3382,0.2059,0.1765,0.2353,1.0147,0.0,0.4444,0.1014,11.5,0.1923,0.1538,0.0,0.0,0.1765,0.1029,0.7206,0.0,0.0,0.963,0.037,0.0
human,2103.04817,math.PR,2021,39,33,1.2051,0.0,0.0,0.2121,0.0606,0.7576,0.7273,1.4242,0.0606,0.8718,0.1064,4.5,0.4211,0.0526,0.0,0.0,0.7576,0.0,0.2424,0.0,0.0,0.9744,0.2564,0.5385
human,2103.04820,math-ph,2021,13,17,2.0,0.0,0.0,0.0,0.0,0.2353,0.5882,1.5294,0.1176,0.2727,0.1923,20,0.0769,0.1538,0.0,0.0,0.2353,0.2353,0.5294,0.0,0.0,1.0,0.0,0.0
human,2103.05517,math.DG,2021,39,68,1.7692,0.3676,0.2941,0.3676,0.0735,0.5735,0.6324,1.0147,0.0,0.6154,0.087,23,0.1538,0.4103,0.0,0.0,0.5735,0.1029,0.3235,0.0,0.0,1.0,0.0256,0.0256
human,2103.05593,cs.CC,2021,8,14,1.875,0.0714,0.0714,0.0714,0.0714,0.0,0.1429,1.0714,0.0,0.875,0.5333,6.5,0.125,0.125,0.0,0.0,0.0,0.0,1.0,0.0,0.0,1.0,0.25,0.0
human,2103.06216,math.OA,2021,42,60,1.4524,0.5333,0.4833,0.5667,0.3,0.2333,0.4167,1.0167,0.0,0.7381,0.082,19.0,0.0952,0.2857,0.0,0.0,0.2333,0.0,0.7667,0.0,0.0,1.0,0.0476,0.0
human,2103.06668,math.AP,2021,86,138,1.9884,0.1667,0.1449,0.1667,0.0,0.1014,0.558,1.2391,0.0435,0.6977,0.1637,12.0,0.2558,0.2209,0.0,0.0,0.1014,0.1739,0.558,0.1159,0.0507,1.0,0.0349,0.0
human,2103.06698,math.MG,2021,39,51,1.359,0.0,0.0,0.0196,0.0,0.7255,0.7059,1.0392,0.0,0.7895,0.1132,9,0.3077,0.4103,0.0392,0.0,0.6863,0.0588,0.2157,0.0,0.0,1.0,0.2564,0.2821
human,2103.07120,math.AG,2021,10,18,1.8,0.0,0.0,0.0556,0.0,0.6111,0.5,1,0.0,0.4,0.5,11.5,0.0,0.0,0.1667,0.0,0.4444,0.2778,0.1111,0.0,0.0,0.6,0.0,0.0
human,2103.07324,math.AG,2021,21,65,3.2857,0.6,0.4462,0.6,0.0,0.1846,0.4154,1.0615,0.0,0.2381,0.1449,12,0.2857,0.3333,0.0,0.0,0.1846,0.4923,0.3231,0.0,0.0,1.0,0.1429,0.5238
human,2103.07729,math.CV,2021,12,15,1.5833,0.0,0.0,0.0,0.0,0.8,0.7333,1.2667,0.0667,0.75,0.2105,7.5,0.4167,0.25,0.0,0.0,0.8,0.0,0.2,0.0,0.0,1.0,0.0,0.0
human,2103.07891,math.FA,2021,35,79,2.2857,0.3291,0.2911,0.4177,0.1392,0.2152,0.5063,1.0127,0.0,0.5429,0.175,18,0.0857,0.2,0.0,0.0,0.2152,0.0759,0.6962,0.0127,0.0,1.0,0.0286,0.0
human,2103.08283,math.PR,2021,13,18,1.3846,0.2222,0.1111,0.2222,0.0,0.7222,0.7222,1,0.0,0.8462,0.2222,7,0.1538,0.2308,0.0556,0.0,0.6667,0.1667,0.1111,0.0,0.0,1.0,0.0,0.0
human,2103.08589,cs.CC,2021,37,45,1.5676,0.0,0.0,0.0,0.0444,0.8,0.4,1.2889,0.0667,0.8108,0.1379,13.5,0.25,0.1944,0.0,0.0,0.8,0.1333,0.0667,0.0,0.0,0.973,0.0,0.0
human,2103.08743,cs.CC,2021,41,57,2.3659,0.0,0.0,0.0,0.0,0.8947,0.6316,1.7018,0.1404,0.5122,0.0928,9,0.1463,0.0244,0.0,0.0,0.8947,0.1053,0.0,0.0,0.0,1.0,0.0,0.0
human,2103.08868,math.PR,2021,23,34,1.6087,0.2941,0.2941,0.3824,0.0882,0.4412,0.4706,1.0882,0.0294,0.6667,0.2973,8,0.2381,0.1905,0.0,0.0,0.4412,0.2353,0.3235,0.0,0.0,0.913,0.087,0.0435
human,2103.09114,math.CO,2021,29,42,1.6552,0.2619,0.2619,0.3095,0.0,0.5714,0.5952,1.1429,0.0238,0.7241,0.125,11.0,0.1071,0.1786,0.0,0.0,0.5714,0.0238,0.4048,0.0,0.0,0.9655,0.0345,0.0
human,2103.09349,math.PR,2021,37,83,2.6486,0.2048,0.1325,0.2048,0.0723,0.3735,0.3735,1.1807,0.012,0.5946,0.1778,11,0.0541,0.1351,0.0,0.3735,0.0,0.0,0.6265,0.0,0.0,1.0,0.2162,0.0
human,2103.09770,math.PR,2021,24,34,1.7917,0.5,0.3824,0.5,0.1176,0.2941,0.3529,1.2647,0.0294,0.7083,0.2093,13.0,0.1818,0.1364,0.0,0.0,0.2941,0.1471,0.5588,0.0,0.0,0.9167,0.0417,0.5
human,2103.09980,math.PR,2021,45,45,1.5556,0.0222,0.0,0.1111,0.1111,0.3778,0.4667,1.5556,0.1556,0.6667,0.0714,12.0,0.2273,0.1591,0.0,0.0,0.3778,0.0,0.6222,0.0,0.0,0.9778,0.1778,0.6889
human,2103.10246,cs.GT,2021,40,73,2.45,0.0,0.0,0.0822,0.1918,0.6438,0.2329,1.3425,0.0959,0.3947,0.1122,8.0,0.225,0.025,0.0274,0.0,0.6164,0.0,0.3562,0.0,0.0,1.0,0.075,0.275
human,2103.10407,math.GR,2021,13,16,1.3846,0.125,0.125,0.1875,0.25,0.25,0.25,1.125,0.0625,0.8462,0.2778,20,0.1538,0.2308,0.0,0.0,0.25,0.5625,0.1875,0.0,0.0,1.0,0.0,0.0
human,2103.10666,math-ph,2021,26,25,1.6538,0.0,0.0,0.0,0.0,0.52,0.56,1.72,0.2,0.6154,0.1163,17,0.04,0.12,0.0,0.0,0.52,0.0,0.48,0.0,0.0,0.9615,0.1923,0.0
human,2103.11009,quant-ph,2021,27,13,1.5926,0.0,0.0,0.0,0.0,0.5385,0.5385,3.3077,0.3846,0.5556,0.0698,15,0.1852,0.037,0.0,0.0,0.5385,0.0,0.1538,0.3077,0.0,1.0,0.0,0.0
human,2103.11510,math.QA,2021,38,78,2.3158,0.3718,0.2821,0.3718,0.1667,0.3333,0.6026,1.1282,0.0385,0.5588,0.2386,20,0.1714,0.2571,0.0,0.0,0.3333,0.1026,0.5641,0.0,0.0,0.9211,0.0263,0.0
human,2103.11872,math.PR,2021,60,51,1.4167,0.2941,0.1961,0.3137,0.2353,0.5882,0.4706,1.6667,0.0588,0.8333,0.1294,10.5,0.3333,0.25,0.0,0.0,0.5882,0.0,0.2745,0.0,0.1373,1.0,0.1667,0.0
human,2103.12534,cs.LG,2021,21,30,1.5714,0.0,0.0,0.0,0.0,0.3667,0.4333,1.1,0.0,0.8095,0.1818,4,0.381,0.0952,0.0,0.0,0.3667,0.0,0.5333,0.1,0.0,1.0,0.0,0.0
human,2103.12658,math.CO,2021,7,20,2.8571,0.0,0.0,0.25,0.15,0.5,0.65,1,0.0,0.4286,0.35,25.0,0.1667,0.3333,0.0,0.0,0.5,0.0,0.5,0.0,0.0,0.8571,0.0,0.0
human,2103.12769,math.MG,2021,27,31,1.5185,0.0,0.0,0.0,0.0968,0.7097,0.7097,1.3226,0.0645,0.5556,0.1707,20,0.0741,0.2222,0.1935,0.0,0.5161,0.0,0.129,0.1613,0.0,1.0,0.0,0.1852
human,2103.13071,math.FA,2021,47,64,1.8298,0.375,0.2969,0.4062,0.25,0.4531,0.5,1.3438,0.0781,0.6596,0.0814,17,0.1702,0.2128,0.0,0.0,0.4531,0.0781,0.4688,0.0,0.0,1.0,0.0638,0.0
human,2103.13468,math.AT,2021,54,92,1.9815,0.5978,0.4565,0.5978,0.2717,0.25,0.4783,1.163,0.0543,0.537,0.0561,27.5,0.1346,0.4808,0.0,0.25,0.0,0.0,0.75,0.0,0.0,0.963,0.0556,0.0
human,2103.13531,math.DG,2021,4,10,2.5,0.0,0.0,0.3,0.4,0.4,0.5,1,0.0,0.5,0.5,11.0,0.0,0.0,0.0,0.0,0.4,0.0,0.5,0.1,0.0,1.0,0.0,0.0
human,2103.14631,math.PR,2021,31,47,1.7419,0.3617,0.2553,0.3617,0.0,0.5745,0.5745,1.1489,0.0426,0.4828,0.0926,13,0.1935,0.0968,0.0,0.0,0.5745,0.0,0.3617,0.0638,0.0,1.0,0.0323,0.0
human,2103.14940,math.AP,2021,45,37,1.5111,0.0,0.0,0.0,0.0811,0.6486,0.6757,1.8378,0.2162,0.7333,0.0735,18.5,0.0909,0.1818,0.0,0.0,0.6486,0.0,0.3243,0.027,0.0,0.9778,0.0,0.8
human,2103.15257,math.GR,2021,14,35,2.5714,0.6571,0.0286,0.6571,0.4,0.5143,0.2857,1.0286,0.0,0.5714,0.2778,17.5,0.0714,0.1429,0.0,0.0,0.5143,0.0,0.4857,0.0,0.0,1.0,0.0,0.0
human,2103.16430,math.PR,2021,14,18,1.3571,0.2222,0.2222,0.2222,0.1111,0.7222,0.7222,1.0556,0.0,0.8571,0.2105,3.0,0.5714,0.0714,0.0,0.0,0.7222,0.1667,0.1111,0.0,0.0,1.0,0.0714,0.0
human,2103.16763,math.AG,2021,8,15,1.875,0.2,0.2,0.2,0.1333,0.5333,0.5333,1,0.0,0.625,0.2667,8.5,0.25,0.125,0.0,0.0,0.5333,0.0,0.4667,0.0,0.0,1.0,0.0,0.75
human,2104.00529,math.PR,2021,13,58,4.4615,0.0,0.0,0.431,0.0,0.069,0.2931,1,0.0,0.4615,0.5517,15,0.3846,0.4615,0.069,0.0,0.0,0.0,0.6552,0.1034,0.1724,1.0,0.1538,0.0
human,2104.00591,math.AG,2021,14,29,2.0714,0.6897,0.5172,0.6897,0.0,0.2759,0.931,1,0.0,0.6429,0.2759,24.0,0.0714,0.3571,0.0,0.0,0.2759,0.5517,0.1724,0.0,0.0,1.0,0.0,0.0
human,2104.00737,math.PR,2021,39,69,2.1538,0.3043,0.2899,0.3188,0.0,0.3043,0.5362,1.2174,0.029,0.3235,0.119,12,0.2432,0.1892,0.0145,0.0,0.2899,0.0,0.6957,0.0,0.0,0.9487,0.1026,0.0
human,2104.00745,quant-ph,2021,36,33,1.6667,0.0,0.0,0.0303,0.0,0.1818,0.3636,1.8182,0.1818,0.6944,0.15,10.5,0.1944,0.2222,0.0,0.0,0.1818,0.0,0.7879,0.0303,0.0,1.0,0.0278,0.75
human,2104.00992,math.CA,2021,3,3,1.0,0.0,0.0,0.0,0.0,1.0,1.0,1,0.0,1.0,0.3333,58,0.0,1.0,0.0,0.0,1.0,0.0,0.0,0.0,0.0,1.0,0.0,0.0
human,2104.01187,math.CA,2021,44,50,1.7273,0.36,0.18,0.36,0.34,0.46,0.5,1.52,0.1,0.7955,0.2237,12.5,0.0714,0.1905,0.0,0.0,0.46,0.38,0.16,0.0,0.0,0.9545,0.0,0.0
human,2104.02007,math.CV,2021,7,14,2.0,0.0,0.0,0.2857,0.0714,0.8571,0.6429,1,0.0,0.5714,0.2857,13,0.0,0.0,0.0,0.0,0.8571,0.0,0.1429,0.0,0.0,1.0,0.0,0.0
human,2104.02190,math.DS,2021,29,41,1.7241,0.0,0.0,0.1951,0.0244,0.2439,0.3659,1.2195,0.0732,0.6207,0.14,17,0.1034,0.3448,0.0,0.0,0.2439,0.0732,0.6098,0.0732,0.0,1.0,0.069,0.0
human,2104.02524,math.PR,2021,50,58,1.58,0.0,0.0,0.0172,0.1034,0.2759,0.5345,1.3621,0.1034,0.5405,0.125,30.5,0.0435,0.5217,0.0,0.0,0.2759,0.0,0.7241,0.0,0.0,0.92,0.02,0.0
human,2104.02620,math.AG,2021,8,18,2.25,0.0,0.0,0.2222,0.1667,0.7222,0.7778,1,0.0,0.75,0.5556,70.5,0.125,0.625,0.0,0.0,0.7222,0.0,0.2778,0.0,0.0,1.0,0.5,0.0
human,2104.02919,math.AG,2021,21,137,6.5238,0.6058,0.1241,0.6058,0.0,0.1168,0.4964,1,0.0,0.4211,0.292,12.0,0.1429,0.1429,0.0,0.0,0.1168,0.3942,0.4891,0.0,0.0,0.6667,0.0,0.0
human,2104.03377,math.AC,2021,11,45,4.0909,0.8444,0.8,0.8444,0.4889,0.1111,0.4444,1,0.0,0.5455,0.6444,47,0.0909,0.5455,0.0,0.0,0.1111,0.2444,0.6444,0.0,0.0,1.0,0.0,0.5455
human,2104.03477,math.AP,2021,29,41,1.4483,0.2683,0.0488,0.3171,0.0,0.2683,0.4634,1.0244,0.0,0.625,0.119,12.5,0.0357,0.2143,0.0,0.0,0.2683,0.0,0.7317,0.0,0.0,0.9655,0.0345,0.0
human,2104.04038,math.AG,2021,31,61,2.3871,0.5574,0.5082,0.5902,0.1311,0.459,0.541,1.2131,0.0492,0.7097,0.1757,11.0,0.2333,0.3,0.0492,0.0,0.4098,0.0,0.541,0.0,0.0,0.9677,0.0645,0.0
human,2104.04801,math.DG,2021,17,19,1.1765,0.0,0.0,0.0,0.0,0.7895,0.6842,1.0526,0.0,0.8235,0.1,10,0.0,0.1176,0.0,0.0,0.7895,0.2105,0.0,0.0,0.0,1.0,0.1176,0.0
human,2104.04860,math.OA,2021,31,79,2.5484,0.0886,0.0127,0.1266,0.1899,0.1772,0.3544,1,0.0,0.6452,0.2405,39,0.0968,0.6129,0.0,0.0,0.1772,0.1392,0.6835,0.0,0.0,1.0,0.0,0.0323
human,2104.04865,math.DS,2021,62,173,2.9355,0.5491,0.2948,0.5665,0.1503,0.1561,0.3064,1.052,0.0173,0.5968,0.1989,34.5,0.0968,0.5484,0.0,0.0,0.1561,0.0,0.8439,0.0,0.0,1.0,0.0806,0.0
human,2104.05091,cs.DS,2021,8,8,1.0,0.0,0.0,0.0,0.0,0.0,0.0,1,0.0,1.0,0.125,34.5,0.125,0.625,0.0,0.0,0.0,0.0,1.0,0.0,0.0,1.0,0.0,0.0
human,2104.05975,math.CO,2021,7,7,1.2857,0.0,0.0,0.0,0.0,0.7143,0.8571,1.2857,0.1429,0.7143,0.2222,14,0.4286,0.2857,0.0,0.0,0.7143,0.0,0.2857,0.0,0.0,1.0,0.0,0.0
human,2104.06369,math.FA,2021,15,32,2.2667,0.5312,0.5312,0.5312,0.2188,0.0625,0.25,1.0625,0.0,0.4,0.2059,8,0.1333,0.1333,0.0,0.0,0.0625,0.0,0.9375,0.0,0.0,1.0,0.0,0.0
human,2104.07549,math.AG,2021,37,79,2.1351,0.0,0.0,0.3924,0.1013,0.4051,0.4557,1,0.0,0.5405,0.1392,25,0.1081,0.2703,0.0,0.0,0.4051,0.1013,0.4937,0.0,0.0,1.0,0.1081,0.0
human,2104.07698,math.PR,2021,13,42,3.3077,0.3571,0.2619,0.3571,0.0238,0.3095,0.7857,1.0238,0.0,0.4615,0.3256,22,0.0769,0.4615,0.0,0.0,0.3095,0.4762,0.2143,0.0,0.0,1.0,0.0769,0.0
human,2104.07733,math.AG,2021,6,44,7.3333,0.0,0.0,0.0909,0.1364,0.2045,0.7045,1,0.0,0.3333,0.5,30.0,0.1667,0.5,0.0,0.0,0.2045,0.0,0.7955,0.0,0.0,1.0,0.0,0.0
human,2104.07999,math.CO,2021,21,39,1.9524,0.2821,0.2564,0.359,0.1538,0.4103,0.5385,1.0513,0.0256,0.4118,0.1951,17,0.1429,0.2381,0.0513,0.0,0.359,0.0513,0.4872,0.0513,0.0,1.0,0.0,0.0
human,2104.08748,math.DG,2021,28,33,1.1786,0.0,0.0,0.0,0.2121,0.303,0.4848,1,0.0,0.6667,0.4545,14,0.1481,0.2963,0.0,0.0,0.303,0.0909,0.6061,0.0,0.0,0.9643,0.0357,0.0
human,2104.09662,math.AG,2021,44,180,4.0909,0.3778,0.2444,0.3778,0.0,0.15,0.3889,1,0.0,0.4091,0.1389,23.5,0.0227,0.4091,0.0111,0.0,0.1389,0.0,0.85,0.0,0.0,1.0,0.0455,0.5682
human,2104.10045,math.DG,2021,16,19,1.75,0.4737,0.4737,0.4737,0.1579,0.5263,0.5263,1.4737,0.1579,0.8125,0.3214,14.0,0.1875,0.25,0.0,0.0,0.5263,0.0526,0.3684,0.0,0.0526,1.0,0.1875,0.0
human,2104.11938,math.GT,2021,9,13,1.4444,0.1538,0.0769,0.1538,0.0,0.5385,0.5385,1,0.0,0.6667,0.2308,11,0.2857,0.1429,0.0,0.0,0.5385,0.1538,0.3077,0.0,0.0,0.7778,0.2222,0.0
human,2104.11971,math.PR,2021,10,0,0.0,,,,,,,,,,,16.5,0.2,0.4,,,,,,,,1.0,0.0,0.0
human,2104.12458,math.MG,2021,9,9,1.2222,0.0,0.0,0.0,0.0,1.0,0.5556,1.2222,0.1111,0.7778,0.1818,18,0.2222,0.2222,0.0,1.0,0.0,0.0,0.0,0.0,0.0,1.0,0.3333,0.0
human,2104.12716,math.PR,2021,33,37,1.5455,0.3784,0.2973,0.3784,0.1351,0.4865,0.5676,1.3784,0.1081,0.8182,0.1176,9.5,0.125,0.3125,0.0,0.0,0.4865,0.0,0.4324,0.0,0.0811,0.9697,0.2121,0.0
human,2104.13422,math.RT,2021,28,91,3.25,0.044,0.033,0.6484,0.3626,0.0769,0.6593,1,0.0,0.8125,0.5495,7,0.2941,0.1765,0.0,0.0,0.0769,0.3626,0.5604,0.0,0.0,0.6071,0.0,0.0
human,2104.15116,math.NT,2021,6,7,1.1667,0.0,0.0,0.1429,0.0,0.1429,0.1429,1,0.0,0.8333,0.2857,15.0,0.1667,0.0,0.0,0.0,0.1429,0.0,0.8571,0.0,0.0,1.0,0.3333,0.0
human,2105.00608,math.PR,2021,14,25,2.0,0.0,0.0,0.12,0.0,0.52,0.52,1.12,0.04,0.4286,0.1429,29.5,0.0,0.5,0.0,0.0,0.52,0.12,0.36,0.0,0.0,1.0,0.0,0.3571
human,2105.00986,math.KT,2021,35,28,0.8286,0.3929,0.3929,0.3929,0.0714,0.6429,0.8214,1.0357,0.0,0.5333,0.2414,13,0.129,0.129,0.1071,0.0,0.5357,0.1786,0.1786,0.0,0.0,0.8857,0.0,0.0
human,2105.01086,math.RT,2021,51,52,1.5098,0.0,0.0,0.0577,0.0,0.3269,0.4038,1.4808,0.1538,0.6275,0.0519,8,0.3922,0.2157,0.0192,0.0,0.3077,0.0,0.4231,0.25,0.0,1.0,0.6275,0.8039
human,2105.01873,math.LO,2021,110,155,2.0636,0.4129,0.2065,0.4258,0.0581,0.1226,0.5032,1.4645,0.1161,0.6422,0.1145,19,0.1193,0.3028,0.0,0.0,0.1226,0.0,0.7871,0.0903,0.0,0.9909,0.0,0.0
human,2105.02384,quant-ph,2021,14,18,1.5714,0.0,0.0,0.0,0.0,0.2222,0.3333,1.2222,0.0556,0.8571,0.3636,17.0,0.0714,0.3571,0.0556,0.0,0.1667,0.0,0.7778,0.0,0.0,1.0,0.0,0.0
human,2105.02385,math.PR,2021,13,26,2.1538,0.1538,0.1538,0.1538,0.2308,0.8462,0.6538,1.0769,0.0,0.6154,0.2143,12,0.3077,0.3077,0.0,0.0,0.8462,0.0,0.1538,0.0,0.0,1.0,0.0769,0.0
human,2105.02567,math.DS,2021,27,40,1.8148,0.0,0.0,0.0,0.05,0.7,0.8,1.225,0.05,0.5556,0.102,28,0.037,0.4815,0.0,0.0,0.7,0.0,0.3,0.0,0.0,1.0,0.037,0.0
human,2105.02607,math.PR,2021,21,37,2.0,0.6216,0.2162,0.6216,0.1351,0.4054,0.3514,1.1351,0.0541,0.65,0.1429,11,0.1176,0.2941,0.027,0.0,0.3784,0.0541,0.4054,0.0,0.1351,0.8095,0.0,0.1905
human,2105.02677,math.CO,2021,18,20,1.3333,0.0,0.0,0.0,0.0,0.65,0.8,1.2,0.05,0.7647,0.1667,22,0.0588,0.3529,0.05,0.0,0.6,0.0,0.35,0.0,0.0,0.9444,0.0556,0.0
human,2105.02736,cs.DS,2021,17,30,2.1176,0.0667,0.0333,0.0667,0.0333,0.5,0.5,1.2,0.0333,0.5882,0.1667,4,0.4706,0.1765,0.0,0.0,0.5,0.0,0.3667,0.1333,0.0,1.0,0.0,0.0
human,2105.03466,math.CO,2021,36,37,1.1667,0.2973,0.2162,0.2973,0.1892,0.4054,0.5405,1.1351,0.027,0.6154,0.0952,21.0,0.0625,0.2812,0.0,0.0,0.4054,0.0,0.5946,0.0,0.0,0.8889,0.0,0.0
human,2105.04440,math.PR,2021,29,45,1.6897,0.0,0.0,0.0667,0.1111,0.5556,0.5778,1.0889,0.0,0.7931,0.1837,10,0.2069,0.1034,0.0,0.0,0.5556,0.0222,0.4222,0.0,0.0,1.0,0.069,0.0
human,2105.04498,math-ph,2021,32,10,1.1562,0.0,0.0,0.2,0.0,0.0,0.1,3.7,0.2,0.8,0.3333,17.5,0.1071,0.25,0.0,0.0,0.0,0.1,0.0,0.0,0.9,0.875,0.0312,0.0
human,2105.04970,math-ph,2021,52,30,1.1154,0.0,0.0,0.0,0.0333,0.8667,0.6667,1.9333,0.2667,0.6389,0.069,33,0.0606,0.5152,0.0,0.8667,0.0,0.0,0.0,0.0,0.1333,0.6346,0.0577,0.0
human,2105.05073,math.PR,2021,27,15,1.037,0.0,0.0,0.0,0.0,1.0,0.9333,1.8667,0.2,0.963,0.0714,7,0.2222,0.037,0.0,0.0,1.0,0.0,0.0,0.0,0.0,1.0,0.0,0.0
human,2105.05587,math.OA,2021,60,95,1.8167,0.4105,0.3368,0.4105,0.1684,0.2316,0.4421,1.1474,0.0316,0.6667,0.1193,23.0,0.05,0.3333,0.0,0.0,0.2316,0.2,0.5684,0.0,0.0,1.0,0.0333,0.0
human,2105.05663,math.DG,2021,21,21,1.381,0.0,0.0,0.0476,0.0952,0.5714,0.5714,1.381,0.0476,0.9048,0.2069,9,0.0476,0.1905,0.0,0.0,0.5714,0.0,0.4286,0.0,0.0,1.0,0.0476,0.0476
human,2105.06131,cs.DS,2021,19,43,2.3684,0.0,0.0,0.0,0.0,0.6279,0.6977,1.0465,0.0,0.4444,0.2667,18.0,0.0556,0.2222,0.0,0.0,0.6279,0.0,0.3721,0.0,0.0,0.9474,0.0,0.6842
human,2105.06472,math.AP,2021,49,55,1.6735,0.2727,0.2545,0.3455,0.0,0.5818,0.5818,1.4909,0.0909,0.7143,0.0976,8,0.2245,0.102,0.0182,0.0,0.5636,0.0,0.1455,0.0,0.2727,1.0,0.0,0.0
human,2105.07188,math.DS,2021,29,33,1.5862,0.0,0.0,0.0606,0.0,0.6061,0.6667,1.3939,0.1515,0.7586,0.1739,16,0.2069,0.2759,0.0,0.0,0.6061,0.0,0.3333,0.0606,0.0,1.0,0.0,0.0
human,2105.07234,math.GR,2021,16,41,2.5625,0.0,0.0,0.4634,0.0,0.439,0.6098,1,0.0,0.6875,0.4634,3,0.5333,0.0667,0.0,0.0,0.439,0.1463,0.4146,0.0,0.0,0.9375,0.0,0.0
human,2105.07818,math.CV,2021,11,22,2.0,0.0,0.0,0.0455,0.0,0.1818,0.2727,1,0.0,0.4545,0.2273,5.0,0.5,0.2,0.0,0.0,0.1818,0.7273,0.0909,0.0,0.0,0.9091,0.3636,0.0
human,2105.07999,math.FA,2021,21,7,0.7143,0.0,0.0,0.0,0.0,1.0,1.0,2.1429,0.1429,0.9286,0.1333,21,0.0,0.3158,0.0,0.0,1.0,0.0,0.0,0.0,0.0,0.9048,0.0,0.0
human,2105.09056,math.OA,2021,22,23,1.5,0.0,0.0,0.0,0.0,0.3478,0.6957,1.4348,0.087,0.7727,0.1515,16.5,0.1818,0.0455,0.0,0.0,0.3478,0.3478,0.2609,0.0,0.0435,1.0,0.0909,0.0
human,2105.09639,math.OA,2021,16,31,2.0625,0.0,0.0,0.1613,0.0,0.3871,0.4194,1.0645,0.0,0.5625,0.3333,16.0,0.125,0.1875,0.0,0.0,0.3871,0.0,0.6129,0.0,0.0,1.0,0.0625,0.0
human,2105.09804,math.CA,2021,9,13,1.4444,0.3846,0.3077,0.3846,0.3846,0.3077,0.3077,1,0.0,0.6667,0.2308,32.5,0.25,0.625,0.0,0.0,0.3077,0.0,0.6923,0.0,0.0,0.8889,0.1111,0.0
human,2105.09986,math.AG,2021,9,13,1.4444,0.1538,0.0,0.1538,0.1538,0.2308,0.3846,1,0.0,0.6667,0.2308,19,0.0,0.1429,0.0,0.0,0.2308,0.0769,0.6923,0.0,0.0,0.7778,0.0,0.0
human,2105.11428,math.DG,2021,19,23,1.4211,0.0,0.0,0.0435,0.087,0.5217,0.5217,1.1739,0.0435,0.4667,0.1481,11.5,0.1111,0.0556,0.0,0.0,0.5217,0.3043,0.1739,0.0,0.0,0.9474,0.0526,0.1053
human,2105.11637,math.GR,2021,20,28,2.1,0.3571,0.3214,0.3571,0.0,0.6071,0.6071,1.5,0.0714,0.6,0.119,8.5,0.15,0.25,0.0,0.0,0.6071,0.2143,0.1786,0.0,0.0,1.0,0.0,0.0
human,2105.12407,cs.DS,2021,24,29,1.5,0.2069,0.2069,0.2069,0.1034,0.5517,0.7586,1.2414,0.0345,0.625,0.1111,13,0.1304,0.1739,0.0,0.0,0.5517,0.069,0.2414,0.1379,0.0,0.9583,0.0,0.9167
human,2105.12416,math.PR,2021,24,37,1.5417,0.0,0.0,0.1081,0.0541,0.8378,0.6757,1,0.0,0.7391,0.1081,31.0,0.0,0.625,0.0,0.0,0.8378,0.0,0.1622,0.0,0.0,1.0,0.0,0.0
human,2105.12417,math.AG,2021,21,77,3.7143,0.8182,0.6104,0.8182,0.3896,0.0909,0.2857,1.013,0.0,0.5238,0.2179,7.5,0.3,0.05,0.0,0.0,0.0909,0.0,0.9091,0.0,0.0,0.9524,0.1429,0.0
human,2105.12861,math.AG,2021,19,53,2.7895,0.7925,0.6038,0.7925,0.5472,1.0,0.3019,1,0.0,0.5263,0.1887,36,0.1579,0.6316,0.0,1.0,0.0,0.0,0.0,0.0,0.0,1.0,0.0,0.0
human,2105.13028,math.AG,2021,40,191,4.85,0.7225,0.6702,0.7225,0.3874,0.0733,0.3194,1.0157,0.0052,0.425,0.232,6.0,0.35,0.2,0.0,0.0,0.0733,0.0,0.9267,0.0,0.0,1.0,0.175,0.0
human,2105.13051,math.DG,2021,46,35,0.8261,0.3714,0.2571,0.3714,0.0,0.3714,0.4,1.0857,0.0286,0.6667,0.1842,15.5,0.0682,0.3409,0.0,0.0,0.3714,0.3143,0.3143,0.0,0.0,0.9565,0.0435,0.0
human,2105.13446,math.PR,2021,33,30,1.1212,0.0,0.0,0.0667,0.0333,0.5667,0.7333,1.2333,0.0333,0.8788,0.0541,10,0.1515,0.1515,0.0,0.0,0.5667,0.0,0.4333,0.0,0.0,1.0,0.0303,0.8788
human,2105.13916,math.PR,2021,21,28,1.3333,0.25,0.0714,0.25,0.1071,0.75,0.6429,1,0.0,0.9048,0.1786,7,0.2857,0.0476,0.0,0.0,0.75,0.2143,0.0357,0.0,0.0,1.0,0.0952,0.0
human,2105.14928,math.PR,2021,12,26,2.25,0.0,0.0,0.0,0.1154,0.1923,0.3462,1.0385,0.0,0.6667,0.4074,2.5,0.5833,0.0,0.0,0.0,0.1923,0.1538,0.6538,0.0,0.0,1.0,0.0833,0.0
human,2105.14985,gr-qc,2021,15,18,1.4,0.0,0.0,0.0,0.0,0.5556,0.5556,1.1667,0.0,0.3333,0.1429,27.5,0.0,0.4167,0.0,0.5556,0.0,0.0,0.2222,0.2222,0.0,0.8,0.0667,0.0
human,2106.00049,math.MG,2021,28,22,1.2857,0.0909,0.0,0.2273,0.0455,0.2727,0.4091,1.6364,0.1364,0.8214,0.1111,12.5,0.1786,0.2143,0.0,0.0,0.2727,0.0,0.7273,0.0,0.0,1.0,0.0,0.0
human,2106.00064,quant-ph,2021,48,0,0.0,,,,,,,,,,,27.5,0.0625,0.4583,,,,,,,,1.0,0.0625,0.0
human,2106.00271,math.OA,2021,26,54,2.0769,0.0,0.0,0.1111,0.1667,0.2778,0.4074,1,0.0,0.5714,0.2407,13.0,0.0769,0.2308,0.037,0.0,0.2407,0.3148,0.4074,0.0,0.0,1.0,0.0,0.0
human,2106.00587,math.CO,2021,44,57,1.4773,0.1053,0.0,0.1053,0.0,0.7193,0.6842,1.1404,0.0351,0.6136,0.0615,11.5,0.1591,0.2955,0.0,0.0,0.7193,0.0,0.193,0.0877,0.0,1.0,0.0227,0.0
human,2106.01037,math.CO,2021,11,44,5.0909,0.4545,0.4318,0.4545,0.0227,0.6364,0.4091,1.2727,0.0682,0.4545,0.4107,41,0.0909,0.7273,0.0682,0.0,0.5682,0.0,0.3636,0.0,0.0,1.0,0.0,0.8182
human,2106.01079,cs.DS,2021,32,35,1.9062,0.0,0.0,0.0,0.0,0.5429,0.4857,1.7429,0.1429,0.6562,0.1803,2,0.6774,0.0323,0.0,0.0,0.5429,0.0571,0.4,0.0,0.0,0.9688,0.2188,0.5
human,2106.01241,math.PR,2021,23,30,1.3043,0.0,0.0,0.0667,0.0,0.8333,0.9,1,0.0,0.913,0.2333,19,0.087,0.2609,0.0,0.0,0.8333,0.1,0.0667,0.0,0.0,1.0,0.0,0.6522
human,2106.01422,math.PR,2021,17,38,2.5294,0.3947,0.3421,0.5,0.2632,0.2895,0.5,1.1316,0.0526,0.5294,0.1905,12,0.1765,0.2353,0.0263,0.0,0.2632,0.0,0.7105,0.0,0.0,1.0,0.0,0.0
human,2106.01851,math.PR,2021,14,28,2.2143,0.1071,0.0714,0.3571,0.2143,0.3929,0.4643,1.1071,0.0,0.2857,0.129,9.0,0.2143,0.0,0.1429,0.0,0.25,0.3929,0.2143,0.0,0.0,1.0,0.0,0.0714
human,2106.03724,cs.GT,2021,46,67,1.6522,0.0,0.0,0.0149,0.0149,0.7612,0.7612,1.1343,0.0448,0.6739,0.0789,10.0,0.1304,0.1522,0.0,0.0,0.7612,0.0896,0.1493,0.0,0.0,1.0,0.0,0.0
human,2106.03900,math.AC,2021,13,23,1.7692,0.6087,0.5652,0.6087,0.3478,0.2609,0.4348,1,0.0,0.5385,0.2609,9.5,0.4167,0.1667,0.0,0.0,0.2609,0.0,0.7391,0.0,0.0,0.9231,0.0769,0.0
human,2106.04872,math.AG,2021,37,45,1.6486,0.2444,0.2,0.2444,0.4667,0.2,0.4667,1.3556,0.0667,0.6471,0.1311,17,0.1818,0.3333,0.0222,0.0,0.1778,0.0,0.8,0.0,0.0,0.8919,0.1081,0.0
human,2106.04955,math.AP,2021,11,24,2.1818,0.5833,0.4583,0.5833,0.125,0.5,0.7083,1,0.0,0.3333,0.3333,18,0.1111,0.1111,0.0,0.0,0.5,0.0,0.5,0.0,0.0,0.8182,0.0909,0.0
human,2106.05496,math.AG,2021,51,184,4.0,0.6304,0.4837,0.6304,0.1522,0.2772,0.4674,1.1087,0.0163,0.4902,0.299,9.0,0.0909,0.1364,0.0,0.0,0.2772,0.3913,0.3315,0.0,0.0,0.8627,0.2353,0.0
human,2106.06904,math.DG,2021,66,179,2.803,0.5363,0.514,0.6369,0.3743,0.2235,0.5363,1.0335,0.0,0.4118,0.1892,10.5,0.2241,0.0345,0.0112,0.0,0.2123,0.2235,0.4804,0.0,0.0726,0.8788,0.1667,0.0
human,2106.07042,math.CO,2021,26,18,1.1154,0.0,0.0,0.0556,0.0556,0.3889,0.4444,1.6111,0.1111,0.9231,0.1034,11.0,0.2083,0.1667,0.0,0.0,0.3889,0.0,0.5,0.1111,0.0,0.9231,0.0769,0.0385
human,2106.07281,math.PR,2021,17,38,2.2941,0.4737,0.4737,0.4737,0.1579,0.4211,0.5263,1.0263,0.0,0.4706,0.2564,5,0.2941,0.2353,0.0,0.0,0.4211,0.0,0.2105,0.0,0.3684,1.0,0.3529,0.6471
human,2106.07920,math.SG,2021,34,62,2.4412,0.3548,0.1935,0.3548,0.129,0.5,0.5323,1.3387,0.0806,0.4412,0.1325,6.0,0.4706,0.0588,0.0,0.0,0.5,0.0,0.5,0.0,0.0,1.0,0.3235,0.1471
human,2106.08078,cs.CC,2021,40,17,1.0,0.0,0.0,0.0,0.0,0.7059,0.8235,2.3529,0.2941,0.8529,0.075,10.0,0.3235,0.0,0.0,0.0,0.7059,0.0,0.2941,0.0,0.0,0.85,0.0,0.05
human,2106.09156,math.AT,2021,27,51,2.0741,0.3333,0.1373,0.3333,0.098,0.2549,0.5686,1.098,0.0392,0.7407,0.2679,8,0.32,0.0,0.0,0.0,0.2549,0.2745,0.4706,0.0,0.0,0.9259,0.0741,0.0
human,2106.09910,cs.LG,2021,34,60,2.1765,0.0,0.0,0.0,0.0,0.1833,0.5167,1.2333,0.0333,0.4706,0.0946,3.0,0.5294,0.0294,0.0,0.0,0.1833,0.1167,0.7,0.0,0.0,1.0,0.1765,0.0
human,2106.09974,cs.CG,2021,16,22,1.375,0.0,0.0,0.0,0.0,0.1364,0.1818,1,0.0,0.6875,0.1364,17.5,0.125,0.25,0.0,0.0,0.1364,0.0,0.8636,0.0,0.0,1.0,0.0,0.0
human,2106.10332,math.AG,2021,10,14,1.5,0.2143,0.2143,0.3571,0.1429,0.4286,0.4286,1.0714,0.0,0.7,0.2,25.0,0.1,0.4,0.0,0.0,0.4286,0.0,0.5714,0.0,0.0,1.0,0.1,0.0
human,2106.11069,math.AG,2021,14,31,2.2143,0.6774,0.3548,0.6774,0.3226,0.2258,0.2581,1,0.0,0.5,0.1935,26.5,0.0714,0.5,0.0,0.0,0.2258,0.0323,0.7419,0.0,0.0,1.0,0.0714,0.0
human,2106.11452,math.AG,2021,63,218,3.5556,0.3991,0.2752,0.3991,0.0,0.1468,0.2982,1.0275,0.0,0.322,0.1875,17.5,0.2419,0.2419,0.0,0.0092,0.1376,0.0,0.8532,0.0,0.0,0.9841,0.127,0.3016
human,2106.12339,math.AG,2021,27,70,2.6667,0.2571,0.0571,0.2571,0.2429,0.3429,0.4,1.0286,0.0,0.4815,0.1528,10,0.2593,0.2963,0.0,0.0,0.3429,0.0,0.6571,0.0,0.0,1.0,0.1111,0.0
human,2106.12530,math.PR,2021,21,41,2.0,0.1707,0.0976,0.3171,0.122,0.2439,0.2683,1.0244,0.0,0.6667,0.1667,8,0.1905,0.0952,0.0,0.0,0.2439,0.3171,0.3415,0.0976,0.0,1.0,0.2857,0.0
human,2106.12998,math.PR,2021,16,28,1.9375,0.5714,0.5714,0.5714,0.0357,0.0,0.0,1.1071,0.0,0.6875,0.2258,28.0,0.0,0.4375,0.0,0.0,0.0,0.0,1.0,0.0,0.0,1.0,0.0,0.0
human,2106.13370,math.OA,2021,40,104,3.1,0.4327,0.4231,0.5385,0.3558,0.25,0.5962,1.1923,0.0577,0.5,0.2419,18.0,0.125,0.2,0.0,0.0,0.25,0.0,0.75,0.0,0.0,1.0,0.0,0.0
human,2106.13745,math.MG,2021,60,150,2.5,0.5733,0.48,0.58,0.22,0.2533,0.3067,1,0.0,0.5333,0.0867,18.5,0.1667,0.2,0.0,0.0,0.2533,0.08,0.6667,0.0,0.0,1.0,0.0167,0.0
human,2106.13848,math.DG,2021,8,25,3.125,0.0,0.0,0.04,0.0,0.16,0.24,1,0.0,0.375,0.28,47.5,0.0,0.625,0.0,0.0,0.16,0.08,0.12,0.64,0.0,1.0,0.0,0.0
human,2106.14923,quant-ph,2021,42,27,1.4286,0.0,0.0,0.0,0.0,0.4074,0.5556,2.2222,0.3704,0.6905,0.0667,19,0.1707,0.4146,0.0,0.0,0.4074,0.1111,0.3333,0.0741,0.0741,0.9762,0.0714,0.0
human,2106.15985,math.NT,2021,20,42,2.2,0.0952,0.0952,0.1667,0.2619,0.119,0.3095,1.0476,0.0,0.55,0.1364,12.0,0.45,0.15,0.0,0.0,0.119,0.3571,0.5238,0.0,0.0,1.0,0.2,0.0
human,2106.16035,math.AG,2021,24,52,2.4583,0.5,0.0962,0.5,0.0577,0.1731,0.3654,1.1346,0.0192,0.5,0.2034,10.5,0.25,0.375,0.0,0.0,0.1731,0.0,0.8269,0.0,0.0,1.0,0.125,0.0
human,2106.16204,cs.DM,2021,80,84,1.5125,0.0238,0.0238,0.0238,0.0,0.5357,0.5,1.4405,0.119,0.8125,0.0744,22,0.1266,0.3291,0.0,0.0,0.5357,0.0,0.3929,0.0714,0.0,0.9875,0.0625,0.7125
human,2107.00718,math.CO,2021,35,45,1.2857,0.0,0.0,0.0,0.0444,0.8889,0.8889,1,0.0,0.7714,0.0667,14,0.0857,0.2571,0.0,0.0,0.8889,0.0,0.1111,0.0,0.0,1.0,0.0286,0.0
human,2107.00995,cs.DS,2021,28,24,1.3571,0.0,0.0,0.0,0.0,0.875,0.6667,1.5833,0.2083,0.7778,0.1053,11.0,0.1429,0.1786,0.0,0.0,0.875,0.0,0.125,0.0,0.0,1.0,0.1429,0.2143
human,2107.01517,math.PR,2021,26,42,1.6154,0.0,0.0,0.3333,0.2381,0.2857,0.5476,1,0.0,0.8077,0.2381,27.5,0.0769,0.5,0.0,0.0,0.2857,0.2619,0.2143,0.0,0.2381,1.0,0.0,0.0
human,2107.02060,cs.CC,2021,27,24,1.1852,0.375,0.2083,0.375,0.1667,0.2917,0.4167,1.3333,0.0833,0.8889,0.0938,21,0.037,0.2963,0.0,0.0,0.2917,0.5417,0.1667,0.0,0.0,1.0,0.0,0.0
human,2107.02109,math.CA,2021,30,59,2.3,0.2881,0.1864,0.2881,0.1017,0.4237,0.4746,1.1695,0.0339,0.5,0.1304,16.5,0.2,0.3667,0.0,0.0,0.4237,0.0,0.5763,0.0,0.0,1.0,0.0667,0.6667
human,2107.02130,math.AT,2021,4,8,2.0,0.25,0.0,0.25,0.0,0.625,0.75,1,0.0,0.75,0.625,21.5,0.0,0.0,0.0,0.0,0.625,0.125,0.25,0.0,0.0,1.0,0.25,0.0
human,2107.02231,math.AG,2021,22,44,2.5909,0.8182,0.7273,0.8182,0.2955,0.1818,0.25,1.2955,0.0909,0.3333,0.1053,15,0.1905,0.0952,0.0,0.0,0.1818,0.0,0.8182,0.0,0.0,0.9545,0.0455,0.0
human,2107.02605,cs.DS,2021,34,30,1.4706,0.0,0.0,0.0,0.0,0.8333,0.7333,1.6667,0.2,0.7879,0.22,7.0,0.3824,0.0294,0.0,0.0,0.8333,0.1333,0.0333,0.0,0.0,1.0,0.0588,0.0
human,2107.02866,cs.DS,2021,38,60,2.1316,0.0,0.0,0.0,0.0,0.4667,0.5,1.35,0.1167,0.7647,0.1852,6,0.4054,0.1081,0.0,0.0,0.4667,0.2667,0.2667,0.0,0.0,0.9737,0.0263,0.0263
human,2107.02918,math.CA,2021,54,36,1.3148,0.0556,0.0556,0.0833,0.0,0.5556,0.4722,1.9722,0.2778,0.7447,0.1127,10.5,0.2308,0.1923,0.0,0.0,0.5556,0.0,0.1667,0.2778,0.0,0.963,0.037,0.0556
human,2107.02973,math.CO,2021,22,39,2.0909,0.4872,0.359,0.4872,0.1282,0.2051,0.5897,1.1795,0.0256,0.5909,0.1304,13.0,0.1818,0.0455,0.0,0.0,0.2051,0.3846,0.4103,0.0,0.0,1.0,0.0455,0.0
human,2107.03012,math.AC,2021,21,21,1.4286,0.4762,0.1905,0.4762,0.0476,0.7619,0.8095,1.4286,0.0952,0.7619,0.1667,19,0.0526,0.3684,0.0,0.0,0.7619,0.0476,0.1905,0.0,0.0,0.9048,0.0,0.7143
human,2107.03191,math.CA,2021,10,96,9.6,0.9062,0.0,0.9062,0.0,0.1562,0.2917,1,0.0,0.1111,0.7812,25.5,0.0,0.375,0.0,0.0,0.1562,0.0,0.3021,0.0,0.5417,0.8,0.1,0.0
human,2107.03314,math.CA,2021,30,39,1.4667,0.0,0.0,0.0,0.0769,0.7436,0.5897,1.1282,0.0513,0.7333,0.1364,15,0.1111,0.2593,0.0,0.0,0.7436,0.0,0.2564,0.0,0.0,0.9,0.1333,0.0
human,2107.03454,math.PR,2021,4,4,1.0,0.0,0.0,0.0,0.0,0.0,0.25,1,0.0,0.6667,0.5,4.0,0.5,0.25,0.0,0.0,0.0,0.0,1.0,0.0,0.0,1.0,0.0,0.0
human,2107.03822,math.PR,2021,33,44,1.697,0.2273,0.1818,0.2273,0.0682,0.6136,0.5909,1.2727,0.0682,0.7576,0.1071,14,0.1212,0.2424,0.0227,0.0,0.5909,0.0,0.3864,0.0,0.0,1.0,0.0303,0.0
human,2107.03842,math.CA,2021,5,7,1.8,0.1429,0.1429,0.1429,0.0,0.7143,0.8571,1.2857,0.1429,0.4,0.3333,42,0.0,0.8,0.0,0.0,0.7143,0.0,0.2857,0.0,0.0,1.0,0.0,0.0
human,2107.04112,math.MG,2021,6,10,1.6667,0.3,0.0,0.3,0.3,0.4,0.6,1,0.0,0.6,0.4,,,,0.0,0.0,0.4,0.0,0.6,0.0,0.0,,0.0,0.0
human,2107.04900,math-ph,2021,37,40,1.7027,0.225,0.2,0.225,0.1,0.1,0.4,1.575,0.125,0.5405,0.0794,21,0.2,0.2857,0.0,0.0,0.1,0.225,0.675,0.0,0.0,0.9459,0.0811,0.0
human,2107.05091,math.AG,2021,35,174,4.9714,0.7184,0.6667,0.7184,0.2644,0.1322,0.3391,1,0.0,0.375,0.1437,17,0.1613,0.3548,0.0,0.0,0.1322,0.4713,0.3966,0.0,0.0,0.8857,0.0,0.0
human,2107.05207,math.CO,2021,36,47,1.5278,0.4468,0.2979,0.4468,0.1489,0.234,0.2553,1.1702,0.0426,0.6944,0.0909,11.0,0.25,0.25,0.0,0.0,0.234,0.0213,0.7447,0.0,0.0,1.0,0.0,0.0
human,2107.06094,math.AP,2021,23,49,2.1304,0.0,0.0,0.0,0.0,0.4694,0.4694,1,0.0,0.7143,0.2041,11.0,0.2727,0.2273,0.0,0.0,0.4694,0.2857,0.2449,0.0,0.0,0.9565,0.1304,0.0
human,2107.06111,cs.CC,2021,56,67,2.1071,0.0299,0.0299,0.0448,0.0597,0.6119,0.6866,1.7612,0.1493,0.5714,0.1271,3.0,0.5357,0.0357,0.0,0.0,0.6119,0.0597,0.3134,0.0149,0.0,1.0,0.0,0.0
human,2107.06202,math.AT,2021,36,33,1.6111,0.1515,0.0909,0.1515,0.0606,0.4242,0.4545,1.7576,0.2121,0.6944,0.1207,13,0.2857,0.2571,0.0303,0.0,0.3939,0.0,0.5758,0.0,0.0,0.9722,0.0833,0.1667
human,2107.06650,cs.GT,2021,39,0,0.0,,,,,,,,,,,4,0.4615,0.0769,,,,,,,,1.0,0.0,0.0513
human,2107.06957,math.DG,2021,10,58,5.8,0.0172,0.0172,0.0172,0.1207,0.4138,0.3103,1,0.0,0.3,0.4828,13.0,0.3,0.1,0.0,0.0,0.4138,0.0,0.5,0.0,0.0862,1.0,0.1,0.0
human,2107.06998,math.PR,2021,15,62,4.5333,0.3548,0.2258,0.4194,0.0968,0.2742,0.2903,1.0968,0.0323,0.4667,0.2353,10,0.2,0.0667,0.0161,0.0,0.2581,0.0,0.6774,0.0,0.0484,1.0,0.0,0.0
human,2107.08080,math.AG,2021,5,10,2.0,0.2,0.2,0.2,0.2,0.4,0.5,1,0.0,0.6,0.5,31.0,0.0,0.5,0.0,0.0,0.4,0.0,0.6,0.0,0.0,0.4,0.6,0.0
human,2107.08475,math.PR,2021,25,34,1.96,0.1765,0.0588,0.2353,0.0,0.3824,0.3235,1.4412,0.0588,0.52,0.102,10,0.2,0.28,0.0,0.0,0.3824,0.0,0.6176,0.0,0.0,1.0,0.0,0.0
human,2107.09220,math.RT,2021,25,51,2.08,0.0196,0.0,0.3529,0.0392,0.1961,0.3725,1.0196,0.0,0.5417,0.1923,22,0.2,0.36,0.0,0.0196,0.1765,0.1569,0.6471,0.0,0.0,1.0,0.04,0.0
human,2107.09424,math.DG,2021,16,35,2.1875,0.0,0.0,0.0,0.0,0.3429,0.3143,1,0.0,0.5625,0.2571,28.0,0.125,0.5,0.0,0.0,0.3429,0.6286,0.0286,0.0,0.0,1.0,0.0625,0.0
human,2107.10940,math.DS,2021,41,34,1.7073,0.0,0.0,0.0,0.0,0.7941,0.6765,2.0588,0.2353,0.6829,0.0714,7,0.3171,0.122,0.0,0.0,0.7941,0.0,0.1176,0.0882,0.0,1.0,0.0,0.0
human,2107.11160,math.NT,2021,7,8,1.1429,0.0,0.0,0.0,0.125,0.375,0.375,1,0.0,0.25,0.375,2.0,0.75,0.0,0.0,0.0,0.375,0.0,0.625,0.0,0.0,0.5714,0.1429,0.0
human,2107.11230,math.GR,2021,21,49,2.4286,0.2041,0.1224,0.2041,0.0408,0.2653,0.4694,1.0408,0.0,0.381,0.2353,33,0.0476,0.5238,0.0,0.0,0.2653,0.102,0.6327,0.0,0.0,1.0,0.0476,0.0
human,2107.11398,quant-ph,2021,45,26,1.1333,0.0,0.0,0.0,0.0,0.8846,0.5,1.9615,0.2692,0.8864,0.0784,7,0.3333,0.0,0.1154,0.7692,0.0,0.0,0.1154,0.0,0.0,1.0,0.0889,0.8444
human,2107.11712,cs.DS,2021,20,38,2.5,0.0,0.0,0.0,0.0,0.6316,0.6053,1.3158,0.1316,0.45,0.2045,9.0,0.35,0.1,0.0,0.0,0.6316,0.1842,0.1842,0.0,0.0,1.0,0.05,0.05
human,2107.11866,math-ph,2021,37,36,1.1892,0.0,0.0,0.0278,0.0,0.0,0.3889,1.2222,0.0556,0.8333,0.0682,10.0,0.1389,0.1389,0.0,0.0,0.0,0.0,0.8056,0.1944,0.0,0.973,0.0,0.0
human,2107.11932,math.AP,2021,20,16,1.2,0.0,0.0,0.0625,0.0625,0.5,0.1875,1.5,0.125,0.5,0.1667,10,0.1765,0.0,0.125,0.0,0.375,0.0,0.5,0.0,0.0,0.85,0.05,0.0
human,2107.12861,math.GR,2021,51,47,1.3529,0.2766,0.1915,0.2766,0.0213,0.383,0.4255,1.4681,0.1277,0.8039,0.0725,30.0,0.2,0.5,0.0,0.0,0.383,0.3404,0.2766,0.0,0.0,0.9804,0.1176,0.0392
human,2107.13042,math.AT,2021,29,66,2.3103,0.4697,0.4091,0.4848,0.4545,0.0909,0.2879,1.0152,0.0,0.5517,0.1194,15,0.0741,0.1111,0.0152,0.0,0.0758,0.197,0.7121,0.0,0.0,0.931,0.0345,0.0
human,2107.13043,math.AG,2021,28,58,2.0714,0.5,0.3621,0.5,0.2931,0.1034,0.2931,1,0.0,0.5357,0.1034,30,0.2222,0.5185,0.0,0.0,0.1034,0.2931,0.6034,0.0,0.0,0.9643,0.0714,0.0
human,2107.13370,math.AG,2021,51,140,3.0588,0.7,0.6214,0.7,0.4286,0.1071,0.2929,1.1143,0.0214,0.4706,0.1154,10.5,0.1,0.12,0.0,0.0,0.1071,0.1429,0.75,0.0,0.0,0.9804,0.0392,0.0
human,2107.13868,math.NT,2021,6,13,2.1667,0.0,0.0,0.0,0.0769,0.3846,0.6923,1,0.0,0.2,0.3846,58,0.0,0.8,0.0,0.0,0.3846,0.3846,0.2308,0.0,0.0,0.8333,0.0,0.0
human,2107.14010,math.OA,2021,14,21,1.5,0.2381,0.1905,0.2857,0.1905,0.5238,0.4762,1,0.0,0.6429,0.1429,8.0,0.25,0.25,0.0,0.0,0.5238,0.0476,0.4286,0.0,0.0,0.8571,0.2143,0.0
human,2107.14188,math.AC,2021,37,130,3.5405,0.6231,0.4462,0.6308,0.1154,0.2923,0.2231,1.0077,0.0,0.5135,0.1374,16,0.0,0.3784,0.0,0.0,0.2923,0.0,0.7077,0.0,0.0,1.0,0.027,0.0
human,2107.14359,math.AG,2021,46,39,0.8478,0.5897,0.4615,0.5897,0.3077,0.1282,0.1795,1,0.0,0.5263,0.2308,26,0.1351,0.4054,0.0,0.0,0.1282,0.0,0.8718,0.0,0.0,0.8043,0.0652,0.0
human,2107.14542,math.PR,2021,58,53,1.3621,0.434,0.3396,0.434,0.1132,0.8679,0.6604,1.4906,0.1132,0.75,0.0886,9,0.0877,0.1228,0.0,0.0,0.8679,0.0,0.1321,0.0,0.0,0.9828,0.0,0.0
human,2107.14550,cs.DS,2021,21,30,1.8095,0.1333,0.0,0.1333,0.0,0.5667,0.5667,1.2667,0.0667,0.6667,0.2632,10,0.2381,0.1905,0.0,0.0,0.5667,0.0,0.3,0.1333,0.0,1.0,0.0476,0.0476
human,2107.14725,math.OA,2021,25,39,1.96,0.4359,0.3333,0.4359,0.1282,0.359,0.4872,1.2564,0.0513,0.6,0.1429,22,0.12,0.4,0.0,0.0,0.359,0.4103,0.2308,0.0,0.0,1.0,0.0,0.0
human,2108.00025,math.OA,2021,17,15,1.4118,0.0,0.0,0.0,0.1333,0.7333,0.8,1.6,0.0667,0.7647,0.1667,8,0.1176,0.1176,0.0,0.0,0.7333,0.0,0.2667,0.0,0.0,1.0,0.1176,0.0
human,2108.00326,math.MG,2021,18,19,1.0556,0.0,0.0,0.0,0.0,0.7368,1.0,1,0.0,0.9444,0.1053,43.0,0.0,0.8333,0.0,0.0,0.7368,0.0,0.2632,0.0,0.0,1.0,0.0,0.0
human,2108.00411,math.FA,2021,41,38,1.7317,0.2105,0.1842,0.2368,0.0789,0.2632,0.5526,1.8684,0.2632,0.5455,0.0986,17,0.1818,0.2121,0.0526,0.0,0.2105,0.1579,0.5789,0.0,0.0,0.8049,0.0488,0.0
human,2108.00487,math.PR,2021,26,60,2.3077,0.6333,0.4,0.6333,0.2,0.4333,0.4333,1,0.0,0.5769,0.1667,18.0,0.0769,0.3846,0.05,0.0,0.3833,0.1167,0.4333,0.0167,0.0,1.0,0.0385,0.0
human,2108.00613,math.CO,2021,17,24,1.7647,0.2917,0.2917,0.2917,0.2083,0.625,0.7083,1.25,0.0833,0.6471,0.1667,17.0,0.1429,0.1429,0.0417,0.0,0.5833,0.0833,0.2917,0.0,0.0,0.8235,0.0588,0.0
human,2108.00914,cs.DS,2021,39,64,1.9744,0.0,0.0,0.0,0.0,0.5938,0.6406,1.2031,0.0625,0.5946,0.1299,14,0.1282,0.1282,0.0,0.0,0.5938,0.0625,0.2812,0.0625,0.0,1.0,0.0256,0.1795
human,2108.01492,math.PR,2021,25,15,0.96,0.4,0.0667,0.4,0.0,0.4667,0.4667,1.6,0.2,0.8889,0.2083,22.0,0.0556,0.3889,0.0,0.0,0.4667,0.0,0.4667,0.0667,0.0,0.72,0.04,0.0
human,2108.01639,math.AG,2021,10,11,1.1,0.0,0.0,0.1818,0.0,0.9091,0.9091,1,0.0,0.9,0.1818,16.5,0.2,0.0,0.0,0.0,0.9091,0.0909,0.0,0.0,0.0,1.0,0.1,0.0
human,2108.02277,math.OA,2021,26,91,3.6538,0.8352,0.7363,0.8352,0.3846,0.1319,0.2857,1.044,0.022,0.3077,0.2632,12.0,0.1538,0.1923,0.0,0.0,0.1319,0.0769,0.7912,0.0,0.0,1.0,0.0,0.3846
human,2108.02464,math.AG,2021,102,51,0.7353,0.549,0.451,0.549,0.098,0.5294,0.3725,1.4706,0.1373,0.6829,0.1467,17.0,0.1304,0.2065,0.0,0.0,0.5294,0.0,0.4706,0.0,0.0,0.902,0.1275,0.0
human,2108.04304,math.CT,2021,47,168,4.0426,0.5952,0.4167,0.5952,0.0238,0.2143,0.4226,1.131,0.0179,0.3191,0.1211,8,0.3191,0.1064,0.0,0.0,0.2143,0.0,0.7143,0.0714,0.0,1.0,0.0426,0.0
human,2108.04615,math.CO,2021,24,55,2.75,0.2182,0.2,0.2364,0.0909,0.4182,0.7091,1.2,0.0545,0.4211,0.197,17,0.1053,0.2105,0.0,0.0,0.4182,0.0,0.3818,0.2,0.0,0.7917,0.0,0.0
human,2108.04999,math.OA,2021,28,64,2.2857,0.0,0.0,0.4531,0.0,0.4844,0.5781,1,0.0,0.6786,0.1719,16.0,0.1538,0.1538,0.0,0.0,0.4844,0.0938,0.4219,0.0,0.0,0.9286,0.0,0.0
human,2108.05732,cs.LG,2021,97,116,1.567,0.1983,0.1379,0.1983,0.0517,0.4224,0.5172,1.3103,0.0603,0.7216,0.0658,8,0.3093,0.1959,0.0,0.0,0.4224,0.0,0.5431,0.0,0.0345,1.0,0.0,0.0206
human,2108.05745,math.MG,2021,13,21,1.6154,0.1429,0.1429,0.1905,0.2857,0.0,0.619,1,0.0,0.6923,0.2381,17,0.2308,0.3846,0.0,0.0,0.0,0.0,1.0,0.0,0.0,1.0,0.0769,0.0
human,2108.06406,math.OA,2021,27,114,4.5556,0.4386,0.3158,0.5439,0.1404,0.1667,0.2105,1.0789,0.0175,0.3462,0.3008,23,0.1852,0.4444,0.0,0.0,0.1667,0.0,0.8333,0.0,0.0,1.0,0.037,0.0
human,2108.06936,math.AG,2021,26,41,2.0385,0.1951,0.1951,0.1951,0.0,0.561,0.561,1.2927,0.0488,0.5769,0.2075,2.0,0.5385,0.1538,0.0,0.0,0.561,0.1951,0.2439,0.0,0.0,1.0,0.0769,0.0
human,2108.07677,math.NT,2021,16,27,1.6875,0.5185,0.3333,0.5185,0.0,0.6667,0.2593,1,0.0,0.5625,0.1111,22.0,0.0,0.2143,0.0,0.0,0.6667,0.0,0.3333,0.0,0.0,0.875,0.0625,0.0
human,2108.08257,math.AG,2021,42,62,2.1905,0.4839,0.4355,0.4839,0.0968,0.6774,0.6452,1.4839,0.129,0.6429,0.0978,3,0.5128,0.0,0.0,0.0,0.6774,0.0,0.3226,0.0,0.0,0.9286,0.3333,0.3333
human,2108.08646,math.DS,2021,40,50,1.95,0.08,0.08,0.1,0.0,0.32,0.46,1.56,0.14,0.6,0.1026,13.0,0.075,0.225,0.0,0.0,0.32,0.0,0.68,0.0,0.0,1.0,0.0,0.7
human,2108.08699,math.GT,2021,35,24,0.8571,0.2083,0.2083,0.2083,0.0,0.4167,0.4167,1.25,0.0833,0.7222,0.1667,30,0.0857,0.5429,0.0,0.0,0.4167,0.0,0.5833,0.0,0.0,1.0,0.0,0.0
human,2108.08794,math.PR,2021,28,50,2.25,0.28,0.2,0.28,0.0,0.64,0.66,1.26,0.02,0.5,0.1774,7.0,0.2308,0.0769,0.0,0.0,0.64,0.3,0.06,0.0,0.0,0.9286,0.0714,0.0
human,2108.08934,math.AG,2021,30,59,2.6333,0.5593,0.5254,0.5763,0.0847,0.7288,0.5424,1.339,0.1186,0.5667,0.2152,5.0,0.3667,0.0333,0.0,0.0,0.7288,0.0,0.2712,0.0,0.0,1.0,0.2,0.6667
human,2108.08987,cs.DS,2021,38,65,2.2105,0.1692,0.1231,0.1692,0.1231,0.4154,0.4615,1.2923,0.0462,0.5556,0.1667,3.0,0.5789,0.0,0.0,0.0,0.4154,0.1692,0.4,0.0154,0.0,1.0,0.1053,0.2105
human,2108.09236,math.DG,2021,53,109,2.0755,0.0183,0.0,0.4679,0.2202,0.1743,0.3119,1.0092,0.0,0.4762,0.1455,26,0.0851,0.4043,0.0,0.0,0.1743,0.0,0.8257,0.0,0.0,0.8868,0.1321,0.0
human,2108.09258,math.NT,2021,24,63,2.8333,0.4603,0.3175,0.4603,0.1587,0.3968,0.4444,1.0794,0.0159,0.4583,0.1765,32,0.087,0.5652,0.0,0.0,0.3968,0.0,0.6032,0.0,0.0,0.9583,0.0417,0.0
human,2108.09395,math.CA,2021,28,50,2.8214,0.0,0.0,0.0,0.0,0.34,0.4,1.58,0.12,0.3571,0.1139,27,0.1852,0.4444,0.0,0.0,0.34,0.22,0.36,0.08,0.0,0.9643,0.0,0.0357
human,2108.09420,cs.DS,2021,57,42,1.386,0.0,0.0,0.0714,0.0,0.5,0.5,1.881,0.1905,0.6304,0.1316,5,0.3509,0.0526,0.0,0.0,0.5,0.2143,0.2857,0.0,0.0,1.0,0.0702,0.0
human,2108.10208,cs.CC,2021,30,35,1.5333,0.0,0.0,0.0,0.0571,0.4,0.5429,1.3143,0.0571,0.5556,0.1304,11.5,0.2333,0.2667,0.0,0.0,0.4,0.2857,0.3143,0.0,0.0,1.0,0.0,0.0
human,2108.10408,math.CO,2021,56,61,1.4286,0.0164,0.0164,0.0164,0.1311,0.459,0.4918,1.3115,0.0328,0.7143,0.0625,9.5,0.1429,0.1964,0.0,0.0,0.459,0.2459,0.2951,0.0,0.0,1.0,0.0179,0.7679
human,2108.11252,math.PR,2021,27,53,2.1481,0.1321,0.1321,0.1321,0.0755,0.6226,0.6604,1.0943,0.0,0.5556,0.1379,6,0.2963,0.0741,0.0,0.0,0.6226,0.0,0.3774,0.0,0.0,1.0,0.1481,0.0
human,2108.11930,math.PR,2021,31,138,5.0,0.5942,0.442,0.6449,0.2101,0.1739,0.3768,1.1232,0.0217,0.4194,0.3097,24,0.1935,0.4194,0.0,0.0,0.1739,0.0,0.8261,0.0,0.0,1.0,0.0323,0.0
human,2108.12157,math.DG,2021,20,25,1.25,0.0,0.0,0.08,0.0,0.56,0.56,1,0.0,0.9,0.2,8,0.2105,0.1053,0.0,0.0,0.56,0.0,0.44,0.0,0.0,0.95,0.05,0.15
human,2108.12887,math.DG,2021,34,94,3.2059,0.4468,0.3191,0.5106,0.3404,0.2447,0.2766,1.1596,0.0426,0.2941,0.1101,6.0,0.3824,0.1765,0.0,0.0,0.2447,0.2553,0.4149,0.0,0.0851,1.0,0.1176,0.7647
human,2108.13050,quant-ph,2021,26,30,1.4231,0.0667,0.0333,0.2,0.0333,0.4333,0.4333,1.2333,0.0667,0.9231,0.2432,8.5,0.3846,0.2308,0.0,0.0,0.4333,0.0,0.5667,0.0,0.0,1.0,0.0,0.0
human,2108.13198,math.NT,2021,26,62,2.5385,0.4355,0.2903,0.4355,0.1613,0.3548,0.3871,1.0645,0.0,0.5,0.1364,12,0.1818,0.1818,0.0,0.0,0.3548,0.2581,0.3871,0.0,0.0,0.4231,0.0385,0.0
human,2108.13715,math.AG,2021,20,34,1.75,0.3235,0.2353,0.3529,0.0294,0.3235,0.3235,1.0294,0.0,0.6667,0.2571,9.0,0.2857,0.2857,0.0,0.0,0.3235,0.0,0.6765,0.0,0.0,0.7,0.2,0.0
human,2109.00027,math.AG,2021,20,34,1.7,0.2353,0.0882,0.2353,0.0,0.0588,0.2647,1,0.0,0.7,0.1765,8.5,0.3,0.2,0.0,0.0,0.0588,0.0,0.9412,0.0,0.0,1.0,0.05,0.55
human,2109.00390,math.GR,2021,23,53,2.3043,0.3208,0.3019,0.3208,0.0377,0.566,0.6415,1,0.0,0.4286,0.3774,23,0.087,0.3913,0.0,0.0,0.566,0.0,0.434,0.0,0.0,1.0,0.0435,0.0
human,2109.01054,math.CA,2021,11,9,1.0,0.0,0.0,0.0,0.0,1.0,1.0,1.2222,0.0,1.0,0.0909,28,0.0,0.4545,0.0,0.0,1.0,0.0,0.0,0.0,0.0,1.0,0.0,0.0
human,2109.01252,math.PR,2021,91,154,2.3736,0.2922,0.2338,0.2922,0.0065,0.1299,0.2273,1.4026,0.0909,0.5385,0.0571,4,0.4944,0.1236,0.0,0.0,0.1299,0.0,0.7727,0.0974,0.0,0.978,0.0,0.6154
human,2109.01421,math.KT,2021,22,72,3.5455,0.6528,0.4861,0.6528,0.0833,0.2083,0.3889,1.0833,0.0139,0.6364,0.3718,13.0,0.1364,0.1818,0.0,0.0,0.2083,0.0,0.7917,0.0,0.0,1.0,0.1364,0.0
human,2109.02021,math.CO,2021,9,12,2.2222,0.25,0.0833,0.25,0.0,0.1667,0.0833,1.6667,0.25,0.5556,0.25,28,0.0,0.2857,0.0,0.0,0.1667,0.0833,0.75,0.0,0.0,0.7778,0.2222,0.0
human,2109.02491,quant-ph,2021,27,17,1.2963,0.0,0.0,0.0,0.0,1.0,0.3529,2.0588,0.4118,0.7407,0.0857,3,0.5926,0.0,0.0,1.0,0.0,0.0,0.0,0.0,0.0,1.0,0.0,0.963
human,2109.04238,gr-qc,2021,73,86,2.137,0.0,0.0,0.0233,0.0,0.3256,0.4651,1.814,0.2209,0.6712,0.0705,5,0.3521,0.2113,0.0,0.0,0.3256,0.0,0.6395,0.0349,0.0,0.9726,0.7671,0.9178
human,2109.04998,math.DG,2021,40,50,1.25,0.0,0.0,0.0,0.08,0.82,0.62,1,0.0,0.8718,0.12,12,0.1892,0.1622,0.0,0.0,0.82,0.0,0.18,0.0,0.0,0.925,0.025,0.0
human,2109.05449,quant-ph,2021,75,37,1.2133,0.0,0.0,0.0,0.0,0.5946,0.6757,2.4595,0.3784,0.88,0.0659,6.0,0.2432,0.0,0.0,0.0,0.5946,0.0,0.2973,0.0,0.1081,0.9867,0.0267,0.6533
human,2109.06142,math.AG,2021,22,67,3.0909,0.4179,0.3134,0.4179,0.0,0.1343,0.2239,1.0149,0.0,0.5455,0.1912,32.5,0.0909,0.5909,0.0,0.0,0.1343,0.0,0.8657,0.0,0.0,1.0,0.0455,0.0
human,2109.06159,math.DG,2021,30,62,2.0667,0.0,0.0,0.1774,0.0484,0.3226,0.4032,1,0.0,0.5172,0.129,10,0.3103,0.2759,0.0,0.0,0.3226,0.0806,0.5968,0.0,0.0,0.9667,0.0667,0.0333
human,2109.07065,math.AG,2021,49,77,1.5714,0.0,0.0,0.4805,0.4416,0.1039,0.1948,1,0.0,0.5588,0.1948,9.0,0.2381,0.0714,0.0,0.039,0.0649,0.0,0.8571,0.039,0.0,0.8571,0.0612,0.5306
human,2109.07800,math.PR,2021,15,67,4.4667,0.0,0.0,0.3731,0.1493,0.4179,0.4776,1,0.0,0.6667,0.6269,16,0.1333,0.2667,0.0597,0.0,0.3582,0.0,0.5821,0.0,0.0,1.0,0.0,0.0
human,2109.07845,math.NT,2021,16,30,2.4375,0.5333,0.2667,0.5333,0.1333,0.2333,0.5,1.3,0.1,0.625,0.2051,16.0,0.125,0.25,0.0,0.0,0.2333,0.0,0.7667,0.0,0.0,1.0,0.0,0.0
human,2109.08062,quant-ph,2021,91,55,1.4505,0.0,0.0,0.0,0.0,0.4,0.4182,2.4,0.3273,0.6782,0.0455,2.0,0.6444,0.0556,0.0,0.0,0.4,0.0909,0.0545,0.4545,0.0,0.989,0.1978,0.4286
human,2109.08737,math.NT,2021,13,60,4.6154,0.4833,0.0833,0.4833,0.0,0.2167,0.3167,1,0.0,0.3846,0.2667,27,0.2308,0.4615,0.0,0.0,0.2167,0.0,0.7833,0.0,0.0,1.0,0.0,0.0
human,2109.08788,math.NT,2021,47,91,2.1064,0.5165,0.3626,0.5275,0.4066,0.2308,0.3846,1.0879,0.022,0.5652,0.1414,8.0,0.2632,0.2105,0.0,0.0,0.2308,0.0,0.7692,0.0,0.0,0.8085,0.1064,0.0
human,2109.08863,cs.DS,2021,18,25,2.0,0.0,0.0,0.0,0.0,0.8,0.76,1.44,0.16,0.5556,0.1667,4.5,0.3889,0.0,0.0,0.0,0.8,0.04,0.16,0.0,0.0,1.0,0.0,0.0
human,2109.09174,math.GR,2021,8,8,1.25,0.0,0.0,0.5,0.0,0.75,1.0,1.25,0.125,0.7143,0.3,28.5,0.0,0.5,0.0,0.0,0.75,0.25,0.0,0.0,0.0,1.0,0.0,0.0
human,2109.09384,math.MG,2021,13,25,1.9231,0.0,0.0,0.04,0.0,0.08,0.32,1,0.0,0.4615,0.2,27.0,0.1,0.5,0.0,0.0,0.08,0.0,0.84,0.08,0.0,0.7692,0.0769,0.0
human,2109.10425,math.OA,2021,23,32,1.3913,0.75,0.4688,0.7812,0.3125,0.0625,0.4375,1,0.0,0.7826,0.1562,18,0.1304,0.3913,0.0,0.0625,0.0,0.0,0.9375,0.0,0.0,1.0,0.087,0.0
human,2109.10579,math.DG,2021,31,26,0.8387,0.0,0.0,0.0,0.0,0.6154,0.7692,1,0.0,0.5625,0.1923,17,0.1379,0.4138,0.0,0.0,0.6154,0.0,0.3846,0.0,0.0,0.9355,0.0968,0.0
human,2109.11070,math.DG,2021,75,220,2.9467,0.0,0.0,0.3727,0.3227,0.2727,0.3773,1.0045,0.0,0.4667,0.1176,19.5,0.1364,0.3788,0.0227,0.0,0.25,0.0545,0.6727,0.0,0.0,0.88,0.1733,0.0
human,2109.11433,quant-ph,2021,80,59,1.425,0.0,0.0,0.0,0.0,0.5085,0.7627,1.9322,0.1864,0.6471,0.0789,6.0,0.4286,0.1429,0.0,0.0,0.5085,0.339,0.1186,0.0339,0.0,0.875,0.0875,0.675
human,2109.11490,math.AP,2021,48,68,1.8958,0.2059,0.0588,0.2059,0.0588,0.3824,0.5882,1.3382,0.1176,0.6739,0.1209,17,0.2128,0.2979,0.0,0.0,0.3824,0.0,0.5882,0.0294,0.0,0.9792,0.5,0.0
human,2109.11546,math.CO,2021,15,15,1.5333,0.0,0.0,0.0,0.0,0.7333,1.0,1.5333,0.1333,0.8,0.2609,8,0.4667,0.0667,0.0,0.0,0.7333,0.2667,0.0,0.0,0.0,1.0,0.0,0.0
human,2109.11669,math.PR,2021,28,58,2.0714,0.3103,0.2931,0.3621,0.1552,0.5862,0.5345,1,0.0,0.6429,0.2414,10.0,0.0714,0.2143,0.0,0.0,0.5862,0.0,0.4138,0.0,0.0,1.0,0.1429,0.0
human,2109.11825,math.CV,2021,28,30,1.6429,0.1,0.0667,0.1333,0.2,0.5,0.5333,1.5333,0.1,0.56,0.1087,11,0.1852,0.1481,0.0,0.0,0.5,0.0,0.5,0.0,0.0,0.9643,0.1071,0.0
human,2109.12444,math.RA,2021,30,36,1.5,0.1667,0.1667,0.1944,0.0833,0.8333,0.6389,1.25,0.0556,0.76,0.2889,12.5,0.1667,0.2,0.0,0.0278,0.8056,0.0,0.1667,0.0,0.0,1.0,0.0,0.0333
human,2109.12585,math.MG,2021,54,149,3.2407,0.3624,0.3087,0.4094,0.2081,0.1879,0.3154,1.1745,0.0336,0.4906,0.1714,7.0,0.3409,0.1136,0.0134,0.0,0.1745,0.4362,0.3758,0.0,0.0,0.8148,0.2407,0.0
human,2109.12715,math.DG,2021,19,46,2.4211,0.4783,0.4565,0.4783,0.413,0.3261,0.5217,1,0.0,0.4211,0.1957,2,0.6842,0.1053,0.0,0.0,0.3261,0.2826,0.3913,0.0,0.0,1.0,0.2632,0.5263
human,2109.13965,math.OA,2021,5,7,1.4,0.2857,0.1429,0.2857,0.1429,1.0,0.8571,1,0.0,0.8,0.4286,15,0.4,0.0,0.1429,0.8571,0.0,0.0,0.0,0.0,0.0,1.0,0.4,0.0
human,2109.14415,math.AP,2021,35,165,5.0571,0.5273,0.4182,0.5455,0.1818,0.3939,0.3455,1.0727,0.0121,0.4571,0.452,8,0.2571,0.1429,0.0,0.0,0.3939,0.0,0.3333,0.0606,0.2121,1.0,0.1143,0.0
human,2109.14468,math.MG,2021,31,51,1.6452,0.2353,0.2157,0.2353,0.1176,0.4314,0.5294,1,0.0,0.7143,0.2353,30.0,0.1,0.5,0.0,0.0,0.4314,0.0,0.5686,0.0,0.0,0.9677,0.0323,0.7742
human,2109.14763,math.DG,2021,92,87,0.9783,0.5172,0.4828,0.5517,0.2759,0.3678,0.4253,1.0345,0.0115,0.52,0.3111,11.0,0.1795,0.0641,0.023,0.0,0.3448,0.2299,0.3333,0.0,0.069,0.8478,0.1413,0.0
human,2109.14890,math-ph,2021,19,24,1.4211,0.0,0.0,0.0,0.0,0.2083,0.2083,1.125,0.0,0.7368,0.12,14,0.0,0.1053,0.0,0.0,0.2083,0.0,0.5833,0.2083,0.0,1.0,0.0,0.8947
human,2110.00164,math.CO,2021,19,45,2.4737,0.1111,0.1111,0.1333,0.0222,0.5556,0.6889,1.0444,0.0,0.4737,0.1489,13,0.2105,0.2105,0.0,0.0,0.5556,0.1556,0.2222,0.0667,0.0,1.0,0.2632,0.0
human,2110.00793,math-ph,2021,11,0,0.0,,,,,,,,,,,26,0.0909,0.4545,,,,,,,,1.0,0.0,0.0
human,2110.02458,math.AT,2021,12,19,2.1667,0.0526,0.0526,0.3684,0.0,0.6316,0.5789,1.3684,0.1053,0.4545,0.1923,1,0.5556,0.1111,0.0,0.0,0.6316,0.2105,0.1579,0.0,0.0,0.75,0.1667,0.0
human,2110.02760,math.CA,2021,33,28,0.8485,0.0,0.0,0.0,0.0,0.0357,0.0357,1,0.0,0.963,0.0714,12,0.0968,0.129,0.0,0.0,0.0357,0.4643,0.5,0.0,0.0,0.9394,0.2121,0.0
human,2110.03387,math.CA,2021,53,69,1.5283,0.3043,0.1884,0.3043,0.1739,0.3623,0.6087,1.1739,0.029,0.6889,0.0988,8,0.3019,0.1887,0.0,0.0,0.3623,0.1739,0.4638,0.0,0.0,1.0,0.0,0.0377
human,2110.04078,math.NT,2021,42,112,2.6667,0.7143,0.5357,0.7143,0.1607,0.1875,0.3571,1,0.0,0.6053,0.3304,20.0,0.1579,0.1842,0.0,0.0,0.1875,0.0,0.7232,0.0,0.0893,0.9048,0.0238,0.0
human,2110.04190,cs.DS,2021,17,54,3.6471,0.0,0.0,0.0,0.0741,0.4815,0.4815,1.1481,0.0,0.4118,0.2167,4,0.4118,0.2353,0.0,0.0,0.4815,0.0741,0.4259,0.0185,0.0,1.0,0.0,0.0
human,2110.04436,math.AG,2021,7,27,4.0,0.4074,0.1852,0.4074,0.037,0.1852,0.2963,1.037,0.0,0.2,0.3636,52,0.0,1.0,0.0,0.0741,0.1111,0.0,0.8148,0.0,0.0,1.0,0.0,0.0
human,2110.04675,math-ph,2021,67,83,1.2388,0.0,0.0,0.0361,0.012,0.0,0.0361,1,0.0,0.6429,0.0602,9.0,0.3,0.15,0.0,0.0,0.0,0.0,1.0,0.0,0.0,0.8955,0.0746,0.0
human,2110.04688,math.AP,2021,25,27,2.48,0.0,0.0,0.037,0.0741,0.8148,0.6667,2.2963,0.1481,0.24,0.129,9,0.32,0.08,0.0,0.0,0.8148,0.1481,0.0,0.037,0.0,1.0,0.0,0.0
human,2110.04915,math.GT,2021,18,19,1.1111,0.0,0.0,0.0,0.0,0.5263,0.8947,1.0526,0.0,0.75,0.3,10.5,0.2143,0.0,0.0526,0.0,0.4737,0.3158,0.1053,0.0,0.0526,0.7778,0.0556,0.0
human,2110.04933,cs.DS,2021,6,16,3.1667,0.0,0.0,0.0,0.0,0.5,0.375,1.1875,0.0625,0.5,0.4211,15.5,0.1667,0.0,0.0,0.0,0.5,0.0,0.1875,0.3125,0.0,1.0,0.0,0.0
human,2110.04973,math.CO,2021,12,19,1.5833,0.6842,0.1053,0.6842,0.0,0.2105,0.7368,1,0.0,0.6667,0.1579,9,0.2727,0.1818,0.0,0.0,0.2105,0.0,0.7895,0.0,0.0,0.9167,0.0,0.0
human,2110.06346,math.FA,2021,13,36,2.7692,0.2222,0.1389,0.3889,0.2778,0.25,0.4444,1,0.0,0.5455,0.4444,12,0.0,0.3077,0.0,0.0,0.25,0.3333,0.4167,0.0,0.0,1.0,0.0,0.0
human,2110.07056,gr-qc,2021,76,51,1.6184,0.0,0.0,0.0196,0.0,0.3922,0.5098,2.4118,0.2353,0.6351,0.0732,12.0,0.1944,0.2639,0.0,0.0,0.3922,0.0,0.6078,0.0,0.0,0.9474,0.6053,0.0132
human,2110.07207,math.DG,2021,32,48,1.625,0.0,0.0,0.1042,0.0,0.0833,0.1875,1.0833,0.0208,0.6875,0.1538,39.0,0.125,0.625,0.0,0.0,0.0833,0.0,0.9167,0.0,0.0,1.0,0.0938,0.0
human,2110.07295,math.DG,2021,31,60,2.2581,0.5167,0.3667,0.6167,0.3667,0.2333,0.3833,1.1667,0.0333,0.5172,0.1143,28.5,0.0,0.4643,0.0,0.0,0.2333,0.1,0.6,0.0,0.0667,0.9032,0.0,0.0323
human,2110.07381,math.CO,2021,18,25,2.1111,0.0,0.0,0.0,0.0,0.96,0.24,1.52,0.16,0.3333,0.1316,21.0,0.0556,0.3333,0.0,0.0,0.96,0.0,0.04,0.0,0.0,1.0,0.0,0.0
human,2110.08734,math.OA,2021,28,107,4.25,0.5514,0.5047,0.5794,0.1215,0.1963,0.3551,1.1121,0.0374,0.3214,0.2185,18,0.0476,0.0952,0.0,0.0,0.1963,0.1963,0.6075,0.0,0.0,0.75,0.0,0.6786
human,2110.08854,quant-ph,2021,30,16,0.9333,0.0,0.0,0.0,0.0,0.9375,0.5625,1.75,0.125,0.88,0.0714,23,0.2414,0.2759,0.0,0.0,0.9375,0.0,0.0625,0.0,0.0,0.9667,0.0,0.0
human,2110.09636,math.CO,2021,17,19,1.2353,0.1053,0.1053,0.1053,0.3158,0.3158,0.3158,1.1053,0.0526,0.8,0.1429,38.0,0.0625,0.5625,0.0,0.0,0.3158,0.0,0.6842,0.0,0.0,0.9412,0.0588,0.0
human,2110.11185,math.CA,2021,39,47,1.8718,0.1489,0.1064,0.1489,0.0426,0.7021,0.7447,1.5532,0.1489,0.5897,0.0822,15.0,0.1579,0.1579,0.0,0.0,0.7021,0.0,0.2979,0.0,0.0,0.9744,0.0769,0.0
human,2110.11243,math.FA,2021,34,1,0.0294,0.0,0.0,0.0,0.0,0.0,1.0,1,0.0,1.0,1.0,13.0,0.1765,0.1765,0.0,0.0,0.0,1.0,0.0,0.0,0.0,1.0,0.0,0.0882
human,2110.11513,math.GR,2021,8,0,0.0,,,,,,,,,,,29.0,0.25,0.5,,,,,,,,1.0,0.125,0.75
human,2110.12161,math.AC,2021,29,22,1.3793,0.0909,0.0909,0.0909,0.0455,0.5909,0.5909,1.8182,0.1364,0.7241,0.1,13,0.1379,0.1379,0.0,0.0,0.5909,0.0,0.4091,0.0,0.0,1.0,0.0,0.0
human,2110.12421,cs.CC,2021,3,62,20.6667,0.1774,0.1774,0.2742,0.0,0.0645,0.2419,1,0.0,0.0,0.5161,42,0.3333,0.6667,0.0,0.0,0.0645,0.0,0.9355,0.0,0.0,1.0,0.3333,0.0
human,2110.12473,math.KT,2021,9,12,1.3333,0.0,0.0,0.0,0.0,0.1667,0.5833,1,0.0,0.8889,0.3333,8.0,0.25,0.25,0.0,0.0,0.1667,0.4167,0.4167,0.0,0.0,0.4444,0.0,0.0
human,2110.12716,math.PR,2021,12,48,4.0,0.5417,0.5208,0.5625,0.375,0.4167,0.5833,1,0.0,0.2727,0.3958,13.0,0.1,0.3,0.0833,0.0,0.3333,0.1458,0.4375,0.0,0.0,0.8333,0.0833,0.0
human,2110.13014,cs.CC,2021,37,49,1.9189,0.0816,0.0612,0.0816,0.2041,0.4286,0.4286,1.449,0.1429,0.6216,0.0986,7,0.1892,0.0541,0.0,0.0,0.4286,0.0204,0.5306,0.0204,0.0,1.0,0.0811,0.5405
human,2110.13108,math.OA,2021,8,17,2.5,0.5294,0.5294,0.5294,0.2353,0.7059,0.5882,1.1765,0.0,0.2,0.35,4.0,0.5,0.25,0.0,0.0,0.7059,0.0,0.2941,0.0,0.0,1.0,0.125,0.0
human,2110.13228,cs.LG,2021,15,15,1.0,0.0,0.0,0.0,0.0,0.8,0.9333,1,0.0,0.9286,0.1333,4,0.4667,0.0,0.0,0.0,0.8,0.0,0.2,0.0,0.0,1.0,0.3333,0.0
human,2110.13236,math.PR,2021,15,3,0.2667,0.0,0.0,0.0,0.3333,0.0,0.6667,1.3333,0.0,1.0,0.25,19,0.0,0.2308,0.0,0.0,0.0,0.6667,0.3333,0.0,0.0,0.8667,0.0,0.0667
human,2110.14762,math.AG,2021,3,33,11.0,0.8788,0.5455,0.8788,0.4242,1.0,0.3333,1,0.0,0.6667,0.9394,0,0.6667,0.0,0.0,1.0,0.0,0.0,0.0,0.0,0.0,1.0,0.3333,0.0
human,2110.15479,math.AG,2021,15,23,2.0,0.087,0.087,0.087,0.0435,0.6087,0.7826,1.3043,0.0435,0.4,0.1333,5,0.2,0.0667,0.0,0.0,0.6087,0.3043,0.087,0.0,0.0,1.0,0.0667,0.0667
human,2111.00433,quant-ph,2021,47,79,1.9787,0.0,0.0,0.0759,0.0,0.3291,0.3924,1.1772,0.0253,0.6957,0.1613,4,0.4255,0.0426,0.0,0.0,0.3291,0.1646,0.3671,0.1392,0.0,1.0,0.2766,0.0213
human,2111.00838,math.RT,2021,30,50,1.9667,0.04,0.0,0.04,0.02,0.46,0.76,1.18,0.04,0.6,0.1864,22,0.2,0.36,0.0,0.0,0.46,0.12,0.42,0.0,0.0,0.8333,0.1333,0.0333
human,2111.02731,math.PR,2021,24,50,2.25,0.12,0.0,0.38,0.3,0.32,0.36,1.08,0.0,0.5,0.1667,,,,0.0,0.0,0.32,0.0,0.58,0.1,0.0,,0.0,0.0
human,2111.02773,math.NT,2021,11,21,2.3636,0.4286,0.3333,0.4286,0.0476,0.9048,0.2381,1.2381,0.0952,0.4545,0.3077,5,0.3333,0.2222,0.0,0.0,0.9048,0.0,0.0476,0.0476,0.0,0.8182,0.0,0.0
human,2111.03085,cs.LG,2021,24,10,1.0833,0.0,0.0,0.0,0.0,0.6,0.6,2.6,0.5,0.9167,0.0769,4.5,0.3333,0.0417,0.0,0.0,0.6,0.0,0.4,0.0,0.0,1.0,0.0833,0.9167
human,2111.03373,math.AG,2021,32,100,3.4375,0.74,0.6,0.74,0.42,0.15,0.37,1.1,0.03,0.4375,0.2818,18,0.0968,0.2903,0.0,0.01,0.14,0.29,0.56,0.0,0.0,0.9688,0.0938,0.0
human,2111.03415,math-ph,2021,63,104,1.6825,0.0,0.0,0.0192,0.0,0.2981,0.3462,1.0192,0.0096,0.629,0.0472,18,0.0476,0.2698,0.0096,0.0,0.2885,0.0,0.7019,0.0,0.0,1.0,0.0,0.0
human,2111.03723,math.NT,2021,30,51,1.7,0.5294,0.3137,0.5882,0.0784,0.0,0.2941,1,0.0,0.52,0.1569,24,0.1034,0.4138,0.0,0.0,0.0,0.0,1.0,0.0,0.0,0.9667,0.0667,0.0
human,2111.04030,cs.IT,2021,23,58,2.5217,0.0,0.0,0.2414,0.0345,0.2241,0.5862,1,0.0,0.5217,0.1379,17,0.0435,0.4348,0.0,0.0,0.2241,0.2414,0.5345,0.0,0.0,1.0,0.0,0.1739
human,2111.04644,math.PR,2021,44,76,1.8864,0.1447,0.1316,0.3421,0.1053,0.4605,0.4868,1.0921,0.0263,0.7895,0.3494,8.0,0.1579,0.1316,0.0,0.0,0.4605,0.0,0.5395,0.0,0.0,0.8636,0.0455,0.7727
human,2111.05390,math.PR,2021,68,97,1.6765,0.1753,0.0928,0.3299,0.1546,0.4536,0.5052,1.1753,0.0309,0.3415,0.0965,16,0.2093,0.3256,0.0,0.0,0.4536,0.0,0.5464,0.0,0.0,0.6324,0.0588,0.0147
human,2111.05655,math.AG,2021,20,29,1.45,0.4483,0.3448,0.4483,0.3793,0.2414,0.3793,1,0.0,0.5455,0.3793,19.5,0.25,0.25,0.0,0.0,0.2414,0.2069,0.5517,0.0,0.0,0.6,0.0,0.0
human,2111.05661,math-ph,2021,56,32,0.875,0.25,0.0625,0.25,0.1562,0.25,0.4688,1.5312,0.0625,0.68,0.2041,17,0.16,0.16,0.0,0.0,0.25,0.0,0.75,0.0,0.0,0.4464,0.0,0.0179
human,2111.06863,cs.DS,2021,28,57,2.0357,0.0,0.0,0.0175,0.0,0.6667,0.4386,1,0.0,0.75,0.2982,2.0,0.6429,0.0,0.0,0.0,0.6667,0.0,0.3333,0.0,0.0,1.0,0.1786,0.3929
human,2111.06917,math.CA,2021,52,63,1.9808,0.0635,0.0635,0.0635,0.0635,0.3175,0.2857,1.6349,0.1429,0.3824,0.1456,12,0.2979,0.1064,0.0,0.0,0.3175,0.1587,0.4127,0.1111,0.0,0.9038,0.0,0.0
human,2111.07497,math.PR,2021,16,17,1.375,0.0,0.0,0.0,0.0,0.7059,0.8235,1.2941,0.1176,0.7333,0.2273,10.5,0.0625,0.1875,0.0,0.0,0.7059,0.2941,0.0,0.0,0.0,1.0,0.0,0.0
human,2111.07810,math.PR,2021,26,38,1.4615,0.1316,0.0526,0.2895,0.1053,0.5,0.5789,1,0.0,0.8462,0.2105,19.5,0.0,0.3846,0.0,0.0,0.5,0.0526,0.4211,0.0,0.0263,1.0,0.0,0.0
human,2111.08150,math.GT,2021,23,41,1.7826,0.0,0.0,0.0488,0.0488,0.2439,0.4878,1,0.0,0.6522,0.1707,22,0.2174,0.2609,0.0,0.0,0.2439,0.0,0.7561,0.0,0.0,1.0,0.1304,0.5217
human,2111.08293,math.PR,2021,18,27,1.5,0.0,0.0,0.1481,0.1111,0.7778,0.7778,1,0.0,0.8889,0.3333,1.5,0.6667,0.0556,0.0,0.0,0.7778,0.0,0.2222,0.0,0.0,1.0,0.1111,0.0
human,2111.08360,math.DS,2021,39,43,1.5897,0.3256,0.3256,0.3256,0.1628,0.4186,0.5349,1.4419,0.0465,0.8158,0.1774,8.0,0.2895,0.1053,0.0,0.0,0.4186,0.1628,0.4186,0.0,0.0,0.9744,0.1026,0.0
human,2111.08958,math.GR,2021,30,78,2.6,0.0,0.0,0.2308,0.0128,0.5128,0.641,1,0.0,0.4,0.141,25,0.0345,0.3793,0.0256,0.0,0.4872,0.2949,0.1923,0.0,0.0,0.9667,0.0333,0.0
human,2111.09290,cs.DS,2021,14,30,2.2857,0.0333,0.0333,0.0667,0.0,0.5667,0.8333,1.0667,0.0,0.5714,0.2812,11.0,0.2857,0.3571,0.0,0.0,0.5667,0.2667,0.1667,0.0,0.0,1.0,0.1429,0.2857
human,2111.09532,math.DG,2021,15,9,0.6,0.0,0.0,0.0,0.1111,0.4444,0.4444,1,0.0,0.7143,0.2222,22,0.1538,0.3846,0.0,0.0,0.4444,0.1111,0.4444,0.0,0.0,0.8667,0.2667,0.0
human,2111.09806,math.LO,2021,9,9,1.0,0.1111,0.1111,0.1111,0.0,0.2222,0.3333,1,0.0,1.0,0.1111,14,0.2222,0.3333,0.0,0.0,0.2222,0.1111,0.6667,0.0,0.0,1.0,0.0,0.0
human,2111.10702,math.CO,2021,53,65,1.4906,0.1692,0.0923,0.1692,0.1538,0.3692,0.3692,1.2154,0.0154,0.5769,0.0759,8,0.2264,0.1132,0.0,0.0,0.3692,0.0,0.4769,0.1538,0.0,1.0,0.0,0.0
human,2111.10997,math.AG,2021,15,22,1.4667,0.3182,0.2273,0.3182,0.0909,0.6364,0.6818,1,0.0,0.8,0.2727,7,0.4667,0.2,0.0,0.0,0.6364,0.0,0.3636,0.0,0.0,1.0,0.6,0.0667
human,2111.11774,math.CO,2021,9,15,1.6667,0.0,0.0,0.0,0.4,0.2,0.5333,1,0.0,0.4444,0.2,21,0.1111,0.3333,0.0,0.0,0.2,0.0,0.8,0.0,0.0,1.0,0.0,0.0
human,2111.12020,math.DG,2021,44,71,1.9545,0.338,0.3239,0.4225,0.0986,0.2817,0.3239,1.2113,0.0704,0.6591,0.1163,6.0,0.3636,0.1136,0.0,0.0,0.2817,0.3944,0.3239,0.0,0.0,1.0,0.1818,0.0
human,2111.12432,math.AP,2021,22,30,1.5455,0.0667,0.0,0.0667,0.0,0.9667,0.9333,1.1333,0.0333,0.6818,0.2059,8,0.1905,0.2381,0.0,0.0,0.9667,0.0,0.0333,0.0,0.0,0.9545,0.0455,0.0
human,2111.12601,math.OA,2021,19,29,1.5789,0.5172,0.4828,0.5172,0.1724,1.0,0.6207,1.0345,0.0,0.6316,0.1333,16,0.2105,0.3684,0.0,0.0,1.0,0.0,0.0,0.0,0.0,1.0,0.0,0.0
human,2111.12985,math.AG,2021,35,33,1.0857,0.1212,0.0606,0.1212,0.0303,0.5152,0.5152,1.1515,0.0,0.65,0.2368,18,0.1905,0.381,0.0,0.0,0.5152,0.0,0.4848,0.0,0.0,0.6,0.1429,0.0286
human,2111.13056,math.NT,2021,27,82,3.037,0.7927,0.5488,0.8049,0.2683,0.2561,0.3415,1,0.0,0.5556,0.3659,16,0.1852,0.2963,0.0,0.0,0.2561,0.0,0.7439,0.0,0.0,1.0,0.037,0.0
human,2111.13616,math.GR,2021,14,29,2.0714,0.4483,0.4138,0.4483,0.069,0.4483,0.4483,1,0.0,0.5,0.2414,3.0,0.5714,0.0,0.0,0.0,0.4483,0.2069,0.3448,0.0,0.0,1.0,0.1429,0.0
human,2111.13631,math.DG,2021,24,64,2.75,0.1875,0.1406,0.3125,0.0625,0.5156,0.5,1.0312,0.0156,0.625,0.5152,8,0.2174,0.2174,0.0,0.0,0.5156,0.0,0.4844,0.0,0.0,0.9583,0.0833,0.5
human,2111.13973,math.PR,2021,19,27,1.5263,0.0,0.0,0.037,0.0741,0.5185,0.5185,1.0741,0.037,0.5625,0.2414,21,0.0,0.1579,0.0,0.0,0.5185,0.0,0.4815,0.0,0.0,1.0,0.0,0.0
human,2111.14179,gr-qc,2021,79,33,1.1646,0.0,0.0,0.0,0.0,0.5152,0.4848,2.7879,0.2424,0.8861,0.0543,6.0,0.3649,0.0676,0.0,0.0,0.5152,0.0,0.3939,0.0909,0.0,0.9367,0.8354,0.7342
human,2112.00332,math.RA,2021,17,32,1.8824,0.125,0.0938,0.1562,0.0,0.3438,0.4375,1,0.0,0.7059,0.25,21,0.2353,0.4706,0.0,0.0,0.3438,0.0,0.6562,0.0,0.0,1.0,0.1765,0.0
human,2112.00418,math.GT,2021,22,15,0.8636,0.1333,0.0667,0.1333,0.4667,0.4,0.0,1.2667,0.0667,0.8824,0.1053,25,0.2,0.4,0.0,0.0,0.4,0.0,0.6,0.0,0.0,0.6818,0.0909,0.0
human,2112.00514,math.AG,2021,6,20,3.3333,0.25,0.2,0.6,0.3,0.3,0.45,1,0.0,0.8333,0.75,11,0.2,0.2,0.0,0.0,0.3,0.0,0.7,0.0,0.0,0.8333,0.0,0.1667
human,2112.01248,math.FA,2021,19,32,2.0,0.2188,0.1562,0.2188,0.0,0.2812,0.2812,1.1875,0.0312,0.6111,0.2368,20,0.1579,0.3158,0.0,0.0,0.2812,0.0,0.7188,0.0,0.0,1.0,0.0,0.0
human,2112.02066,math.PR,2021,36,24,1.4167,0.3333,0.3333,0.3333,0.2083,0.8333,0.625,2.125,0.1667,0.6944,0.098,11.5,0.3056,0.1111,0.0,0.0,0.8333,0.0,0.1667,0.0,0.0,1.0,0.1667,0.0
human,2112.02703,math-ph,2021,39,67,2.4359,0.2836,0.1194,0.2836,0.0448,0.403,0.6567,1.4179,0.0746,0.6923,0.1474,5,0.4359,0.0256,0.0,0.0,0.403,0.2239,0.3731,0.0,0.0,1.0,0.1538,0.0
human,2112.02704,math.GR,2021,8,14,1.75,0.0,0.0,0.2857,0.0714,0.7857,0.3571,1,0.0,0.625,0.3571,29.0,0.0,0.5,0.0,0.0,0.7857,0.0,0.2143,0.0,0.0,1.0,0.0,0.0
human,2112.03058,math.AG,2021,32,25,1.375,0.0,0.0,0.0,0.0,0.2,0.32,1.76,0.16,0.6,0.1591,21.5,0.0333,0.3,0.0,0.0,0.2,0.6,0.12,0.08,0.0,0.9375,0.0312,0.0
human,2112.03156,math.AG,2021,44,98,2.2273,0.5408,0.4184,0.5612,0.2041,0.3571,0.551,1,0.0,0.4595,0.1224,14.5,0.2273,0.2273,0.0204,0.0,0.3367,0.3469,0.2959,0.0,0.0,1.0,0.1364,0.4545
human,2112.03183,cs.DS,2021,27,29,1.2963,0.2069,0.2069,0.2069,0.2069,0.3448,0.4483,1.2069,0.0345,0.8889,0.2,3,0.5556,0.0741,0.0,0.0,0.3448,0.0345,0.4483,0.1724,0.0,1.0,0.0,0.0
human,2112.03228,math.PR,2021,49,80,2.1837,0.45,0.3875,0.45,0.225,0.3125,0.3625,1.3375,0.075,0.5102,0.1308,6,0.383,0.0213,0.0125,0.0,0.3,0.2875,0.3875,0.0125,0.0,0.9592,0.1429,0.1429
human,2112.03305,math.QA,2021,41,62,1.9268,0.1452,0.129,0.1452,0.0,0.2742,0.371,1.2742,0.0806,0.6585,0.1013,25.5,0.125,0.375,0.0,0.0,0.2742,0.129,0.4194,0.0,0.1774,0.9756,0.0,0.0
human,2112.03893,math.CO,2021,26,37,1.7308,0.0811,0.0541,0.1081,0.027,0.7297,0.9459,1.2162,0.0541,0.7692,0.2444,14.5,0.25,0.4583,0.0,0.0,0.7297,0.1351,0.1351,0.0,0.0,0.9231,0.0769,0.0
human,2112.04060,quant-ph,2021,43,24,1.2791,0.0,0.0,0.0,0.0,0.5,0.625,2.2917,0.2917,0.814,0.1091,5.0,0.2857,0.0476,0.0,0.0,0.5,0.0,0.2083,0.2917,0.0,0.9767,0.0,0.8372
human,2112.05866,cs.DS,2021,34,55,2.2353,0.0364,0.0364,0.0364,0.0364,0.8909,0.8545,1.3818,0.1091,0.6061,0.1316,6.0,0.2941,0.1176,0.0,0.0,0.8909,0.0727,0.0364,0.0,0.0,1.0,0.0294,0.9118
human,2112.06337,math.AG,2021,40,59,1.5,0.4237,0.2203,0.4237,0.0678,0.3898,0.3898,1.0169,0.0,0.6452,0.1,20.0,0.15,0.275,0.0,0.0,0.3898,0.1017,0.5085,0.0,0.0,1.0,0.05,0.0
human,2112.06690,math.OA,2021,56,87,2.3929,0.0115,0.0,0.1609,0.023,0.4598,0.4828,1.5402,0.1724,0.4182,0.0597,23.5,0.1071,0.2679,0.0,0.0,0.4598,0.0,0.5402,0.0,0.0,1.0,0.0179,0.0
human,2112.07609,math.CO,2021,1,14,14.0,0.0,0.0,0.0,0.1429,0.0714,0.5,1,0.0,,,,,,0.0714,0.0,0.0,0.0,0.9286,0.0,0.0,,0.0,0.0
human,2112.09101,math.AG,2021,26,45,1.7308,0.3111,0.2889,0.3556,0.2889,0.2667,0.3778,1,0.0,0.5769,0.1333,20.0,0.1154,0.3846,0.0,0.0,0.2667,0.0,0.5556,0.1333,0.0444,1.0,0.0,0.0
human,2112.10199,cs.GT,2021,35,39,1.5143,0.0,0.0,0.0,0.0256,0.7436,0.8718,1.359,0.1026,0.6,0.0755,6,0.3143,0.1429,0.0,0.0,0.7436,0.0256,0.2308,0.0,0.0,1.0,0.0,0.1714
human,2112.10546,math.AP,2021,18,29,2.1667,0.4828,0.1034,0.4828,0.0,0.3103,0.5172,1.3448,0.069,0.8,0.4103,24.5,0.2222,0.4444,0.0,0.0,0.3103,0.0,0.6897,0.0,0.0,1.0,0.0,0.0556
human,2112.10900,cs.DS,2021,24,19,1.2917,0.0,0.0,0.0,0.0,0.0526,0.2105,1.6316,0.1579,0.9167,0.0769,15.0,0.0,0.1667,0.0,0.0526,0.0,0.1579,0.5263,0.2632,0.0,1.0,0.0,0.3333
human,2112.12425,math.AP,2021,29,20,1.3793,0.05,0.0,0.05,0.25,0.35,0.65,2,0.25,0.6,0.1,20,0.0741,0.2963,0.0,0.0,0.35,0.0,0.65,0.0,0.0,0.931,0.0345,0.0
human,2112.12574,math.PR,2021,26,42,1.6154,0.0,0.0,0.0238,0.0,1.0,0.3333,1,0.0,0.5769,0.119,12.0,0.1538,0.3846,0.0,1.0,0.0,0.0,0.0,0.0,0.0,1.0,0.1923,0.0
human,2112.13386,cs.AI,2021,30,72,3.2,0.1111,0.1111,0.1111,0.0417,0.25,0.3056,1.3333,0.0694,0.3333,0.2,8.0,0.2333,0.0333,0.0,0.0,0.25,0.5278,0.1667,0.0556,0.0,1.0,0.5333,0.7333
human,2112.13685,math.RT,2021,16,43,2.6875,0.5581,0.2558,0.5581,0.093,0.1628,0.3023,1,0.0,0.2857,0.2791,18.5,0.3125,0.1875,0.0,0.1628,0.0,0.2093,0.6279,0.0,0.0,1.0,0.0625,0.0
human,2112.13824,cs.DS,2021,28,32,1.5,0.0625,0.0625,0.0625,0.25,0.5938,0.6562,1.3125,0.125,0.75,0.119,11.5,0.2143,0.3571,0.0,0.0,0.5938,0.0,0.375,0.0312,0.0,1.0,0.0,0.0357
human,2112.13832,cs.DS,2021,18,43,2.9444,0.0,0.0,0.0233,0.0465,0.3488,0.186,1.2326,0.0233,0.7059,0.5472,3,0.5294,0.0,0.0,0.0,0.3488,0.0,0.6512,0.0,0.0,0.9444,0.0,0.0
human,2112.14601,math.SG,2021,9,27,3.2222,0.0741,0.037,0.0741,0.0,0.3704,0.3704,1.0741,0.0,0.5556,0.5172,0.5,0.75,0.125,0.0,0.0,0.3704,0.5185,0.1111,0.0,0.0,0.8889,0.0,0.4444
human,2112.14723,math.KT,2021,25,60,2.4,0.5167,0.4333,0.5167,0.05,0.15,0.2,1,0.0,0.64,0.1833,8,0.28,0.24,0.0,0.0,0.15,0.0,0.85,0.0,0.0,1.0,0.0,0.0
human,2112.15391,math-ph,2021,20,21,1.9,0.0,0.0,0.0,0.0,0.3333,0.5238,1.8095,0.1429,0.5,0.1316,33.5,0.0,0.6,0.0,0.0,0.3333,0.0952,0.5714,0.0,0.0,1.0,0.15,0.0
human,2201.00473,math.NT,2022,23,35,1.8261,0.3429,0.2,0.3429,0.2286,0.5714,0.6286,1.2,0.0571,0.6,0.1667,19.0,0.05,0.05,0.0,0.0,0.5714,0.1714,0.2571,0.0,0.0,0.8696,0.0435,0.0
human,2201.00478,math.NT,2022,13,14,1.0769,0.0,0.0,0.0,0.0,0.7857,0.6429,1,0.0,0.7273,0.1429,4.5,0.2,0.1,0.0,0.0,0.7857,0.0,0.2143,0.0,0.0,0.7692,0.7692,0.0
human,2201.01665,math.AG,2022,16,79,4.9375,0.7342,0.6835,0.7468,0.2785,0.3165,0.4557,1,0.0,0.5,0.2785,27.0,0.25,0.4375,0.0,0.0,0.3165,0.0,0.6835,0.0,0.0,1.0,0.0625,0.0
human,2201.02191,math.FA,2022,24,31,1.375,0.4194,0.3226,0.4194,0.1935,0.5161,0.5484,1.0645,0.0,0.7391,0.1212,9.0,0.125,0.1667,0.0,0.0,0.5161,0.1613,0.3226,0.0,0.0,1.0,0.0833,0.0
human,2201.02332,math.CO,2022,9,9,1.0,0.0,0.0,0.0,0.0,0.1111,0.1111,1,0.0,1.0,0.1111,33,0.1111,0.6667,0.0,0.0,0.1111,0.0,0.8889,0.0,0.0,1.0,0.0,0.0
human,2201.02520,math.CO,2022,3,8,2.6667,0.0,0.0,0.0,0.0,1.0,1.0,1,0.0,0.3333,0.625,4,0.3333,0.3333,0.125,0.0,0.875,0.0,0.0,0.0,0.0,1.0,0.0,0.0
human,2201.02975,math.PR,2022,32,36,1.5938,0.1389,0.0,0.5833,0.0,0.4722,0.4444,1.4167,0.1389,0.625,0.098,12.0,0.0938,0.1562,0.0,0.0,0.4722,0.0,0.5278,0.0,0.0,1.0,0.0,0.0
human,2201.04041,math.FA,2022,7,12,1.7143,0.8333,0.6667,0.8333,0.1667,0.4167,0.5833,1,0.0,0.4286,0.25,45,0.0,0.8571,0.0,0.0,0.4167,0.0,0.5833,0.0,0.0,1.0,0.0,0.0
human,2201.05377,math.PR,2022,45,101,2.8444,0.5446,0.4653,0.5743,0.3564,0.1782,0.5149,1.2673,0.0792,0.7333,0.3594,10.0,0.1429,0.0714,0.0,0.0,0.1782,0.0,0.6337,0.0,0.1881,0.9333,0.0,0.0
human,2201.06278,math.PR,2022,11,33,3.0,0.6364,0.4242,0.6364,0.2121,0.3636,0.5758,1,0.0,0.4545,0.5152,26,0.0909,0.2727,0.0,0.0,0.3636,0.1212,0.5152,0.0,0.0,1.0,0.0909,0.0
human,2201.06508,quant-ph,2022,46,67,1.8913,0.0,0.0,0.0,0.0,0.194,0.4776,1.2985,0.0448,0.7391,0.1034,12,0.1333,0.0667,0.0,0.0,0.194,0.2836,0.4925,0.0299,0.0,0.9783,0.0217,0.0
human,2201.06766,math.NT,2022,20,59,2.95,0.7288,0.5254,0.7288,0.339,0.1017,0.322,1,0.0,0.55,0.1864,24.5,0.3,0.4,0.0,0.0,0.1017,0.0,0.8983,0.0,0.0,1.0,0.0,0.0
human,2201.06784,math.CO,2022,9,18,2.0,0.0,0.0,0.2222,0.0,0.8333,1.0,1,0.0,0.7778,0.3889,18,0.1111,0.3333,0.0,0.0,0.8333,0.0,0.1667,0.0,0.0,1.0,0.1111,0.0
human,2201.07878,math.CO,2022,46,55,1.1957,0.0,0.0,0.1091,0.0182,0.4545,0.4364,1,0.0,0.5862,0.1091,16.5,0.0526,0.2368,0.0,0.0,0.4545,0.0364,0.4909,0.0182,0.0,0.8261,0.0217,0.0
human,2201.08036,math.GR,2022,11,31,2.8182,0.5161,0.4839,0.8065,0.1935,0.7097,0.6452,1,0.0,0.5455,0.3548,4,0.3636,0.1818,0.0,0.0,0.7097,0.0968,0.1935,0.0,0.0,1.0,0.0,0.0
human,2201.08329,math.GR,2022,23,37,1.6087,0.0,0.0,0.4595,0.0,0.3514,0.7027,1,0.0,0.6957,0.1351,20.0,0.05,0.3,0.0,0.0,0.3514,0.2973,0.3514,0.0,0.0,0.8696,0.1739,0.0
human,2201.09029,math.PR,2022,21,44,2.4286,0.0227,0.0,0.2273,0.1136,0.4545,0.3636,1.1591,0.0455,0.4762,0.1373,12.0,0.1,0.15,0.0,0.0,0.4545,0.0,0.4773,0.0682,0.0,0.9524,0.0,0.7619
human,2201.10835,cs.CC,2022,63,79,1.7937,0.0,0.0,0.0506,0.0253,0.6962,0.6835,1.4304,0.0886,0.7143,0.0708,13.0,0.2258,0.1129,0.0,0.0,0.6962,0.0506,0.1646,0.0886,0.0,0.9841,0.0,0.0
human,2201.11234,math.MG,2022,39,50,1.3077,0.02,0.02,0.02,0.14,0.64,0.6,1.02,0.0,0.8205,0.0784,25,0.1892,0.4595,0.0,0.0,0.64,0.0,0.36,0.0,0.0,0.9487,0.0513,0.0
human,2201.11357,math.AP,2022,46,75,2.0652,0.4267,0.2533,0.4533,0.2133,0.56,0.3333,1.2667,0.04,0.6136,0.1368,9,0.1628,0.1628,0.0,0.0,0.56,0.0,0.44,0.0,0.0,0.9348,0.1304,0.0
human,2201.11610,math.PR,2022,33,66,2.2424,0.0,0.0,0.3485,0.0152,0.5,0.5303,1.1212,0.0303,0.7879,0.2703,7,0.303,0.1212,0.0,0.0,0.5,0.4394,0.0455,0.0152,0.0,1.0,0.0909,0.697
human,2201.12095,math.FA,2022,23,35,2.4348,0.6857,0.6571,0.7429,0.0571,0.4286,0.4286,1.6,0.1143,0.4783,0.2143,18.0,0.2727,0.2727,0.0,0.0,0.4286,0.4,0.1714,0.0,0.0,0.9565,0.0435,0.0
human,2201.12319,math.RT,2022,1,42,42.0,0.9048,0.5238,0.9048,0.119,0.0476,0.4762,1,0.0,0.0,1.0,28,0.0,0.0,0.0,0.0,0.0476,0.5952,0.3571,0.0,0.0,1.0,0.0,0.0
human,2201.12481,math.NT,2022,51,54,1.098,0.3519,0.2407,0.3519,0.3333,0.5556,0.537,1.037,0.0185,0.5909,0.3036,16,0.087,0.2609,0.0,0.0,0.5556,0.0741,0.3704,0.0,0.0,0.451,0.0392,0.0
human,2201.12580,math.GR,2022,13,15,1.5385,0.2,0.2,0.2,0.1333,0.4667,0.4667,1.3333,0.1333,0.5385,0.15,26.5,0.0833,0.5,0.0,0.0,0.4667,0.0,0.5333,0.0,0.0,0.9231,0.1538,0.2308
human,2201.12654,math.DG,2022,23,46,2.1304,0.0,0.0,0.087,0.1087,0.087,0.3043,1.0652,0.0217,0.6957,0.2653,16.0,0.05,0.45,0.0,0.0,0.087,0.0,0.913,0.0,0.0,0.8696,0.1304,0.0
human,2201.13068,math.DG,2022,39,32,1.2821,0.125,0.0938,0.125,0.0,0.6562,0.7188,1.5625,0.1562,0.8718,0.12,13,0.1892,0.1622,0.0,0.0,0.6562,0.0,0.3438,0.0,0.0,0.9487,0.0256,0.8205
human,2201.13255,math.PR,2022,9,20,2.4444,0.2,0.1,0.2,0.0,0.35,0.45,1.1,0.0,0.5556,0.3636,23,0.2222,0.1111,0.0,0.0,0.35,0.15,0.15,0.35,0.0,1.0,0.0,0.6667
human,2202.00301,math.AG,2022,31,49,1.7419,0.3673,0.1429,0.4082,0.2653,0.2245,0.3265,1.102,0.0204,0.5667,0.1111,7,0.2593,0.1111,0.0,0.0,0.2245,0.0408,0.7347,0.0,0.0,0.871,0.0968,0.0
human,2202.00546,math.PR,2022,16,8,1.0625,0.0,0.0,0.0,0.125,0.625,0.625,2.125,0.25,0.9375,0.1176,6.5,0.1875,0.125,0.0,0.0,0.625,0.0,0.25,0.125,0.0,1.0,0.0625,0.0
human,2202.00634,quant-ph,2022,53,39,1.3019,0.0,0.0,0.0,0.0,0.5128,0.5897,1.7692,0.2564,0.7925,0.0725,4,0.4717,0.0189,0.0,0.0,0.5128,0.0,0.3333,0.0256,0.1282,1.0,0.0189,0.9811
human,2202.00873,math.NT,2022,14,16,1.2143,0.0,0.0,0.0625,0.3125,1.0,0.375,1.0625,0.0,0.6923,0.1176,17.5,0.0,0.2857,0.0,1.0,0.0,0.0,0.0,0.0,0.0,1.0,0.0,0.6429
human,2202.00977,math.PR,2022,29,32,2.0345,0.1875,0.1875,0.1875,0.0625,0.9062,0.5938,1.8438,0.2188,0.5862,0.2203,3.0,0.5357,0.0714,0.0,0.0,0.9062,0.0,0.0938,0.0,0.0,0.9655,0.069,0.0
human,2202.01345,math.PR,2022,9,35,3.8889,0.4857,0.4286,0.5143,0.1714,0.4857,0.2571,1,0.0,0.2222,0.3143,16,0.1111,0.3333,0.0,0.0,0.4857,0.0,0.4857,0.0,0.0286,1.0,0.0,0.0
human,2202.01353,math.PR,2022,48,41,1.9583,0.1707,0.122,0.1707,0.0244,0.4146,0.4146,2.2927,0.2195,0.6042,0.1064,16.5,0.125,0.1458,0.0,0.0,0.4146,0.1951,0.3902,0.0,0.0,1.0,0.0417,0.0208
human,2202.01655,math.PR,2022,53,47,1.4151,0.0,0.0,0.2553,0.2128,0.4681,0.4043,1.5957,0.1489,0.8113,0.1733,8,0.2264,0.1509,0.0,0.0,0.4681,0.3191,0.2128,0.0,0.0,1.0,0.0,0.0
human,2202.02289,math.PR,2022,35,42,1.6286,0.0952,0.0714,0.0952,0.0476,0.7143,0.6667,1.3571,0.0714,0.7714,0.2105,8,0.2286,0.1143,0.0,0.0,0.7143,0.0,0.2857,0.0,0.0,1.0,0.2,0.0
human,2202.02571,physics.chem-ph,2022,20,20,1.0,0.0,0.0,0.0,0.0,1.0,0.05,1,0.0,0.3333,0.25,31,0.0,0.5556,0.0,1.0,0.0,0.0,0.0,0.0,0.0,0.45,0.0,0.05
human,2202.02766,math.PR,2022,23,35,1.6522,0.0286,0.0286,0.1429,0.1143,0.5429,0.6857,1.0857,0.0,0.7391,0.2105,17,0.1304,0.2174,0.0,0.0,0.5429,0.1429,0.3143,0.0,0.0,1.0,0.0435,0.7826
human,2202.02885,math.PR,2022,28,35,1.6429,0.1429,0.1143,0.1429,0.0286,0.6286,0.6857,1.3143,0.0857,0.6786,0.1304,20,0.037,0.1852,0.0,0.0,0.6286,0.0,0.3714,0.0,0.0,0.9643,0.0,0.6071
human,2202.04352,math.AG,2022,31,88,2.9032,0.9205,0.4545,0.9205,0.1932,0.1705,0.375,1.0227,0.0,0.5172,0.1778,32,0.037,0.5185,0.0,0.0,0.1705,0.0,0.8295,0.0,0.0,0.871,0.0645,0.0
human,2202.04790,math.DG,2022,10,19,2.1,0.0,0.0,0.0526,0.0,0.3158,0.4211,1.1053,0.0526,0.5,0.2857,18.5,0.1,0.4,0.0,0.0,0.3158,0.0,0.6842,0.0,0.0,1.0,0.0,0.0
human,2202.04865,math.PR,2022,48,37,1.25,0.0,0.0,0.0811,0.0,0.4595,0.4595,1.6216,0.0811,0.875,0.0833,18.5,0.0,0.3125,0.0,0.0,0.4595,0.0,0.5405,0.0,0.0,1.0,0.0,0.0
human,2202.04923,math.AG,2022,11,11,1.0,0.3636,0.3636,0.4545,0.0,0.3636,0.4545,1,0.0,0.7778,0.1818,10.0,0.1,0.1,0.0,0.0,0.3636,0.0,0.6364,0.0,0.0,0.9091,0.0909,0.0
human,2202.05578,math.AP,2022,60,78,1.35,0.1923,0.1282,0.1923,0.0513,0.6026,0.6538,1.0385,0.0,0.5161,0.0988,19,0.0755,0.2642,0.0,0.0,0.6026,0.0,0.3974,0.0,0.0,0.8833,0.0167,0.0167
human,2202.06096,cs.LG,2022,42,53,1.619,0.0,0.0,0.0,0.0,0.1887,0.3962,1.283,0.0943,0.6429,0.1176,3.0,0.5238,0.0238,0.0,0.0,0.1887,0.0,0.8113,0.0,0.0,1.0,0.0238,0.0
human,2202.06192,math.CO,2022,13,14,1.2308,0.0,0.0,0.0,0.0,0.9286,0.2857,1.1429,0.0714,0.7692,0.125,8,0.3846,0.2308,0.0,0.0,0.9286,0.0,0.0714,0.0,0.0,1.0,0.0,0.0
human,2202.06217,math.CT,2022,40,42,1.425,0.4286,0.1429,0.4286,0.0476,0.2619,0.4524,1.3571,0.0714,0.4828,0.0877,30,0.0513,0.5128,0.0,0.0,0.2619,0.1905,0.5476,0.0,0.0,0.975,0.0,0.025
human,2202.06285,cs.LO,2022,25,35,1.6,0.0857,0.0857,0.0857,0.0571,0.4,0.4,1.1429,0.0286,0.72,0.15,8,0.16,0.04,0.0,0.0,0.4,0.0,0.6,0.0,0.0,1.0,0.0,0.0
human,2202.06436,math.GT,2022,68,106,1.7059,0.6509,0.4623,0.6509,0.0849,0.1132,0.3774,1.0943,0.0189,0.7222,0.1379,25.0,0.0735,0.4559,0.0,0.0,0.1132,0.0,0.8868,0.0,0.0,1.0,0.0,0.0
human,2202.06799,math.NT,2022,31,55,1.871,0.1636,0.1636,0.3455,0.0545,0.6182,0.6364,1.0545,0.0,0.7419,0.2931,10,0.2903,0.1935,0.0,0.0,0.6182,0.0,0.2364,0.0,0.1455,1.0,0.2258,0.0
human,2202.06916,math.PR,2022,29,36,1.6897,0.0833,0.0556,0.0833,0.0,0.8889,0.8889,1.3611,0.0556,0.5926,0.102,11,0.1724,0.1379,0.0278,0.0,0.8611,0.0,0.1111,0.0,0.0,1.0,0.069,0.0
human,2202.08111,math.AP,2022,8,22,2.75,0.0,0.0,0.0455,0.0,0.6818,1.0,1,0.0,0.5,0.4091,40.5,0.125,0.5,0.0455,0.0,0.6364,0.0,0.3182,0.0,0.0,1.0,0.125,0.0
human,2202.08689,math.PR,2022,44,93,3.1136,0.2258,0.1935,0.2258,0.086,0.2903,0.4409,1.4731,0.0968,0.4318,0.1095,16.0,0.1364,0.0909,0.0,0.0,0.2903,0.0,0.6989,0.0108,0.0,1.0,0.0682,0.0
human,2202.09705,math.GR,2022,38,54,1.5526,0.6667,0.5926,0.7037,0.1481,0.3889,0.3519,1.0926,0.037,0.5714,0.0847,34.5,0.0833,0.5556,0.0,0.0,0.3889,0.0,0.6111,0.0,0.0,0.9474,0.0263,0.0
human,2202.09896,math.GR,2022,8,22,2.75,0.4091,0.4091,0.4091,0.1364,0.5909,0.5,1,0.0,0.5,0.3636,30.5,0.0,0.5,0.0,0.0,0.5909,0.0,0.4091,0.0,0.0,1.0,0.0,0.5
human,2202.10087,math.GR,2022,51,92,2.5686,0.3152,0.2935,0.3587,0.4022,0.337,0.4783,1.4239,0.0652,0.4902,0.1832,35,0.0612,0.6735,0.0,0.0,0.337,0.0978,0.5652,0.0,0.0,0.9608,0.0588,0.0
human,2202.10767,math.AP,2022,38,97,2.5526,0.0309,0.0,0.0309,0.1031,0.0,0.7216,1,0.0,0.4211,0.134,9.0,0.1579,0.1579,0.0,0.0,0.0,0.0,1.0,0.0,0.0,1.0,0.0,0.0
human,2202.11318,math.AP,2022,30,50,2.1667,0.26,0.2,0.32,0.14,0.68,0.36,1.3,0.08,0.5172,0.1538,12,0.1034,0.1379,0.0,0.0,0.68,0.0,0.32,0.0,0.0,0.9667,0.0667,0.0333
human,2202.11780,math.PR,2022,24,32,1.5833,0.25,0.125,0.3125,0.0625,0.4062,0.4062,1.1875,0.0312,0.625,0.1053,29.5,0.125,0.5,0.0,0.0,0.4062,0.0,0.3125,0.2812,0.0,1.0,0.125,0.0
human,2202.11885,cs.DS,2022,28,38,1.7857,0.0,0.0,0.0,0.0,0.5,0.5263,1.3158,0.1053,0.6786,0.14,9.0,0.0714,0.0714,0.0,0.0,0.5,0.0263,0.4737,0.0,0.0,1.0,0.0,0.0
human,2202.12125,math.CV,2022,22,26,1.3636,0.0,0.0,0.0,0.0,0.5385,0.4231,1.1538,0.0,0.7727,0.1,26.5,0.2273,0.5,0.0,0.0,0.5385,0.0,0.3462,0.1154,0.0,1.0,0.0,0.0
human,2202.12344,math.PR,2022,25,33,1.88,0.1212,0.0909,0.1515,0.0,0.303,0.4848,1.4242,0.0909,0.4706,0.3404,18.0,0.0833,0.1667,0.0303,0.0,0.2727,0.0,0.6061,0.0909,0.0,0.96,0.0,0.0
human,2202.12573,math.NT,2022,28,53,1.8929,0.3585,0.3208,0.3585,0.1132,0.4151,0.5472,1,0.0,0.6071,0.1132,8.0,0.3571,0.1071,0.0377,0.0,0.3774,0.0,0.5849,0.0,0.0,1.0,0.1071,0.4643
human,2202.13176,math.CO,2022,38,45,1.3684,0.0,0.0,0.0,0.0,0.5556,0.7778,1.1556,0.0444,0.7632,0.0577,9.0,0.1579,0.1579,0.0,0.0,0.5556,0.2444,0.2,0.0,0.0,1.0,0.0263,0.0526
human,2202.13320,math.GR,2022,20,60,3.0,0.4667,0.4667,0.4667,0.0667,1.0,0.6,1,0.0,0.85,0.5,7.5,0.4,0.25,0.0,0.0,1.0,0.0,0.0,0.0,0.0,1.0,0.05,0.25
human,2202.13386,quant-ph,2022,47,54,1.8298,0.0,0.0,0.0,0.0,1.0,0.3889,1.5926,0.1852,0.5909,0.0897,14.5,0.1739,0.0652,0.0,1.0,0.0,0.0,0.0,0.0,0.0,0.9787,0.0213,0.8085
human,2203.00563,math.OA,2022,57,87,1.5263,0.5517,0.4253,0.5517,0.046,0.1609,0.4023,1,0.0,0.64,0.069,34,0.0545,0.6364,0.0,0.0,0.1609,0.2759,0.5632,0.0,0.0,0.9649,0.0526,0.0
human,2203.00950,math.CA,2022,62,88,1.8548,0.4659,0.3182,0.4659,0.0568,0.1591,0.375,1.3068,0.0682,0.629,0.0609,41.0,0.1129,0.6129,0.0,0.0,0.1591,0.0,0.8409,0.0,0.0,1.0,0.0,0.0
human,2203.01232,math.AG,2022,61,150,2.5574,0.62,0.2933,0.62,0.0,0.04,0.14,1.04,0.0133,0.5902,0.109,15.0,0.1333,0.2333,0.0,0.0,0.04,0.0,0.9,0.06,0.0,0.9836,0.0656,0.0
human,2203.02237,math.PR,2022,5,12,2.4,0.0,0.0,0.25,0.4167,0.5,0.5,1,0.0,0.8,0.6667,2,0.6,0.2,0.0,0.0,0.5,0.0,0.5,0.0,0.0,1.0,0.0,0.0
human,2203.02435,math.AG,2022,42,149,4.4048,0.0671,0.0268,0.4228,0.2148,0.2483,0.4094,1.2416,0.0671,0.5952,0.2324,13,0.0732,0.1463,0.0,0.0,0.2483,0.0,0.7517,0.0,0.0,0.9762,0.2143,0.0
human,2203.02868,math.CO,2022,40,75,1.95,0.6,0.1867,0.6267,0.04,0.2267,0.3067,1.04,0.0133,0.5,0.1026,20,0.1622,0.3514,0.0,0.0,0.2267,0.08,0.6933,0.0,0.0,0.925,0.125,0.0
human,2203.03090,math.AG,2022,46,111,2.6304,0.3153,0.2162,0.3153,0.036,0.3243,0.4865,1.0901,0.009,0.6087,0.281,19.5,0.2045,0.2273,0.018,0.0,0.3063,0.0,0.6757,0.0,0.0,0.9565,0.1087,0.413
human,2203.05100,math-ph,2022,40,60,1.875,0.25,0.2167,0.25,0.0667,0.4333,0.4833,1.25,0.05,0.6,0.1067,8.5,0.2,0.175,0.0,0.0,0.4333,0.0,0.5667,0.0,0.0,1.0,0.125,0.0
human,2203.05162,math.SG,2022,24,49,2.0833,0.7551,0.6735,0.7551,0.0,0.1224,0.2857,1.0204,0.0,0.7083,0.2,12.0,0.1364,0.1364,0.0,0.0,0.1224,0.2041,0.6735,0.0,0.0,0.9167,0.0417,0.0
human,2203.05204,math.AP,2022,52,62,1.7308,0.0,0.0,0.0968,0.0645,0.6129,0.7419,1.4516,0.0806,0.7308,0.1111,10.5,0.3269,0.3077,0.0,0.0,0.6129,0.0,0.3871,0.0,0.0,1.0,0.0769,0.7308
human,2203.05467,math.AG,2022,105,199,1.8952,0.7487,0.6884,0.7487,0.5879,0.1357,0.2814,1,0.0,0.2927,0.1759,9.0,0.1444,0.0444,0.0,0.0,0.1357,0.1256,0.7387,0.0,0.0,0.8571,0.1143,0.0
human,2203.05727,math.AT,2022,26,30,1.9231,0.3333,0.3333,0.3333,0.0333,0.2667,0.4667,1.6667,0.2,0.5769,0.18,6.5,0.3846,0.0769,0.0,0.0,0.2667,0.0,0.7333,0.0,0.0,1.0,0.0385,0.5
human,2203.06057,math.PR,2022,26,44,1.9231,0.7273,0.6591,0.7273,0.4545,0.2273,0.3409,1.1364,0.0455,0.6538,0.26,12.0,0.2308,0.2692,0.0,0.0,0.2273,0.0,0.7727,0.0,0.0,1.0,0.0385,0.0
human,2203.06136,math-ph,2022,11,21,2.0,0.1429,0.1429,0.1429,0.0,0.381,0.6667,1.0476,0.0,0.7273,0.3182,28,0.0909,0.4545,0.0,0.0,0.381,0.0,0.619,0.0,0.0,1.0,0.0,0.0909
human,2203.07346,math.PR,2022,82,73,1.6707,0.0,0.0,0.0685,0.0137,0.8767,0.6986,1.8767,0.1918,0.7284,0.0876,4.0,0.4756,0.0244,0.0137,0.0,0.863,0.0137,0.1096,0.0,0.0,1.0,0.1463,0.0244
human,2203.07407,cs.CC,2022,34,49,1.6765,0.102,0.102,0.102,0.0816,0.4694,0.6735,1.1633,0.0204,0.6471,0.0702,18.5,0.1471,0.2941,0.0,0.0204,0.449,0.4898,0.0408,0.0,0.0,1.0,0.0,0.8824
human,2203.08091,math.AG,2022,26,95,3.6538,0.6,0.5053,0.6,0.3053,0.3368,0.7053,1,0.0,0.7692,0.2421,14,0.1739,0.087,0.0,0.0,0.3368,0.0,0.6316,0.0316,0.0,0.8846,0.1154,0.0
human,2203.08100,math.AP,2022,35,31,0.9429,0.0,0.0,0.0,0.0645,0.7742,0.7742,1.0645,0.0,0.7083,0.0909,26,0.0,0.4,0.0,0.0,0.7742,0.0323,0.0323,0.1613,0.0,1.0,0.0,0.0
human,2203.08911,math.AP,2022,25,30,1.8,0.2333,0.1667,0.2667,0.1,0.8,0.5,1.5,0.1667,0.64,0.1333,13.5,0.125,0.0417,0.0,0.0,0.8,0.1333,0.0667,0.0,0.0,0.96,0.0,0.28
human,2203.09701,math.PR,2022,15,23,1.6667,0.2609,0.2609,0.3913,0.0,0.1739,0.4783,1.087,0.0,0.7333,0.28,12,0.0,0.1333,0.0,0.0,0.1739,0.0,0.8261,0.0,0.0,1.0,0.0667,0.0
human,2203.10193,cs.FL,2022,27,37,1.6296,0.0811,0.0541,0.0811,0.0811,0.1351,0.7027,1.1892,0.0,0.625,0.1136,34,0.1111,0.5556,0.0,0.0,0.1351,0.0,0.8378,0.027,0.0,1.0,0.0741,0.0
human,2203.10265,math.FA,2022,20,18,1.3,0.2222,0.1111,0.2222,0.2778,0.5556,0.4444,1.4444,0.1111,0.6429,0.2308,6.0,0.4,0.3,0.0,0.0,0.5556,0.0,0.4444,0.0,0.0,1.0,0.05,0.05
human,2203.10746,math-ph,2022,201,91,0.7562,0.0,0.0,0.011,0.044,0.4396,0.4945,1.6703,0.1319,0.75,0.0395,19.0,0.0877,0.2807,0.0,0.0,0.4396,0.0,0.5604,0.0,0.0,0.5672,0.0199,0.0
human,2203.11567,cs.IT,2022,77,47,0.9351,0.0426,0.0426,0.0426,0.0426,0.4255,0.4681,1.5319,0.0638,0.6744,0.0833,14.0,0.1571,0.1857,0.0,0.0,0.4255,0.0851,0.4468,0.0426,0.0,0.9091,0.039,0.039
human,2203.13393,math.AP,2022,29,39,2.1724,0.2308,0.0769,0.2821,0.4359,0.3846,0.4872,1.6154,0.1538,0.5517,0.1905,23,0.0741,0.1852,0.0,0.0,0.3846,0.0,0.6154,0.0,0.0,0.931,0.069,0.0
human,2203.13578,math.CA,2022,54,123,2.7222,0.4146,0.2764,0.4146,0.1626,0.3496,0.3659,1.1951,0.0407,0.5098,0.1293,23,0.1064,0.383,0.0,0.0,0.3496,0.0,0.626,0.0244,0.0,0.8704,0.0926,0.0185
human,2203.13745,math.PR,2022,18,42,2.3333,0.2381,0.2381,0.2381,0.0476,0.5952,0.6667,1,0.0,0.6667,0.2143,7.0,0.3889,0.1111,0.0,0.0,0.5952,0.0,0.4048,0.0,0.0,1.0,0.1111,0.7778
human,2203.14024,math.GR,2022,14,26,1.8571,0.6538,0.3462,0.6538,0.0,0.4231,0.5769,1,0.0,0.6429,0.2692,32,0.0769,0.5385,0.0,0.0,0.4231,0.1923,0.3846,0.0,0.0,0.9286,0.0714,0.0
human,2203.14582,math.NT,2022,5,5,1.0,0.0,0.0,0.0,0.2,0.8,0.4,1,0.0,0.75,0.4,71,0.0,1.0,0.0,0.0,0.8,0.0,0.2,0.0,0.0,1.0,0.0,0.0
human,2203.14864,cs.DS,2022,5,4,1.2,0.0,0.0,0.0,0.0,0.5,1.0,1.5,0.0,0.8,0.3333,21,0.2,0.4,0.0,0.0,0.5,0.5,0.0,0.0,0.0,1.0,0.2,0.0
human,2203.16816,cs.GT,2022,30,54,2.7,0.0,0.0,0.1111,0.1296,0.6667,0.7593,1.5,0.1296,0.5333,0.2469,1,0.68,0.08,0.0,0.0,0.6667,0.0,0.2037,0.0,0.1296,0.8333,0.1667,0.5
human,2203.17224,math.AG,2022,68,101,1.9559,0.4554,0.2376,0.4554,0.2475,0.3465,0.4851,1.3168,0.0594,0.5441,0.0677,6.0,0.3971,0.0294,0.0,0.0,0.3465,0.0,0.6535,0.0,0.0,1.0,0.1765,0.0
human,2204.00610,math.AG,2022,23,92,4.0,0.6848,0.4348,0.6848,0.2174,0.2283,0.5435,1,0.0,0.381,0.2283,16,0.087,0.2174,0.0,0.0,0.2283,0.0,0.7717,0.0,0.0,1.0,0.0435,0.0
human,2204.00733,math-ph,2022,15,34,2.6667,0.3824,0.2059,0.3824,0.0,0.5,0.6471,1.1765,0.0,0.5333,0.2,16,0.1333,0.2,0.0,0.0,0.5,0.0,0.5,0.0,0.0,1.0,0.0,0.0
human,2204.00744,math.FA,2022,30,22,1.4333,0.0,0.0,0.0,0.0,0.4091,0.6364,1.9545,0.2273,0.7667,0.093,41,0.1852,0.5185,0.0,0.0,0.4091,0.5455,0.0455,0.0,0.0,0.9,0.0333,0.0
human,2204.00772,cs.DS,2022,18,29,1.7778,0.0,0.0,0.0,0.0345,0.0345,0.6552,1.1034,0.0345,0.9444,0.4688,3.0,0.6111,0.0,0.0,0.0,0.0345,0.0,0.7241,0.2414,0.0,1.0,0.1111,0.0556
human,2204.01002,math.AP,2022,7,49,7.0,0.0,0.0,0.5918,0.5714,0.2653,0.4286,1,0.0,0.5714,0.3878,13,0.1429,0.1429,0.0,0.0,0.2653,0.0408,0.6939,0.0,0.0,1.0,0.1429,0.5714
human,2204.01946,math.AT,2022,16,28,1.75,0.0,0.0,0.1786,0.0,0.6429,0.7143,1,0.0,0.8125,0.2857,30.5,0.0625,0.5625,0.0,0.0357,0.6071,0.0,0.3571,0.0,0.0,1.0,0.0625,0.0
human,2204.02562,math.PR,2022,45,54,1.3111,0.0,0.0,0.0556,0.0741,0.5556,0.7037,1.0926,0.0185,0.8537,0.1525,8.0,0.5,0.3333,0.0,0.0,0.5556,0.1852,0.2593,0.0,0.0,0.1333,0.0222,0.0
human,2204.02917,math.FA,2022,51,102,2.0588,0.1373,0.0294,0.1373,0.0,0.0392,0.5882,1.0294,0.0098,0.6471,0.181,20,0.1569,0.3333,0.0,0.0,0.0392,0.2353,0.7255,0.0,0.0,1.0,0.0,0.0
human,2204.04075,math.AG,2022,46,109,2.6957,0.4771,0.367,0.4771,0.1284,0.2477,0.2936,1.1376,0.0183,0.4545,0.1532,15,0.2667,0.2889,0.0,0.0,0.2477,0.0,0.7523,0.0,0.0,0.9783,0.1304,0.0
human,2204.04373,math.CO,2022,17,21,1.3529,0.0,0.0,0.0,0.0,0.9048,0.7619,1.0952,0.0,0.75,0.1739,17.5,0.25,0.3125,0.0,0.0,0.9048,0.0,0.0952,0.0,0.0,0.9412,0.0,0.0588
human,2204.04909,math.MG,2022,75,219,3.08,0.5616,0.4064,0.5845,0.2009,0.2831,0.516,1.0548,0.0137,0.507,0.1255,22,0.2113,0.3239,0.0,0.0,0.2831,0.3105,0.4064,0.0,0.0,0.9467,0.0133,0.0267
human,2204.05589,math.AG,2022,9,38,4.2222,0.6579,0.2895,0.6579,0.0263,0.2632,0.3158,1,0.0,0.2222,0.3421,25,0.0,0.4444,0.0,0.0,0.2632,0.0,0.7368,0.0,0.0,1.0,0.0,0.0
human,2204.06151,math.GR,2022,28,42,1.8214,0.0714,0.0714,0.0714,0.0,0.4286,0.881,1.2143,0.0476,0.7143,0.1569,35.0,0.0,0.7143,0.0,0.0,0.4286,0.5714,0.0,0.0,0.0,1.0,0.0357,0.0
human,2204.06571,hep-th,2022,69,87,2.3333,0.0,0.0,0.0,0.0,0.2414,0.3218,1.8506,0.2414,0.4928,0.0497,12.0,0.2069,0.3621,0.0,0.0,0.2414,0.0,0.4598,0.2299,0.069,0.8406,0.6667,0.6957
human,2204.06761,cs.DS,2022,28,54,2.0,0.0926,0.0185,0.0926,0.0185,0.7037,0.6852,1.037,0.0,0.6429,0.1607,16.5,0.2857,0.25,0.0,0.0,0.7037,0.1667,0.1296,0.0,0.0,1.0,0.0,0.0
human,2204.07407,quant-ph,2022,54,46,1.2963,0.0,0.0,0.0,0.0,0.5652,0.6087,1.5217,0.1522,0.75,0.0571,11.0,0.1481,0.0556,0.0,0.0,0.5652,0.0,0.4348,0.0,0.0,1.0,0.0,0.0
human,2204.07771,math.AP,2022,46,31,1.1304,0.4516,0.3871,0.4516,0.0,0.8387,0.8387,1.6774,0.129,0.8571,0.1731,15.5,0.1364,0.25,0.0,0.0,0.8387,0.1613,0.0,0.0,0.0,0.9565,0.0,0.0
human,2204.08231,math.AP,2022,23,39,2.3043,0.3333,0.3077,0.3333,0.2821,0.3333,0.4103,1.359,0.1026,0.5217,0.1887,26,0.1739,0.3043,0.0,0.0,0.3333,0.0513,0.5641,0.0,0.0513,1.0,0.0435,0.7391
human,2204.08438,math.CV,2022,22,50,2.6364,0.38,0.36,0.44,0.24,0.22,0.38,1.16,0.04,0.4091,0.1552,16.5,0.2727,0.2727,0.0,0.0,0.22,0.18,0.6,0.0,0.0,1.0,0.0455,0.0
human,2204.08537,math.CO,2022,27,67,2.8148,0.0,0.0,0.3134,0.0149,0.403,0.5075,1.1343,0.0299,0.6154,0.3289,9.5,0.2308,0.0385,0.0448,0.0,0.3582,0.5522,0.0,0.0,0.0448,0.963,0.1111,0.0
human,2204.08921,math.DG,2022,52,58,1.7692,0.3793,0.2759,0.3793,0.1034,0.4655,0.5862,1.5862,0.1379,0.6731,0.1957,7,0.3256,0.2093,0.0,0.0,0.4655,0.1207,0.2931,0.0,0.1207,0.8269,0.2308,0.2692
human,2204.09608,math.NT,2022,43,94,2.2558,0.5426,0.3085,0.5426,0.383,0.4468,0.5,1.0319,0.0,0.5116,0.1031,29,0.1795,0.4615,0.0213,0.0,0.4255,0.0,0.5532,0.0,0.0,0.907,0.0465,0.0
human,2204.10076,math.AG,2022,41,70,1.7073,0.4571,0.3571,0.4571,0.1857,0.5714,0.6714,1,0.0,0.6098,0.0571,5,0.4878,0.2195,0.0,0.0,0.5714,0.1,0.2714,0.0,0.0571,1.0,0.1951,0.4634
human,2204.10602,math.DS,2022,59,76,1.8814,0.0,0.0,0.0,0.0526,0.7632,0.8289,1.4605,0.1053,0.7119,0.0991,14.0,0.0862,0.1552,0.0,0.0,0.7632,0.0,0.2368,0.0,0.0,0.9831,0.0339,0.0
human,2204.10617,math.AG,2022,27,46,1.7037,0.6522,0.5,0.6522,0.2391,0.3696,0.3261,1,0.0,0.7308,0.2391,38,0.08,0.76,0.0,0.0,0.3696,0.0,0.6304,0.0,0.0,0.9259,0.037,0.0
human,2204.10637,math.AG,2022,31,166,5.3548,0.6566,0.5181,0.6566,0.1506,0.259,0.4217,1,0.0,0.3226,0.1566,6,0.3548,0.1613,0.0,0.0,0.259,0.0964,0.6446,0.0,0.0,1.0,0.2581,0.0
human,2204.10748,math.PR,2022,17,23,1.4118,0.2174,0.1304,0.3043,0.2174,0.5652,0.6522,1.0435,0.0,0.8571,0.4167,11.5,0.0714,0.2143,0.0,0.0,0.5652,0.0,0.4348,0.0,0.0,0.8235,0.0,0.0
human,2204.11390,math.DG,2022,19,24,1.2632,0.0,0.0,0.0,0.0,0.8333,0.9167,1,0.0,0.7778,0.125,5.0,0.0,0.0714,0.0,0.0,0.8333,0.0,0.1667,0.0,0.0,0.7368,0.2632,0.0
human,2204.11469,cs.CC,2022,74,188,3.6216,0.0957,0.0904,0.1011,0.0904,0.3457,0.3191,1.4255,0.0957,0.5676,0.2351,5.0,0.3649,0.0541,0.0,0.0,0.3457,0.2394,0.2553,0.1596,0.0,1.0,0.1757,0.0135
human,2204.11733,math.FA,2022,36,81,2.8889,0.5062,0.4938,0.5062,0.0741,0.3086,0.3704,1.284,0.0494,0.4688,0.1827,31.5,0.0294,0.5588,0.0123,0.0,0.2963,0.2716,0.4198,0.0,0.0,0.9444,0.0,0.0
human,2204.12136,math.CO,2022,4,7,1.75,0.0,0.0,0.0,0.0,0.0,0.0,1,0.0,0.5,0.4286,22.5,0.0,0.5,0.0,0.0,0.0,0.0,0.8571,0.1429,0.0,1.0,0.0,0.5
human,2204.12179,math.AG,2022,36,117,3.25,0.6923,0.359,0.6923,0.2564,0.1966,0.2991,1,0.0,0.5278,0.1795,14.5,0.1667,0.1667,0.0,0.0,0.1966,0.094,0.5128,0.0,0.1966,1.0,0.1389,0.0
human,2204.12238,math.PR,2022,23,59,3.1304,0.0,0.0,0.3559,0.3051,0.4915,0.6102,1.2203,0.0508,0.4348,0.2778,20,0.0435,0.087,0.0339,0.0,0.4576,0.0,0.5085,0.0,0.0,1.0,0.0,0.0
human,2204.12312,math.DG,2022,54,35,0.7963,0.1429,0.0,0.2,0.1143,0.2571,0.5143,1.2286,0.0571,0.55,0.1395,13,0.093,0.186,0.0,0.0,0.2571,0.3429,0.4,0.0,0.0,0.7963,0.0185,0.0
human,2204.12437,math.DS,2022,10,19,2.3,0.0,0.0,0.0,0.0,0.3684,0.3684,1.2105,0.0526,0.3,0.2174,21,0.0,0.0,0.1579,0.0,0.2105,0.0,0.1579,0.4737,0.0,0.7,0.0,0.0
human,2204.12812,math.AP,2022,124,95,1.2823,0.2105,0.1158,0.2105,0.1263,0.2632,0.2632,1.6737,0.1684,0.8667,0.0692,14,0.1322,0.3388,0.0,0.0,0.2632,0.0,0.7368,0.0,0.0,0.9758,0.0484,0.0
human,2204.12821,math.DS,2022,29,27,1.3448,0.1111,0.1111,0.1481,0.0,0.4444,0.7778,1.4444,0.1111,0.7407,0.1026,17.0,0.25,0.1786,0.0,0.0,0.4444,0.1111,0.4074,0.037,0.0,0.9655,0.0,0.069
human,2204.12896,math-ph,2022,53,47,1.1698,0.0213,0.0,0.0426,0.0638,0.7021,0.7234,1.3191,0.0638,0.8511,0.0645,28.0,0.0652,0.4565,0.0,0.0,0.7021,0.0,0.2979,0.0,0.0,0.8679,0.0377,0.0
human,2204.13866,math.PR,2022,26,47,2.1538,0.4681,0.4043,0.4681,0.1702,0.5745,0.5745,1.1915,0.0638,0.6154,0.1964,2.0,0.6154,0.0385,0.0,0.0,0.5745,0.2979,0.1277,0.0,0.0,1.0,0.1923,0.0
human,2204.13929,math.PR,2022,25,24,1.36,0.0,0.0,0.0417,0.0,0.7917,0.7917,1.4167,0.125,0.8333,0.2353,19,0.32,0.24,0.0,0.0,0.7917,0.0,0.2083,0.0,0.0,1.0,0.08,0.0
human,2204.14080,math.GR,2022,13,26,2.0769,0.1538,0.1538,0.1538,0.0769,0.6154,0.7308,1.0385,0.0,0.4167,0.2963,10,0.3333,0.3333,0.0,0.0,0.6154,0.0385,0.3462,0.0,0.0,0.6923,0.3077,0.0
human,2204.14234,math.AT,2022,22,35,1.9091,0.2,0.1429,0.2,0.0,0.6571,0.7143,1.2,0.0286,0.6818,0.1905,13,0.0952,0.0952,0.0,0.0,0.6571,0.1714,0.1143,0.0571,0.0,0.9545,0.0455,0.3636
human,2205.00248,math.PR,2022,72,102,2.0139,0.6373,0.5588,0.6471,0.3431,0.2843,0.451,1.4216,0.098,0.5972,0.069,11.0,0.2083,0.125,0.0,0.0,0.2843,0.0098,0.4706,0.0,0.2353,1.0,0.0694,0.0
human,2205.00556,gr-qc,2022,66,38,1.5152,0.0,0.0,0.0,0.0,0.4737,0.5526,2.6316,0.4474,0.7727,0.1,10.0,0.1061,0.1515,0.0,0.0,0.4737,0.2105,0.1842,0.1316,0.0,1.0,0.803,0.8788
human,2205.00607,math.AG,2022,25,39,1.6,0.7436,0.6923,0.7436,0.3077,0.6923,0.2564,1.0256,0.0,0.6667,0.125,25,0.0952,0.4286,0.0,0.0,0.6923,0.3077,0.0,0.0,0.0,0.84,0.16,0.0
human,2205.00958,math.GR,2022,39,92,2.359,0.7391,0.587,0.7391,0.587,0.0761,0.1413,1,0.0,0.5385,0.1304,29.0,0.1053,0.5,0.0,0.0,0.0761,0.2826,0.6413,0.0,0.0,0.9744,0.0,0.0
human,2205.00998,cond-mat,2022,18,20,1.6111,0.0,0.0,0.0,0.0,0.3,0.25,1.45,0.1,0.5556,0.1379,24.5,0.1667,0.4444,0.0,0.0,0.3,0.0,0.65,0.05,0.0,1.0,0.0,0.0
human,2205.01148,math.PR,2022,21,5,1.0,0.0,0.0,0.0,0.0,0.6,0.6,4.2,0.6,1.0,0.0476,8,0.3333,0.1905,0.0,0.0,0.6,0.0,0.4,0.0,0.0,1.0,0.0,0.0952
human,2205.01189,cs.CC,2022,4,9,2.25,0.1111,0.0,0.1111,0.0,0.5556,0.5556,1,0.0,0.75,0.6667,27.0,0.0,0.5,0.1111,0.0,0.4444,0.0,0.4444,0.0,0.0,1.0,0.25,0.0
human,2205.01244,cond-mat,2022,73,41,2.2466,0.0,0.0,0.0,0.0,0.3902,0.439,4,0.439,0.3562,0.0854,5,0.4225,0.0563,0.0,0.0,0.3902,0.0,0.2439,0.3659,0.0,0.9726,0.0137,0.0137
human,2205.01302,cs.CC,2022,54,62,1.7037,0.0,0.0,0.0161,0.0,0.7903,0.8065,1.4839,0.1452,0.7407,0.087,17.0,0.1667,0.2407,0.0,0.0,0.7903,0.0645,0.129,0.0161,0.0,1.0,0.0741,0.0
human,2205.01617,math.DG,2022,23,35,1.5217,0.0,0.0,0.0571,0.0,0.1429,0.2571,1,0.0,0.7273,0.1143,20.0,0.1,0.4,0.0,0.1429,0.0,0.0,0.8571,0.0,0.0,0.8696,0.4783,0.0
human,2205.02161,cs.CC,2022,19,37,2.0,0.0,0.0,0.0541,0.0,0.7838,0.5676,1.027,0.0,0.6842,0.2105,9,0.1579,0.1579,0.0541,0.0,0.7297,0.0,0.2162,0.0,0.0,1.0,0.0526,0.0
human,2205.03527,math.AG,2022,17,17,1.0,0.0,0.0,0.3529,0.0,0.2941,0.2941,1,0.0,0.7778,0.4706,33.5,0.0625,0.5,0.0,0.0,0.2941,0.0,0.7059,0.0,0.0,0.9412,0.0588,0.0
human,2205.04375,math.GR,2022,2,9,4.5,0.0,0.0,0.1111,0.0,0.1111,0.5556,1,0.0,0.0,0.5556,19.0,0.0,0.5,0.0,0.0,0.1111,0.0,0.8889,0.0,0.0,1.0,0.0,0.0
human,2205.04451,math.AP,2022,36,45,1.8056,0.1778,0.0667,0.1778,0.1111,0.4667,0.5333,1.4444,0.1333,0.8056,0.2462,17.0,0.1111,0.3056,0.0,0.0,0.4667,0.0,0.5333,0.0,0.0,1.0,0.0278,0.0
human,2205.04786,math.CA,2022,10,8,0.8,0.0,0.0,0.0,0.125,0.875,0.875,1,0.0,1.0,0.125,5,0.2222,0.2222,0.0,0.875,0.0,0.0,0.125,0.0,0.0,0.9,0.0,0.8
human,2205.04919,math-ph,2022,37,33,1.5946,0.2424,0.1212,0.2424,0.0606,0.697,0.7273,1.7879,0.1515,0.7568,0.1017,8,0.1622,0.0811,0.0,0.0,0.697,0.0,0.303,0.0,0.0,1.0,0.0,0.0
human,2205.04951,math.PR,2022,33,40,1.8485,0.0,0.0,0.475,0.0,0.475,0.65,1.525,0.1,0.7879,0.1967,2.5,0.6,0.0667,0.025,0.0,0.45,0.5,0.025,0.0,0.0,0.9091,0.1515,0.0
human,2205.05062,math.NT,2022,49,205,4.1837,0.8488,0.6439,0.8488,0.4732,0.0634,0.239,1,0.0,0.4286,0.3971,12,0.1429,0.2245,0.0,0.0,0.0634,0.1171,0.8195,0.0,0.0,1.0,0.0,0.2857
human,2205.05273,math.AG,2022,133,187,1.6541,0.5775,0.3369,0.5775,0.2941,0.016,0.5668,1.1765,0.0374,0.7222,0.0686,30.5,0.0833,0.5152,0.0,0.0,0.016,0.0053,0.9786,0.0,0.0,0.9925,0.0,0.0
human,2205.05394,math.CO,2022,12,29,2.75,0.0,0.0,0.069,0.0345,0.7241,0.8276,1.1379,0.0345,0.3333,0.303,10,0.0,0.4545,0.2069,0.0,0.5172,0.0,0.2069,0.069,0.0,0.9167,0.0833,0.0833
human,2205.06156,math.DS,2022,22,24,1.4091,0.0,0.0,0.2083,0.0417,0.4167,0.4167,1.2917,0.0833,0.5,0.1935,19,0.0667,0.1333,0.0,0.0,0.4167,0.0,0.5833,0.0,0.0,0.6818,0.0909,0.0
human,2205.06418,math.QA,2022,28,41,1.75,0.3171,0.1951,0.3171,0.0,0.4634,0.7805,1.1951,0.0244,0.625,0.1224,27.0,0.0357,0.2857,0.0244,0.0,0.439,0.3171,0.1707,0.0,0.0488,1.0,0.0,0.6786
human,2205.06853,math.DG,2022,19,29,2.0,0.0,0.0,0.4138,0.2414,0.3448,0.5172,1.3103,0.069,0.6842,0.2632,15,0.2353,0.1176,0.0345,0.0,0.3103,0.0,0.6552,0.0,0.0,0.8947,0.1053,0.0
human,2205.07165,math.NT,2022,40,97,3.0,0.433,0.3093,0.433,0.0722,0.4124,0.5155,1.2371,0.0515,0.4872,0.3083,10,0.3243,0.1892,0.0,0.0,0.4124,0.0,0.5876,0.0,0.0,0.925,0.025,0.0
human,2205.07701,gr-qc,2022,34,59,2.9412,0.0,0.0,0.0,0.0,0.3898,0.5085,1.6949,0.1186,0.3529,0.43,14.5,0.1765,0.0588,0.0339,0.0,0.3559,0.1017,0.4237,0.0847,0.0,1.0,0.1176,0.5294
human,2205.08040,math.GT,2022,22,34,1.5455,0.0,0.0,0.4706,0.0,0.3529,0.5588,1,0.0,0.7273,0.1765,10,0.1905,0.2857,0.0,0.3529,0.0,0.0,0.6471,0.0,0.0,0.9545,0.0909,0.0
human,2205.08196,math.MG,2022,31,38,1.6129,0.2105,0.0263,0.2105,0.0,0.0263,0.4474,1.3158,0.0263,0.6774,0.1,21.0,0.1,0.1667,0.0,0.0,0.0263,0.0,0.9737,0.0,0.0,0.9677,0.2258,0.5484
human,2205.08457,math.OA,2022,70,50,0.7143,0.0,0.0,0.02,0.14,0.32,0.38,1,0.0,0.7143,0.38,28,0.1538,0.4615,0.0,0.0,0.32,0.08,0.6,0.0,0.0,0.1857,0.0286,0.0
human,2205.09063,math.CO,2022,13,20,1.7692,0.0,0.0,0.1,0.05,0.6,0.45,1.15,0.05,0.5385,0.1739,15.0,0.0833,0.1667,0.0,0.0,0.6,0.0,0.4,0.0,0.0,0.9231,0.1538,0.0
human,2205.09168,math.CO,2022,29,49,1.8966,0.2041,0.2041,0.2041,0.0,0.4694,0.5714,1.1224,0.0204,0.6897,0.1273,12,0.1852,0.037,0.0,0.0,0.4694,0.0,0.5306,0.0,0.0,0.931,0.069,0.0
human,2205.09266,math.PR,2022,8,14,1.75,0.5714,0.5,0.6429,0.0714,0.9286,0.9286,1,0.0,0.5,0.2143,31.5,0.0,0.5,0.0,0.0,0.9286,0.0,0.0714,0.0,0.0,1.0,0.0,0.0
human,2205.09395,math.PR,2022,49,41,1.4694,0.0732,0.0732,0.0976,0.1463,0.4878,0.5122,1.7561,0.2439,0.7755,0.0694,13,0.2041,0.1429,0.0,0.0,0.4878,0.0,0.439,0.0732,0.0,1.0,0.0,0.0
human,2205.09475,math.CO,2022,34,28,1.7941,0.0,0.0,0.0,0.0,0.5357,0.8214,2.1786,0.2857,0.6471,0.1311,7,0.1818,0.0,0.0,0.0,0.5357,0.3929,0.0714,0.0,0.0,0.9706,0.0,0.0882
human,2205.09863,math.AG,2022,4,6,1.5,0.0,0.0,0.0,0.0,0.8333,0.8333,1,0.0,0.5,0.3333,18,0.0,0.0,0.0,0.0,0.8333,0.1667,0.0,0.0,0.0,0.25,0.0,0.0
human,2205.10585,math.SG,2022,33,56,1.697,0.0,0.0,0.1429,0.1429,0.3036,0.5,1,0.0,0.375,0.2143,30.5,0.0556,0.5,0.0,0.0,0.3036,0.0,0.6964,0.0,0.0,0.5455,0.0303,0.0303
human,2205.11572,math.OA,2022,48,73,1.625,0.0,0.0,0.0,0.0,0.1507,0.1644,1.0685,0.0137,0.625,0.0769,25.0,0.0208,0.2708,0.0,0.0,0.1507,0.0,0.8493,0.0,0.0,1.0,0.0,0.0
human,2205.12764,cs.DM,2022,10,16,1.8,0.0,0.0,0.0,0.0,0.8125,0.8125,1.125,0.0625,0.6,0.2778,13.0,0.1,0.2,0.0,0.0,0.8125,0.0625,0.125,0.0,0.0,1.0,0.0,0.0
human,2205.12806,math.AG,2022,23,31,1.6087,0.129,0.129,0.129,0.129,0.2581,0.2581,1.1935,0.0323,0.6818,0.1622,33,0.2174,0.5217,0.0,0.0,0.2581,0.0,0.7419,0.0,0.0,1.0,0.087,0.7391
human,2205.12839,math.AG,2022,73,165,2.3562,0.5576,0.2788,0.5576,0.0,0.097,0.3697,1.0424,0.0,0.5205,0.0814,23,0.0822,0.4247,0.0,0.0,0.097,0.0,0.903,0.0,0.0,1.0,0.1918,0.0274
human,2205.12994,gr-qc,2022,58,38,1.3276,0.0,0.0,0.0,0.0,0.4474,0.5,2.0263,0.1842,0.697,0.08,9,0.2632,0.1404,0.0,0.0,0.4474,0.0,0.5,0.0526,0.0,0.9828,0.6724,0.8621
human,2205.14097,math.GR,2022,71,63,1.2817,0.0,0.0,0.0317,0.0159,0.0,0.254,1.4444,0.0317,0.7606,0.033,22,0.0986,0.338,0.0,0.0,0.0,0.0,1.0,0.0,0.0,1.0,0.1408,0.0
human,2205.14978,cs.DS,2022,48,64,1.7708,0.0,0.0,0.0156,0.0,0.7656,0.5625,1.3281,0.0625,0.6304,0.1882,14.0,0.0625,0.0625,0.0,0.0,0.7656,0.0625,0.1719,0.0,0.0,1.0,0.0417,0.1042
human,2205.15294,cs.LG,2022,51,69,1.9804,0.058,0.058,0.058,0.0,0.6522,0.6522,1.4638,0.087,0.6531,0.0891,3,0.5098,0.0784,0.0,0.0,0.6522,0.1304,0.2029,0.0145,0.0,1.0,0.2745,0.0
human,2205.15844,math.NT,2022,9,17,1.8889,0.4118,0.1176,0.4118,0.0,0.5882,0.8824,1,0.0,0.6667,0.2941,23,0.0,0.4286,0.0,0.0,0.5882,0.0,0.4118,0.0,0.0,0.7778,0.1111,0.0
human,2206.00503,math.AG,2022,14,28,2.1429,0.2143,0.1071,0.2143,0.0714,0.3571,0.6071,1.0714,0.0357,0.5714,0.2333,20.0,0.1429,0.4286,0.0,0.0,0.3571,0.0,0.6429,0.0,0.0,1.0,0.0714,0.0
human,2206.01318,math.AP,2022,15,25,1.6667,0.0,0.0,0.0,0.0,0.72,0.76,1,0.0,0.3,0.2,11,0.2308,0.3077,0.0,0.08,0.64,0.0,0.28,0.0,0.0,0.8667,0.0667,0.0667
human,2206.02401,math.AG,2022,20,228,11.4,0.8991,0.0965,0.8991,0.3728,0.057,0.2018,1,0.0,0.1,0.3684,12,0.1053,0.1053,0.0,0.0,0.057,0.0746,0.4167,0.0,0.4518,0.95,0.1,0.0
human,2206.02759,math.AG,2022,55,114,2.0727,0.1404,0.0877,0.1404,0.0,0.0965,0.2982,1,0.0,0.5818,0.1053,16,0.1636,0.2364,0.0,0.0,0.0965,0.114,0.7895,0.0,0.0,1.0,0.0909,0.0
human,2206.02986,math.DS,2022,48,43,1.1042,0.0,0.0,0.0,0.0,0.7907,0.7907,1.2326,0.0465,0.9362,0.0755,15,0.0213,0.1489,0.0,0.0,0.7907,0.0,0.1628,0.0465,0.0,0.9792,0.0,0.0
human,2206.03244,math.DS,2022,6,6,1.1667,0.0,0.0,0.0,0.0,0.5,0.8333,1.1667,0.0,0.6,0.2857,7.0,0.1667,0.1667,0.0,0.0,0.5,0.3333,0.1667,0.0,0.0,1.0,0.0,0.1667
human,2206.03587,math.CO,2022,30,77,2.8,0.1169,0.1169,0.1299,0.026,0.1688,0.5455,1.0909,0.013,0.5667,0.1667,32.5,0.0667,0.5333,0.0,0.0,0.1688,0.3377,0.4935,0.0,0.0,1.0,0.0667,0.6667
human,2206.04032,quant-ph,2022,95,32,1.2,0.0,0.0,0.0,0.0,0.6875,0.875,3.5625,0.4062,0.8211,0.0263,10,0.2105,0.1684,0.0,0.0,0.6875,0.125,0.1875,0.0,0.0,1.0,0.0,0.9263
human,2206.04275,math.PR,2022,5,9,1.8,0.0,0.0,0.2222,0.0,0.6667,0.6667,1,0.0,0.8,0.5556,14,0.0,0.2,0.0,0.0,0.6667,0.1111,0.1111,0.1111,0.0,1.0,0.0,0.2
human,2206.05170,math.AG,2022,25,51,2.6,0.6863,0.5882,0.6863,0.2353,0.5882,0.4902,1.2745,0.0588,0.4,0.1385,7.5,0.2083,0.125,0.0,0.0,0.5882,0.0,0.4118,0.0,0.0,0.96,0.04,0.0
human,2206.05464,math.AG,2022,21,50,2.4762,0.46,0.34,0.46,0.4,0.34,0.42,1.04,0.02,0.4286,0.0851,24.5,0.0,0.45,0.02,0.0,0.32,0.34,0.32,0.0,0.0,0.9524,0.0476,0.1429
human,2206.05560,math.NT,2022,12,62,5.1667,0.5484,0.3548,0.5806,0.2258,0.3871,0.4516,1,0.0,0.5,0.5806,13.5,0.4,0.1,0.0,0.0,0.3871,0.0,0.6129,0.0,0.0,0.8333,0.0833,0.0
human,2206.05801,math.NT,2022,9,15,1.7778,0.0,0.0,0.5333,0.2,0.4667,0.8667,1.0667,0.0,0.7778,0.4375,19,0.0,0.3333,0.0,0.0667,0.4,0.0,0.5333,0.0,0.0,1.0,0.0,0.0
human,2206.05908,math.CO,2022,46,167,3.7391,0.4611,0.4012,0.4611,0.6407,0.0479,0.2156,1.0299,0.012,0.5455,0.3372,26,0.0732,0.439,0.0,0.0,0.0479,0.1737,0.7784,0.0,0.0,0.8913,0.087,0.0
human,2206.07183,math.AG,2022,7,47,6.8571,0.8298,0.6596,0.8298,0.3404,0.1915,0.2553,1.0213,0.0,0.7143,0.8542,6,0.4,0.2,0.0,0.0,0.1915,0.4681,0.3404,0.0,0.0,0.7143,0.1429,0.0
human,2206.07457,math.AP,2022,18,14,1.3333,0.0,0.0,0.0,0.0,0.4286,0.8571,1.7143,0.1429,0.625,0.125,5.0,0.3889,0.1111,0.0,0.0,0.4286,0.4286,0.1429,0.0,0.0,1.0,0.0,0.0556
human,2206.08166,math.AG,2022,21,58,2.7619,0.7241,0.4138,0.7241,0.0,0.569,0.6379,1,0.0,,,36,0.0476,0.6667,0.0,0.0,0.569,0.0,0.431,0.0,0.0,1.0,0.0476,0.0
human,2206.08213,cs.LG,2022,62,76,1.4516,0.0,0.0,0.0132,0.0,0.1842,0.3684,1.1842,0.0526,0.7115,0.1111,3.0,0.5161,0.0,0.0,0.0,0.1842,0.0789,0.6447,0.0921,0.0,1.0,0.1774,0.0323
human,2206.08238,math-ph,2022,79,90,1.9494,0.3444,0.1667,0.3444,0.1222,0.2444,0.6,1.7111,0.1889,0.6282,0.0909,11.5,0.2143,0.2,0.0,0.0,0.2444,0.0222,0.7333,0.0,0.0,0.8861,0.1139,0.0
human,2206.08276,math.LO,2022,38,89,2.4737,0.3371,0.3371,0.3371,0.1685,0.2809,0.236,1.0562,0.0112,0.5526,0.2151,18.5,0.0789,0.2895,0.0,0.0,0.2809,0.0787,0.6404,0.0,0.0,1.0,0.0526,0.0
human,2206.08879,math.KT,2022,53,111,2.0943,0.5405,0.3423,0.5495,0.2252,0.0991,0.3694,1,0.0,0.6038,0.1171,25.0,0.0,0.4,0.0,0.0,0.0991,0.0,0.6396,0.0631,0.1982,0.9434,0.0189,0.5283
human,2206.10392,math.AG,2022,28,60,2.2857,0.65,0.5667,0.6667,0.3833,0.2167,0.3833,1.0667,0.0167,0.5,0.3125,7.0,0.2857,0.0,0.0,0.0,0.2167,0.0,0.7833,0.0,0.0,0.5,0.1429,0.0
human,2206.11582,math.SG,2022,44,117,2.6591,0.2222,0.1368,0.2222,0.1026,0.2735,0.4103,1,0.0,0.5455,0.2991,10.5,0.1818,0.1364,0.0,0.2735,0.0,0.0,0.7265,0.0,0.0,1.0,0.0,0.0
human,2206.11883,math.DG,2022,25,73,3.0,0.4658,0.3288,0.4658,0.274,0.3425,0.6575,1.0274,0.0,0.68,0.3467,8,0.28,0.12,0.0,0.0,0.3425,0.1233,0.5342,0.0,0.0,1.0,0.16,0.0
human,2206.11934,math.OA,2022,25,39,1.84,0.1282,0.1026,0.1282,0.0,0.641,0.7949,1.1795,0.0256,0.5217,0.2174,19,0.04,0.16,0.0,0.0,0.641,0.1538,0.2051,0.0,0.0,1.0,0.08,0.44
human,2206.12488,math.FA,2022,33,41,1.5758,0.0,0.0,0.1707,0.0488,0.3415,0.4878,1.2683,0.0732,0.6667,0.1154,32,0.0303,0.5152,0.0,0.0,0.3415,0.0,0.6585,0.0,0.0,1.0,0.0,0.0
human,2206.12859,math.PR,2022,24,31,2.125,0.0323,0.0,0.0968,0.129,0.5161,0.5484,1.6452,0.129,0.5417,0.1373,30.0,0.2917,0.5417,0.0,0.0,0.5161,0.0,0.3871,0.0,0.0968,1.0,0.125,0.5833
human,2206.12916,math.GT,2022,143,138,1.2028,0.0,0.0,0.0,0.0,0.1232,0.2754,1.2464,0.029,0.8531,0.0233,20.0,0.0597,0.306,0.0,0.0,0.1232,0.0,0.8768,0.0,0.0,0.9371,0.0839,0.0
human,2206.14004,cs.LG,2022,41,106,3.1951,0.0,0.0,0.0,0.0,0.2453,0.434,1.2358,0.0472,0.3415,0.1145,4,0.4634,0.0,0.0,0.0,0.2453,0.0,0.6698,0.0094,0.0755,1.0,0.1707,0.0
human,2206.14457,math.FA,2022,27,21,0.8519,0.0,0.0,0.2381,0.0,0.381,0.5238,1.0952,0.0476,0.5833,0.2174,13,0.0476,0.1429,0.0,0.0,0.381,0.0,0.619,0.0,0.0,0.7778,0.0,0.037
human,2207.00279,math.AP,2022,43,39,1.4884,0.3333,0.0769,0.3333,0.1282,0.1282,0.3333,1.641,0.2051,0.6744,0.0938,22,0.0465,0.3953,0.0,0.0,0.1282,0.0,0.7179,0.1538,0.0,1.0,0.0,0.0
human,2207.01235,math.PR,2022,22,16,1.3182,0.4375,0.25,0.4375,0.1875,0.625,0.625,1.8125,0.125,0.8636,0.1724,12.0,0.25,0.2,0.0,0.0,0.625,0.0,0.3125,0.0625,0.0,0.9091,0.0909,0.0
human,2207.01632,math.AG,2022,19,34,1.7895,0.4706,0.3824,0.4706,0.2059,0.5588,0.5882,1,0.0,0.5789,0.1765,14,0.0,0.1579,0.0,0.0,0.5588,0.0,0.4412,0.0,0.0,1.0,0.0,0.0
human,2207.02047,math.AG,2022,11,28,2.5455,0.75,0.6071,0.75,0.2143,0.6786,0.3571,1,0.0,0.4545,0.2857,18.5,0.0,0.3,0.0,0.0,0.6786,0.0,0.3214,0.0,0.0,0.9091,0.0,0.0909
human,2207.03401,cs.DS,2022,26,36,2.0,0.0,0.0,0.0,0.1389,0.5556,0.0278,1.4444,0.1111,0.56,0.1923,12.0,0.2308,0.2692,0.0,0.0,0.5556,0.0,0.1389,0.3056,0.0,1.0,0.0,0.1154
human,2207.04386,math-ph,2022,17,16,1.4706,0.0,0.0,0.0625,0.0625,0.375,0.375,1.5625,0.125,0.7647,0.16,20,0.1176,0.2353,0.0,0.0,0.375,0.0,0.4375,0.1875,0.0,1.0,0.0,0.5882
human,2207.04462,math.AP,2022,14,17,1.4286,0.1176,0.1176,0.1765,0.1765,0.8235,0.4706,1.1765,0.0,0.6429,0.15,22.0,0.0,0.2857,0.0,0.0,0.8235,0.1765,0.0,0.0,0.0,1.0,0.0,0.0
human,2207.04510,math.DG,2022,21,27,1.5238,0.037,0.037,0.037,0.0,0.6667,0.6296,1.1852,0.037,0.65,0.125,16,0.2105,0.2632,0.0,0.0,0.6667,0.2963,0.037,0.0,0.0,0.9048,0.0,0.0
human,2207.04525,math.AP,2022,51,64,2.0,0.4062,0.3594,0.4062,0.4062,0.3906,0.5156,1.5938,0.0938,0.6863,0.1667,10,0.1176,0.1961,0.0,0.0,0.3906,0.125,0.4844,0.0,0.0,1.0,0.0392,0.0
human,2207.04872,cs.DS,2022,53,79,1.8868,0.1392,0.1392,0.1392,0.1139,0.519,0.6076,1.2658,0.0759,0.6415,0.07,6,0.434,0.0943,0.0,0.0,0.519,0.0759,0.4051,0.0,0.0,1.0,0.0755,0.7358
human,2207.04936,math.GT,2022,33,54,1.7273,0.4259,0.2593,0.4259,0.1111,0.4074,0.3148,1.0556,0.0,0.5758,0.0877,39,0.0303,0.7576,0.0,0.0,0.4074,0.0,0.5926,0.0,0.0,1.0,0.0303,0.0
human,2207.05700,cs.CC,2022,25,31,1.4,0.0,0.0,0.0,0.0,0.5161,0.6774,1.129,0.0323,0.8,0.1714,23,0.12,0.32,0.0,0.0,0.5161,0.0645,0.4194,0.0,0.0,1.0,0.08,0.04
human,2207.06264,math.NT,2022,13,50,3.8462,0.28,0.26,0.28,0.18,0.54,0.58,1,0.0,0.3846,0.3,5,0.3846,0.0,0.2,0.0,0.34,0.0,0.46,0.0,0.0,1.0,0.1538,0.0769
human,2207.06727,math.CO,2022,11,21,1.9091,0.5238,0.5238,0.5238,0.0476,0.4286,0.4286,1,0.0,0.4545,0.1905,12,0.0909,0.3636,0.0,0.0,0.4286,0.5714,0.0,0.0,0.0,1.0,0.0,0.0
human,2207.07084,math.NT,2022,31,20,1.3548,0.7,0.7,0.7,0.15,0.4,0.4,2.1,0.1,0.8333,0.1429,10.5,0.1667,0.1333,0.0,0.0,0.4,0.15,0.45,0.0,0.0,0.9677,0.0323,0.0
human,2207.07415,math.FA,2022,15,31,2.0667,0.0,0.0,0.3871,0.0323,0.3226,0.4839,1,0.0,0.5,0.2581,21.0,0.1429,0.4286,0.0,0.0,0.3226,0.2581,0.4194,0.0,0.0,0.9333,0.0667,0.0
human,2207.07950,math.OA,2022,20,62,3.1,0.0,0.0,0.0484,0.0,0.129,0.3065,1,0.0,0.4444,0.2419,29,0.1579,0.4211,0.0161,0.0,0.1129,0.0,0.8387,0.0323,0.0,0.95,0.0,0.0
human,2207.08054,math-ph,2022,34,90,4.1176,0.0,0.0,0.1667,0.0222,0.8111,0.8111,1.5556,0.1444,0.2353,0.1571,19.5,0.1765,0.3235,0.0,0.0,0.8111,0.0,0.1889,0.0,0.0,1.0,0.0294,0.0
human,2207.08746,quant-ph,2022,46,28,1.1522,0.0,0.0,0.0,0.0,0.6429,0.6071,1.8929,0.2143,0.9565,0.1321,7.0,0.3696,0.0652,0.0,0.0,0.6429,0.0,0.3214,0.0357,0.0,1.0,0.0,0.7609
human,2207.09516,math.NT,2022,35,37,1.6,0.2432,0.2162,0.2432,0.1892,0.6486,0.6757,1.5135,0.0811,0.5588,0.0893,14,0.0909,0.1515,0.0,0.0,0.6486,0.2432,0.1081,0.0,0.0,0.9429,0.0,0.0286
human,2207.10247,math.PR,2022,34,58,2.1176,0.0,0.0,0.4483,0.1207,0.4655,0.4138,1.2414,0.069,0.6765,0.2083,13.0,0.1176,0.1765,0.0,0.0,0.4655,0.0,0.5172,0.0172,0.0,1.0,0.0,0.0
human,2207.11471,math.PR,2022,15,23,1.6,0.1304,0.0,0.1304,0.0,0.4348,0.4348,1.0435,0.0,0.7333,0.25,26,0.0769,0.3077,0.0,0.0,0.4348,0.0,0.2174,0.3478,0.0,0.8667,0.0,0.5333
human,2207.13023,math.MG,2022,10,6,0.9,0.0,0.0,0.0,0.0,1.0,0.1667,1.5,0.1667,0.875,0.2222,5.0,0.375,0.25,0.0,0.0,1.0,0.0,0.0,0.0,0.0,0.8,0.2,0.1
human,2207.13164,math.OA,2022,36,60,1.8889,0.7667,0.7333,0.7667,0.5,0.1333,0.25,1.1333,0.0167,0.5,0.1324,24,0.0857,0.2571,0.0,0.0,0.1333,0.0,0.8667,0.0,0.0,0.9722,0.0,0.0
human,2207.13540,math.AG,2022,41,125,3.2683,0.472,0.448,0.472,0.256,0.208,0.336,1.072,0.016,0.5366,0.209,11,0.1282,0.1282,0.016,0.0,0.192,0.0,0.792,0.0,0.0,0.9512,0.1951,0.5854
human,2207.13806,math.DG,2022,20,26,1.5,0.4615,0.4231,0.4615,0.2308,1.0,0.8077,1.1538,0.0385,0.85,0.2,7.5,0.4,0.25,0.0,0.0,1.0,0.0,0.0,0.0,0.0,1.0,0.35,0.0
human,2207.14569,math.PR,2022,14,27,2.1429,0.0,0.0,0.1111,0.037,0.4444,0.4444,1.1111,0.0,0.8571,0.5333,29.5,0.1429,0.5,0.0,0.0,0.4444,0.0,0.5556,0.0,0.0,1.0,0.0714,0.0
human,2207.14602,math.AG,2022,11,9,1.1818,0.0,0.0,0.0,0.0,0.7778,0.7778,1.4444,0.1111,0.8182,0.1538,19.5,0.2,0.4,0.0,0.0,0.7778,0.0,0.2222,0.0,0.0,0.9091,0.0909,0.0
human,2208.00260,math.AG,2022,4,18,4.5,0.8889,0.6111,0.8889,0.4444,0.5556,0.1111,1,0.0,0.25,0.6667,31.0,0.25,0.5,0.0,0.0,0.5556,0.0,0.4444,0.0,0.0,1.0,0.0,0.25
human,2208.00266,math.RA,2022,42,101,2.5,0.7723,0.495,0.7723,0.198,0.1386,0.4158,1.0396,0.0,0.5,0.1143,22.5,0.0952,0.4286,0.0,0.0,0.1386,0.3762,0.4851,0.0,0.0,1.0,0.0,0.0
human,2208.00674,math.PR,2022,29,13,0.4483,0.3846,0.0,0.3846,0.0769,0.3077,0.3846,1,0.0,0.5,0.3846,23.5,0.0455,0.4545,0.0,0.0,0.3077,0.0,0.6923,0.0,0.0,0.7586,0.0,0.0
human,2208.01025,math.DG,2022,18,43,2.4444,0.3721,0.3721,0.6744,0.3721,0.2558,0.2558,1.0233,0.0,0.3889,0.1818,9.0,0.2222,0.2222,0.0,0.0,0.2558,0.0,0.7442,0.0,0.0,1.0,0.0,0.0
human,2208.01061,quant-ph,2022,91,49,1.3187,0.0,0.0,0.0,0.0,0.2245,0.4898,2.449,0.3469,0.8681,0.0667,5.0,0.3111,0.0556,0.0,0.0,0.2245,0.0,0.6122,0.1633,0.0,0.989,0.0,0.9231
human,2208.01374,math.AP,2022,24,40,2.0833,0.225,0.175,0.225,0.05,0.4,0.5,1.25,0.075,0.6667,0.16,6,0.2609,0.0435,0.025,0.0,0.375,0.025,0.525,0.05,0.0,0.9583,0.0417,0.7083
human,2208.01953,cs.DS,2022,13,17,1.3846,0.0,0.0,0.0,0.0588,0.8235,0.9412,1.0588,0.0,0.8462,0.2778,5,0.4615,0.0,0.0,0.0,0.8235,0.0,0.1765,0.0,0.0,1.0,0.0,0.3077
human,2208.02399,math.AP,2022,52,37,0.7115,0.4865,0.2703,0.5135,0.0541,0.1351,0.6216,1,0.0,0.619,0.1622,44,0.1379,0.5862,0.0,0.0,0.1351,0.0,0.8649,0.0,0.0,0.5577,0.0,0.0385
human,2208.03039,math.AG,2022,10,15,1.9,0.0,0.0,0.0667,0.0667,0.7333,0.7333,1.2667,0.0,0.6,0.2105,17.0,0.0,0.1,0.0,0.0,0.7333,0.0,0.2667,0.0,0.0,1.0,0.0,0.0
human,2208.03896,math.AG,2022,35,70,2.1714,0.1143,0.0571,0.1143,0.0571,0.3143,0.4429,1.0857,0.0143,0.5143,0.0789,7,0.2121,0.0606,0.0,0.0,0.3143,0.0,0.6857,0.0,0.0,0.9429,0.0286,0.0
human,2208.04454,math.DG,2022,8,8,1.0,0.0,0.0,0.0,0.0,0.25,0.375,1,0.0,1.0,0.125,17,0.1429,0.2857,0.0,0.0,0.25,0.125,0.625,0.0,0.0,0.875,0.0,0.0
human,2208.04982,gr-qc,2022,22,32,2.1818,0.0,0.0,0.0625,0.0,0.3438,0.7188,1.5,0.0625,0.6818,0.25,8,0.4737,0.1579,0.0,0.0,0.3438,0.0,0.5625,0.0938,0.0,0.8636,0.1364,0.0
human,2208.05409,math.NT,2022,29,46,1.5862,0.2609,0.1739,0.2609,0.1087,0.5435,0.4565,1,0.0,0.6897,0.1739,19,0.3793,0.3793,0.0,0.0,0.5435,0.0,0.4565,0.0,0.0,1.0,0.1034,0.0
human,2208.05559,cs.FL,2022,48,83,2.3333,0.2651,0.253,0.3012,0.0,0.1687,0.1687,1.3494,0.0723,0.5957,0.0982,15.0,0.1875,0.0417,0.0,0.0,0.1687,0.0361,0.7952,0.0,0.0,1.0,0.0,0.8333
human,2208.05790,math.AP,2022,17,66,4.1176,0.0,0.0,0.5455,0.5758,0.2727,0.5758,1.0606,0.0,0.5294,0.5143,14,0.2,0.2667,0.0,0.0,0.2727,0.0,0.7273,0.0,0.0,0.8824,0.1176,0.1765
human,2208.06577,math.DG,2022,44,61,1.75,0.4426,0.1967,0.4426,0.4098,0.4918,0.3115,1.2623,0.0656,0.5909,0.1169,5,0.4186,0.1163,0.0,0.0,0.4918,0.4754,0.0164,0.0,0.0164,0.9773,0.2273,0.0227
human,2208.06808,math.PR,2022,112,82,1.1875,0.0366,0.0122,0.0732,0.061,0.4756,0.6463,1.622,0.0854,0.6515,0.0677,9,0.3143,0.1048,0.0122,0.0,0.4634,0.0,0.5244,0.0,0.0,0.9375,0.0804,0.0893
human,2208.07827,math.PR,2022,56,91,1.8571,0.4945,0.3846,0.4945,0.2747,0.5714,0.5604,1.1429,0.033,0.6964,0.125,18.5,0.125,0.3214,0.0,0.0,0.5714,0.0,0.4286,0.0,0.0,1.0,0.1786,0.6964
human,2208.08016,math.AG,2022,60,0,0.0,,,,,,,,,,,8.0,0.2414,0.2069,,,,,,,,0.9667,0.1333,0.3333
human,2208.08546,math.AG,2022,47,88,2.0638,0.5227,0.3523,0.5227,0.1932,0.4091,0.5,1.1023,0.0227,0.5128,0.1562,15,0.1333,0.1111,0.0,0.0,0.4091,0.0,0.5909,0.0,0.0,0.9574,0.0213,0.0
human,2208.09168,cond-mat,2022,198,163,1.4394,0.0,0.0,0.0,0.0,0.1104,0.3497,1.7485,0.1718,0.7576,0.0386,11,0.162,0.1173,0.0,0.0,0.1104,0.0,0.8589,0.0307,0.0,0.904,0.0,0.3384
human,2208.09731,cs.DS,2022,23,28,1.3913,0.0,0.0,0.0,0.1071,0.7143,0.7143,1.1429,0.0,0.6957,0.0938,10.0,0.2273,0.1364,0.0,0.0,0.7143,0.25,0.0357,0.0,0.0,0.9565,0.0,0.0
human,2208.09803,cs.CC,2022,24,30,1.4583,0.0,0.0,0.0,0.0,0.8667,0.7333,1.1667,0.0333,0.7917,0.1429,19.5,0.1667,0.25,0.0,0.0,0.8667,0.0,0.1333,0.0,0.0,1.0,0.0417,0.0417
human,2208.09882,math.NT,2022,32,34,1.3438,0.2941,0.1765,0.2941,0.0882,0.6176,0.8824,1.2647,0.0588,0.8125,0.093,3.0,0.5357,0.2143,0.0,0.0,0.6176,0.0,0.2647,0.1176,0.0,0.875,0.0,0.0625
human,2208.09928,math.CO,2022,23,42,2.1739,0.0,0.0,0.119,0.0,0.6429,0.4524,1.1905,0.0238,0.4783,0.12,29,0.1739,0.4783,0.0,0.0,0.6429,0.0,0.3571,0.0,0.0,1.0,0.0,0.0
human,2208.10069,math.DS,2022,8,10,1.25,0.0,0.0,0.0,0.0,0.7,0.2,1,0.0,0.75,0.2,25.5,0.125,0.375,0.0,0.0,0.7,0.0,0.3,0.0,0.0,1.0,0.0,0.0
human,2208.10141,math.FA,2022,37,47,1.6757,0.0851,0.0851,0.1702,0.0426,0.5319,0.617,1.3191,0.0851,0.7027,0.0968,12,0.2162,0.3784,0.0,0.0,0.5319,0.1064,0.3617,0.0,0.0,1.0,0.1081,0.0
human,2208.10173,math.DS,2022,31,87,3.2258,0.2069,0.1494,0.2299,0.0,0.7816,0.3908,1.1494,0.0345,0.6452,0.2577,9,0.2759,0.069,0.0115,0.0,0.7701,0.0,0.2184,0.0,0.0,0.9355,0.0,0.7419
human,2208.10288,math.CA,2022,28,75,3.0714,0.4,0.3067,0.4,0.0267,0.5733,0.68,1.1467,0.04,0.75,0.3605,6.5,0.3571,0.1786,0.0,0.0,0.5733,0.0,0.1333,0.0,0.2933,1.0,0.1786,0.0357
human,2208.10475,math.CO,2022,26,30,1.3462,0.0,0.0,0.0,0.0,0.6333,0.7,1.1667,0.0333,0.9231,0.2571,4.0,0.4231,0.1923,0.0,0.0,0.6333,0.0,0.2333,0.1333,0.0,1.0,0.0,0.0
human,2208.10905,math.GR,2022,31,152,4.9355,0.9145,0.5789,0.9145,0.1776,0.125,0.2895,1.0066,0.0,0.3226,0.3221,43,0.0968,0.5484,0.0,0.0,0.125,0.0855,0.7895,0.0,0.0,1.0,0.0323,0.0
human,2208.11470,quant-ph,2022,55,36,1.4909,0.0,0.0,0.0,0.0,1.0,0.4444,2.2778,0.3056,0.6909,0.0488,6,0.3091,0.0182,0.0,1.0,0.0,0.0,0.0,0.0,0.0,1.0,0.0727,0.9455
human,2208.11952,math.PR,2022,31,44,1.4194,0.2273,0.2045,0.2273,0.1364,0.8182,0.75,1,0.0,0.7419,0.1136,8,0.1613,0.0968,0.0,0.0,0.8182,0.0,0.1818,0.0,0.0,1.0,0.0,0.0
human,2208.12072,math.AG,2022,55,235,4.3818,0.7787,0.5489,0.7787,0.3362,0.1404,0.2553,1.0255,0.0043,0.3455,0.1037,13,0.2545,0.3091,0.0,0.0,0.1404,0.0,0.8596,0.0,0.0,1.0,0.1091,0.0
human,2208.12245,math.PR,2022,23,24,1.4783,0.0,0.0,0.0,0.0,0.875,0.8333,1.4167,0.125,0.7391,0.1176,8,0.3478,0.1739,0.0,0.0,0.875,0.0,0.125,0.0,0.0,1.0,0.0,0.0
human,2208.12455,math.CO,2022,18,63,3.6667,0.5873,0.5238,0.5873,0.3333,0.381,0.5079,1.0476,0.0159,0.4118,0.2424,15,0.2353,0.2941,0.0,0.0,0.381,0.0,0.619,0.0,0.0,0.9444,0.1111,0.0
human,2208.12468,math.CA,2022,27,29,1.0741,0.0,0.0,0.0,0.0,0.7931,0.8966,1,0.0,0.875,0.1071,40.0,0.1538,0.5769,0.0,0.0,0.7931,0.1034,0.1034,0.0,0.0,0.963,0.0,0.0
human,2208.12727,math.PR,2022,27,36,1.6667,0.0,0.0,0.3056,0.4444,0.5556,0.5556,1.25,0.0833,0.7037,0.2,7,0.1852,0.1481,0.0,0.0,0.5556,0.0,0.3333,0.0,0.1111,1.0,0.0,0.037
human,2208.12749,math.AG,2022,51,64,1.5686,0.4531,0.375,0.4531,0.0938,0.5,0.5469,1.25,0.0469,0.7381,0.175,16.5,0.1522,0.2826,0.0,0.0,0.5,0.1406,0.3594,0.0,0.0,0.902,0.0196,0.0784
human,2208.13030,math-ph,2022,13,42,3.6154,0.1905,0.1429,0.2619,0.1667,0.3095,0.3333,1.119,0.0238,0.5385,0.383,33,0.2308,0.5385,0.0,0.0,0.3095,0.0,0.6905,0.0,0.0,1.0,0.0769,0.0
human,2208.13281,math.NT,2022,11,24,2.1818,0.75,0.6667,0.875,0.5,0.1667,0.25,1,0.0,0.5455,0.25,8,0.2727,0.2727,0.0,0.0,0.1667,0.0833,0.75,0.0,0.0,1.0,0.0,1.0
human,2208.13367,math.CV,2022,34,74,2.2353,0.0,0.0,0.1351,0.0676,0.4324,0.5405,1.027,0.0,0.5294,0.0921,23.0,0.1176,0.4412,0.0,0.0,0.4324,0.0,0.5676,0.0,0.0,1.0,0.0,0.7353
human,2208.13995,math.CO,2022,17,20,1.5294,0.0,0.0,0.0,0.0,0.85,1.0,1.3,0.15,0.6471,0.1154,48,0.1176,0.5882,0.0,0.0,0.85,0.15,0.0,0.0,0.0,1.0,0.0,0.0
human,2208.14359,math.NT,2022,22,44,2.0,0.0,0.0,0.0455,0.0,0.1136,0.1591,1,0.0,0.5909,0.2273,42,0.0,0.6667,0.0,0.0,0.1136,0.0,0.8864,0.0,0.0,0.1364,0.0,0.0
human,2208.14485,math.DG,2022,64,101,1.8125,0.2871,0.2574,0.2871,0.0594,0.0891,0.2574,1.1485,0.0495,0.614,0.1293,16,0.2632,0.3158,0.0,0.0,0.0891,0.0,0.9109,0.0,0.0,0.8906,0.1719,0.0
human,2208.14504,math-ph,2022,53,98,2.1132,0.2959,0.1327,0.3673,0.1327,0.3571,0.551,1.1429,0.0408,0.6415,0.1339,20,0.0943,0.3774,0.0,0.0,0.3571,0.3673,0.2551,0.0,0.0204,1.0,0.0566,0.0
human,2209.00497,quant-ph,2022,49,7,0.1633,0.0,0.0,0.0,0.0,0.0,0.2857,1.1429,0.0,1.0,0.125,3,0.5306,0.0,0.0,0.0,0.0,0.0,1.0,0.0,0.0,1.0,0.1633,0.7755
human,2209.00523,math.CO,2022,15,25,1.9333,0.28,0.16,0.28,0.12,0.36,0.6,1.16,0.04,0.2143,0.1034,16.0,0.2857,0.2143,0.0,0.0,0.36,0.24,0.36,0.0,0.04,0.9333,0.1333,0.0
human,2209.00621,math.AG,2022,30,46,1.9,0.6087,0.5652,0.6087,0.2609,0.4348,0.413,1.2391,0.0652,0.7333,0.2679,13,0.1379,0.1724,0.0,0.0435,0.3913,0.0217,0.4565,0.087,0.0,0.9667,0.0667,0.0
human,2209.01576,math.FA,2022,25,82,3.4,0.5976,0.5,0.6829,0.5244,0.2561,0.2927,1.0366,0.0122,0.56,0.3176,34,0.0,0.76,0.0,0.0,0.2561,0.0976,0.6463,0.0,0.0,1.0,0.0,0.0
human,2209.01742,math.AT,2022,24,52,2.1667,0.7308,0.6346,0.7308,0.0,0.1346,0.3846,1,0.0,0.5,0.3654,39.0,0.0,0.6818,0.0192,0.0,0.1154,0.0,0.8654,0.0,0.0,0.9167,0.0,0.0
human,2209.02926,math.AG,2022,44,117,2.6591,0.4701,0.3419,0.4701,0.1026,0.1111,0.3504,1,0.0,0.5,0.1111,12.0,0.2955,0.2727,0.0,0.0,0.1111,0.5128,0.3761,0.0,0.0,1.0,0.0909,0.0
human,2209.03039,math.DG,2022,5,21,4.2,0.6667,0.619,0.6667,0.1429,0.5238,0.5714,1,0.0,0.6,0.7143,25,0.2,0.4,0.0,0.0,0.5238,0.0,0.4762,0.0,0.0,1.0,0.0,0.0
human,2209.03720,math.AG,2022,41,89,2.1707,0.0,0.0,0.3708,0.0,0.1348,0.4157,1,0.0,0.4545,0.1685,15,0.1212,0.1212,0.0,0.0,0.1348,0.0,0.809,0.0,0.0562,0.8049,0.0488,0.0
human,2209.03783,math.AG,2022,35,73,2.1429,0.7397,0.6164,0.7397,0.1096,0.2329,0.2877,1.0274,0.0,0.6176,0.12,10.0,0.0882,0.1471,0.0,0.0,0.2329,0.0,0.7671,0.0,0.0,0.9714,0.0857,0.6571
human,2209.04395,math.PR,2022,31,31,1.9355,0.0,0.0,0.1935,0.0645,0.6452,0.7742,1.9355,0.2258,0.4333,0.1,15,0.2258,0.1935,0.0,0.0,0.6452,0.0,0.3548,0.0,0.0,1.0,0.1613,0.0
human,2209.04883,math.AP,2022,32,28,1.5,0.0,0.0,0.0357,0.1071,0.7857,0.8571,1.7143,0.1429,0.6562,0.0833,10,0.1935,0.1935,0.0,0.0,0.7857,0.0,0.2143,0.0,0.0,0.9688,0.0312,0.0
human,2209.05891,math.CA,2022,31,120,4.1613,0.7583,0.5,0.7667,0.2167,0.5583,0.2833,1.075,0.0167,0.3548,0.1705,38,0.3226,0.5484,0.0,0.0,0.5583,0.1333,0.3083,0.0,0.0,1.0,0.0968,0.0968
human,2209.06695,cs.DS,2022,40,53,1.675,0.0377,0.0377,0.0377,0.0,0.7925,0.434,1.2642,0.0377,0.675,0.1045,9.0,0.25,0.075,0.0,0.0,0.7925,0.0,0.2075,0.0,0.0,1.0,0.025,0.0
human,2209.07456,math.AP,2022,36,34,1.2778,0.0,0.0,0.0588,0.0294,0.8235,0.3824,1.3529,0.0882,0.7778,0.0652,12.0,0.1389,0.2778,0.0,0.0,0.8235,0.1471,0.0294,0.0,0.0,1.0,0.0,0.0
human,2209.07651,math.CO,2022,10,15,1.5,0.0667,0.0667,0.0667,0.0,0.7333,0.7333,1,0.0,0.7,0.2,15.0,0.1667,0.3333,0.0,0.0,0.7333,0.0,0.2667,0.0,0.0,0.6,0.0,0.0
human,2209.07656,math.CA,2022,24,38,1.9167,0.0,0.0,0.0789,0.1579,0.7632,0.7368,1.2105,0.0263,0.4583,0.1087,27.5,0.1667,0.4583,0.0,0.0,0.7632,0.0,0.2368,0.0,0.0,1.0,0.0,0.0
human,2209.07731,math.OA,2022,25,32,1.28,0.0,0.0,0.0625,0.0,0.8438,0.8438,1,0.0,0.7083,0.0938,18,0.16,0.16,0.0,0.0,0.8438,0.0,0.1562,0.0,0.0,1.0,0.04,0.12
human,2209.08985,math.PR,2022,50,88,1.9,0.0227,0.0227,0.3409,0.2955,0.3977,0.4091,1.0795,0.0227,0.5455,0.2737,13,0.2222,0.2889,0.0,0.0227,0.375,0.0,0.3864,0.0,0.2159,0.9,0.04,0.0
human,2209.09086,math.CO,2022,24,38,1.7917,0.0,0.0,0.1053,0.1053,0.2632,0.4211,1.1316,0.0263,0.5,0.1628,13.5,0.2917,0.2917,0.0,0.0,0.2632,0.0,0.7368,0.0,0.0,1.0,0.125,0.0
human,2209.09495,math.PR,2022,47,95,2.2128,0.0526,0.0211,0.2526,0.0316,0.3053,0.3579,1.0947,0.0211,0.65,0.375,13,0.1915,0.2553,0.0105,0.0,0.2947,0.0,0.6526,0.0,0.0421,1.0,0.0638,0.0
human,2209.10755,math.RT,2022,36,101,2.8056,0.0,0.0,0.099,0.0,0.3366,0.3168,1,0.0,0.4848,0.1188,25.5,0.1333,0.3667,0.0297,0.0,0.3069,0.0,0.6634,0.0,0.0,0.8333,0.0556,0.0
human,2209.11040,math.AG,2022,36,77,2.1667,0.4545,0.3636,0.4675,0.026,0.3247,0.4935,1.013,0.0,0.6944,0.3846,16.0,0.1111,0.2778,0.0,0.0,0.3247,0.1688,0.5065,0.0,0.0,1.0,0.0278,0.6667
human,2209.11059,math.NT,2022,14,26,1.9286,0.4231,0.4231,0.4231,0.3846,0.5769,0.6923,1.0385,0.0,0.6429,0.2963,15,0.1538,0.1538,0.0,0.0,0.5769,0.4231,0.0,0.0,0.0,0.9286,0.0714,0.0
human,2209.11365,math.NT,2022,40,47,1.475,0.5745,0.5532,0.5745,0.3191,0.3191,0.383,1.2553,0.0426,0.875,0.2203,11.5,0.225,0.0,0.0,0.0,0.3191,0.0,0.5532,0.0,0.1277,1.0,0.025,0.725
human,2209.11416,math.OA,2022,20,69,4.0,0.7826,0.7246,0.7826,0.2609,0.1594,0.3623,1.1594,0.029,0.2667,0.3,18.5,0.0556,0.2778,0.0,0.0,0.1594,0.2174,0.6232,0.0,0.0,0.9,0.15,0.0
human,2209.11901,math.AG,2022,49,119,2.4286,0.4622,0.3025,0.4622,0.0,0.3025,0.4202,1,0.0,0.5652,0.2017,17.5,0.0455,0.0909,0.0,0.0,0.3025,0.0,0.6975,0.0,0.0,0.898,0.0204,0.0
human,2209.12768,math.NT,2022,9,31,3.4444,0.5484,0.4194,0.6129,0.0645,0.7097,0.7097,1,0.0,0.3333,0.1613,8,0.1111,0.0,0.0,0.0,0.7097,0.0,0.2903,0.0,0.0,1.0,0.2222,0.0
human,2209.12861,math.MG,2022,38,56,2.1053,0.3214,0.2321,0.3929,0.0714,0.3036,0.4643,1.4286,0.125,0.4118,0.0875,20.0,0.1111,0.3056,0.0,0.0,0.3036,0.125,0.5714,0.0,0.0,0.9474,0.0263,0.0
human,2209.13134,cs.CG,2022,28,29,1.8929,0.0,0.0,0.0,0.0,0.7241,0.8276,1.8276,0.069,0.5357,0.0943,16.5,0.0714,0.25,0.0,0.0,0.7241,0.1724,0.0345,0.069,0.0,1.0,0.0,0.0
human,2209.13249,math.DS,2022,34,67,2.5294,0.2836,0.194,0.4776,0.0597,0.4328,0.8657,1.2836,0.1045,0.7586,0.3023,40,0.0,0.5862,0.0,0.0,0.4328,0.4478,0.1194,0.0,0.0,0.8529,0.0,0.0
human,2209.14002,math.PR,2022,59,91,1.9831,0.2637,0.2418,0.2967,0.2527,0.6044,0.5165,1.2857,0.0549,0.7069,0.1538,11,0.1864,0.2542,0.0,0.6044,0.0,0.0659,0.3297,0.0,0.0,1.0,0.1864,0.0
human,2209.14135,math.PR,2022,32,45,1.625,0.4889,0.2667,0.4889,0.0889,0.1111,0.3556,1.1556,0.0444,0.6562,0.0962,13.0,0.1875,0.2188,0.0,0.0,0.1111,0.0,0.7333,0.1556,0.0,1.0,0.0312,0.0312
human,2209.14215,math-ph,2022,45,44,1.7333,0.0,0.0,0.0909,0.0,0.2045,0.2045,1.7727,0.2045,0.6818,0.0658,15,0.1778,0.1333,0.0,0.0,0.2045,0.5455,0.25,0.0,0.0,1.0,0.0667,0.0
human,2210.00033,math.AG,2022,45,113,2.6222,0.6549,0.3363,0.6549,0.1858,0.2655,0.3628,1.0442,0.0,0.5111,0.1525,18.5,0.2273,0.2273,0.0,0.0,0.2655,0.0885,0.5664,0.0,0.0796,0.9778,0.0444,0.6889
human,2210.00224,math.DG,2022,34,63,2.2353,0.1111,0.0794,0.2857,0.3016,0.6349,0.746,1.2063,0.0635,0.5588,0.1447,5.5,0.2941,0.0588,0.0,0.0,0.6349,0.0476,0.3175,0.0,0.0,1.0,0.0294,0.5
human,2210.00730,math.GR,2022,21,51,2.619,0.4118,0.2549,0.4314,0.3333,0.3922,0.5686,1.0784,0.0196,0.2857,0.1455,15,0.1429,0.1429,0.0,0.0,0.3922,0.1765,0.4314,0.0,0.0,1.0,0.0952,0.0476
human,2210.00784,math.AG,2022,32,66,2.5312,0.2576,0.2424,0.2576,0.1212,0.2727,0.5606,1.2273,0.0303,0.4375,0.1235,4.0,0.4688,0.1562,0.0,0.0,0.2727,0.2424,0.4545,0.0152,0.0152,1.0,0.3438,0.75
human,2210.00800,math.LO,2022,17,73,4.2941,0.6712,0.6164,0.6849,0.1507,0.274,0.3288,1,0.0,0.5294,0.3288,18.0,0.1875,0.1875,0.0,0.0,0.274,0.0,0.726,0.0,0.0,0.9412,0.1176,0.0588
human,2210.01175,math-ph,2022,42,62,1.5238,0.1774,0.1774,0.2097,0.1129,0.5806,0.7419,1.0323,0.0,0.5333,0.1562,23.5,0.1316,0.3421,0.0323,0.0,0.5484,0.2097,0.2097,0.0,0.0,0.9048,0.0238,0.0238
human,2210.01560,cs.DS,2022,45,182,4.4222,0.0165,0.011,0.0165,0.011,0.033,0.2198,1.0934,0.0165,0.5111,0.1256,12,0.2,0.2222,0.0,0.0,0.033,0.0604,0.9066,0.0,0.0,1.0,0.0,0.8
human,2210.01664,math.QA,2022,24,0,0.0,,,,,,,,,,,19.5,0.0,0.05,,,,,,,,0.8333,0.0833,0.0
human,2210.01731,math.AG,2022,41,157,4.3415,0.7643,0.7197,0.7643,0.3758,0.1975,0.3439,1.1338,0.0255,0.359,0.191,10.0,0.25,0.0312,0.0,0.0,0.1975,0.2548,0.5478,0.0,0.0,0.7805,0.3902,0.0
human,2210.02076,math.AG,2022,11,12,1.2727,0.5,0.4167,0.5833,0.0,0.0833,0.6667,1.1667,0.0833,0.8182,0.2143,20.0,0.0,0.125,0.0,0.0,0.0833,0.6667,0.25,0.0,0.0,0.7273,0.0909,0.0
human,2210.02763,math.AG,2022,9,16,1.7778,0.1875,0.1875,0.1875,0.0,0.5625,0.5,1,0.0,0.5556,0.3125,34,0.0,0.6667,0.0,0.0,0.5625,0.0,0.4375,0.0,0.0,1.0,0.0,0.0
human,2210.02920,math.AP,2022,62,49,0.9194,0.551,0.4286,0.551,0.3469,0.449,0.449,1.1633,0.0408,0.75,0.1579,16.5,0.3889,0.1944,0.0,0.0,0.449,0.0,0.551,0.0,0.0,0.5806,0.0,0.0
human,2210.03385,math.CA,2022,42,68,2.3333,0.3824,0.1765,0.3971,0.2059,0.2794,0.4118,1.4412,0.0882,0.561,0.1939,23.0,0.1,0.225,0.0,0.0,0.2794,0.0,0.7206,0.0,0.0,0.9524,0.0714,0.0238
human,2210.03982,math.DG,2022,68,167,2.7794,0.3832,0.2934,0.3892,0.0599,0.2575,0.4431,1.1317,0.0359,0.5846,0.1587,14,0.1475,0.1639,0.0,0.0,0.2575,0.0838,0.6587,0.0,0.0,0.8971,0.4853,0.0
human,2210.04060,math.PR,2022,3,223,76.6667,0.6009,0.4395,0.6009,0.148,0.5919,0.4933,1.0314,0.0045,,,2,1.0,0.0,0.0314,0.0,0.5605,0.009,0.3991,0.0,0.0,0.3333,0.0,0.0
human,2210.04322,math.NT,2022,11,16,1.4545,0.3125,0.3125,0.3125,0.0,0.0625,0.1875,1,0.0,0.7273,0.1875,12,0.2727,0.0909,0.0,0.0,0.0625,0.0,0.9375,0.0,0.0,1.0,0.0,0.0
human,2210.04939,math.AG,2022,51,73,1.5098,0.3836,0.1096,0.3973,0.0,0.0,0.3699,1.0548,0.0,0.7255,0.1169,4.5,0.42,0.04,0.0,0.0,0.0,0.0,1.0,0.0,0.0,0.9804,0.1373,0.0588
human,2210.05293,quant-ph,2022,38,25,1.2105,0.0,0.0,0.0,0.0,0.68,0.8,1.84,0.16,0.8421,0.0652,9.0,0.3889,0.1667,0.0,0.0,0.68,0.0,0.16,0.0,0.16,0.9474,0.0,0.0
human,2210.05856,math.DG,2022,203,228,1.133,0.1491,0.1228,0.1754,0.1272,0.1886,0.3509,1.0088,0.0,0.3778,0.1258,13.0,0.104,0.1733,0.0,0.0,0.1886,0.0,0.8114,0.0,0.0,0.9951,0.133,0.1724
human,2210.05942,math.OA,2022,20,35,2.1,0.5714,0.4286,0.5714,0.1429,0.4286,0.3429,1.2,0.0571,0.7222,0.2143,19.0,0.05,0.35,0.0,0.0,0.4286,0.0,0.5714,0.0,0.0,1.0,0.05,0.0
human,2210.06424,math.AT,2022,13,40,3.2308,0.0,0.0,0.075,0.0,0.275,0.6,1.05,0.0,0.5385,0.3333,11,0.0769,0.0769,0.0,0.0,0.275,0.4,0.275,0.025,0.025,1.0,0.1538,0.0
human,2210.06488,math.AP,2022,66,143,2.7121,0.3566,0.1678,0.3566,0.0559,0.0,0.1748,1.2517,0.0769,0.6515,0.2346,11.0,0.2424,0.2576,0.0,0.0,0.0,0.0,1.0,0.0,0.0,1.0,0.0606,0.0
human,2210.07530,cs.DM,2022,22,34,2.0,0.0294,0.0294,0.0588,0.0294,0.7353,0.4412,1.2941,0.0588,0.55,0.1818,5.0,0.3636,0.1364,0.0,0.0,0.7353,0.0,0.2059,0.0588,0.0,1.0,0.0455,0.3182
human,2210.07671,math.CA,2022,9,10,1.3333,0.0,0.0,0.0,0.1,0.5,0.6,1.2,0.1,0.7778,0.25,30.5,0.25,0.625,0.0,0.0,0.5,0.0,0.5,0.0,0.0,0.8889,0.0,0.0
human,2210.08840,math.NT,2022,23,36,1.6957,0.5278,0.4167,0.5556,0.0278,0.5278,0.6389,1.0833,0.0278,0.7826,0.2308,20.5,0.1667,0.2778,0.0,0.0,0.5278,0.2778,0.1944,0.0,0.0,0.7826,0.1739,0.0
human,2210.08852,math.GR,2022,36,29,1.3056,0.4483,0.4138,0.4483,0.3793,0.5172,0.5517,1.6207,0.0345,0.64,0.2979,7.0,0.2778,0.1111,0.0,0.0,0.5172,0.0,0.4828,0.0,0.0,1.0,0.0,0.1111
human,2210.08943,math.RT,2022,22,54,2.4545,0.7222,0.4259,0.7222,0.1667,0.5185,0.6667,1,0.0,0.4091,0.1667,23,0.1905,0.4286,0.0,0.0,0.5185,0.3519,0.1296,0.0,0.0,0.9545,0.0,0.0
human,2210.10189,quant-ph,2022,37,39,1.4865,0.0,0.0,0.0,0.0,0.3333,0.3846,1.4103,0.0513,0.8108,0.1091,2,0.6061,0.0606,0.0,0.0,0.3333,0.0,0.6154,0.0513,0.0,0.8919,0.0811,0.0541
human,2210.10681,math.PR,2022,95,100,1.5158,0.05,0.03,0.09,0.08,0.63,0.67,1.44,0.14,0.7368,0.0556,10,0.2,0.1158,0.0,0.0,0.63,0.17,0.2,0.0,0.0,1.0,0.0526,0.0
human,2210.10939,math.AG,2022,6,15,2.5,0.0,0.0,0.4,0.0,0.8,0.7333,1,0.0,0.5,0.4,90.0,0.1667,0.6667,0.0667,0.0,0.7333,0.0,0.2,0.0,0.0,1.0,0.0,0.0
human,2210.11043,math.AT,2022,77,62,1.4675,0.2419,0.2258,0.2419,0.1129,0.6935,0.5323,1.8226,0.2097,0.7662,0.0973,23,0.1333,0.4133,0.0,0.0,0.6935,0.0968,0.2097,0.0,0.0,0.974,0.0519,0.5974
human,2210.12838,math.OA,2022,45,100,2.8222,0.52,0.44,0.52,0.12,0.16,0.39,1.27,0.06,0.4889,0.1181,12,0.1333,0.1333,0.0,0.0,0.16,0.07,0.77,0.0,0.0,1.0,0.0667,0.0
human,2210.13042,math.AG,2022,50,165,3.32,0.8545,0.6,0.8606,0.3697,0.0788,0.2485,1.0061,0.0,0.3673,0.1687,24,0.102,0.4082,0.0,0.0,0.0788,0.297,0.6242,0.0,0.0,0.98,0.04,0.0
human,2210.13607,math.PR,2022,27,48,1.8148,0.0,0.0,0.0833,0.0417,0.5625,0.5833,1.0208,0.0,0.6296,0.1633,16,0.1852,0.2222,0.0,0.0,0.5625,0.0,0.4375,0.0,0.0,1.0,0.1111,0.4074
human,2210.14638,cs.DS,2022,46,84,2.2174,0.0952,0.0952,0.0952,0.119,0.5833,0.631,1.2143,0.0357,0.6957,0.1471,11.0,0.2391,0.2174,0.0,0.0,0.5833,0.0476,0.369,0.0,0.0,1.0,0.0,0.0
human,2210.14704,math.NT,2022,16,28,1.9375,0.5714,0.4643,0.5714,0.2857,0.2143,0.3571,1.1071,0.0357,0.6875,0.3226,17.5,0.0714,0.4286,0.0,0.0,0.2143,0.0,0.7857,0.0,0.0,0.875,0.25,0.0
human,2210.14839,math.CO,2022,29,41,1.5862,0.2683,0.2195,0.2683,0.0,0.4634,0.4634,1.122,0.0488,0.56,0.1304,13,0.28,0.24,0.0,0.0,0.4634,0.2195,0.3171,0.0,0.0,0.8621,0.069,0.0
human,2210.15267,math-ph,2022,52,36,1.4038,0.1111,0.0833,0.1944,0.0,0.3889,0.4444,2.0278,0.25,0.8269,0.1644,21.0,0.16,0.26,0.0,0.0,0.3889,0.0,0.6111,0.0,0.0,0.9615,0.0385,0.1154
human,2210.15335,math.CO,2022,45,28,1.2222,0.0714,0.0714,0.0714,0.0,0.5357,1.0,1.9643,0.1429,0.8667,0.0545,9,0.2889,0.0889,0.0,0.0,0.5357,0.4643,0.0,0.0,0.0,1.0,0.0,0.0222
human,2210.16218,math.NT,2022,14,29,2.2857,0.4483,0.2414,0.4828,0.069,0.069,0.2414,1.1034,0.0345,0.7857,0.4062,18,0.0,0.0,0.0,0.0,0.069,0.1724,0.7586,0.0,0.0,0.9286,0.0,0.0
human,2210.16672,math.CO,2022,9,10,1.1111,0.0,0.0,0.1,0.0,0.9,0.9,1,0.0,0.8889,0.2,6.0,0.375,0.25,0.0,0.0,0.9,0.0,0.1,0.0,0.0,0.8889,0.1111,0.0
human,2210.16747,math.AG,2022,66,103,1.9394,0.3301,0.2524,0.3495,0.0291,0.3495,0.534,1.2427,0.0874,0.62,0.2031,19.0,0.1,0.3333,0.0097,0.0,0.3398,0.0,0.5922,0.0,0.0583,0.9091,0.1515,0.0
human,2210.17090,math.CO,2022,4,31,7.75,0.3226,0.3226,0.3548,0.1613,0.1613,0.4194,1,0.0,0.5,0.7097,6.5,0.5,0.25,0.0,0.0,0.1613,0.3226,0.5161,0.0,0.0,1.0,0.75,0.0
human,2210.17123,math-ph,2022,13,10,1.3846,0.0,0.0,0.0,0.0,0.7,0.7,1.8,0.2,0.7692,0.2222,27.5,0.1,0.5,0.0,0.0,0.7,0.0,0.3,0.0,0.0,0.7692,0.1538,0.0
human,2211.00853,math.FA,2022,17,30,1.8824,0.3667,0.0667,0.3667,0.1333,0.2333,0.2333,1.0667,0.0,0.5294,0.125,19,0.2941,0.3529,0.0,0.0,0.2333,0.0,0.0,0.7667,0.0,1.0,0.0588,0.0588
human,2211.02194,math.PR,2022,22,55,2.8182,0.2364,0.1273,0.3455,0.1455,0.5636,0.5273,1.1273,0.0364,0.3684,0.2742,19.5,0.0909,0.3182,0.0727,0.0,0.4909,0.0727,0.2727,0.0,0.0909,1.0,0.0455,0.3636
human,2211.03682,math.CO,2022,20,33,1.8,0.0303,0.0,0.0606,0.0,0.3333,0.3636,1.0909,0.0303,0.5,0.1389,6,0.2353,0.1176,0.0303,0.0,0.303,0.0,0.6667,0.0,0.0,0.85,0.1,0.0
human,2211.03886,math.AT,2022,18,36,2.0,0.0,0.0,0.3333,0.0,0.25,0.3056,1,0.0,0.5,0.1944,18.0,0.0,0.3889,0.0,0.0,0.25,0.0,0.75,0.0,0.0,1.0,0.0,0.7778
human,2211.04111,math.KT,2022,38,49,1.2895,0.6122,0.6122,0.6327,0.0,0.2449,0.3061,1,0.0,0.52,0.1429,35,0.0286,0.6286,0.0,0.0,0.2449,0.0,0.7551,0.0,0.0,0.9211,0.0,0.0
human,2211.04300,math.AG,2022,47,104,2.2128,0.6442,0.5288,0.6442,0.2692,0.1058,0.2885,1,0.0,0.5957,0.125,20,0.0851,0.383,0.0096,0.0,0.0962,0.0,0.625,0.0,0.2692,1.0,0.0213,0.0
human,2211.04499,math.CO,2022,23,27,1.3043,0.0741,0.037,0.0741,0.037,0.8519,0.7407,1.1111,0.037,0.8696,0.1667,9,0.2174,0.2174,0.0,0.0,0.8519,0.0,0.037,0.1111,0.0,1.0,0.0,0.0
human,2211.05876,math.AG,2022,23,49,2.1304,0.449,0.3878,0.449,0.2857,0.1837,0.2653,1,0.0,0.7391,0.2245,34,0.087,0.6087,0.0,0.0,0.1837,0.0,0.8163,0.0,0.0,1.0,0.0,0.0
human,2211.06068,math.DS,2022,26,29,1.6923,0.2069,0.2069,0.2069,0.0345,0.4483,0.6897,1.5172,0.1034,0.8077,0.2727,25,0.16,0.44,0.069,0.0,0.3793,0.2069,0.2414,0.1034,0.0,0.9615,0.0,0.0
human,2211.06357,math.NT,2022,38,79,2.1316,0.557,0.443,0.6456,0.3924,0.2025,0.2911,1.0253,0.0127,0.5,0.1481,20,0.1081,0.3784,0.0,0.0,0.2025,0.0,0.5063,0.0,0.2911,0.9737,0.1053,0.0
human,2211.06396,math.CO,2022,10,8,1.2,0.0,0.0,0.0,0.0,0.875,0.875,1.5,0.125,0.9,0.25,1.0,0.9,0.0,0.0,0.0,0.875,0.0,0.125,0.0,0.0,1.0,0.1,0.2
human,2211.06484,math.MG,2022,10,8,1.5,0.375,0.0,0.375,0.125,0.875,0.875,1.875,0.25,0.7,0.2667,,,,0.0,0.0,0.875,0.0,0.125,0.0,0.0,,0.0,0.0
human,2211.06616,math.DG,2022,4,8,2.0,0.0,0.0,0.0,0.0,0.625,0.875,1,0.0,0.5,0.375,37.5,0.25,0.5,0.0,0.0,0.625,0.375,0.0,0.0,0.0,1.0,0.0,0.0
human,2211.07618,math.OA,2022,41,54,1.6585,0.3148,0.2407,0.463,0.0926,0.3704,0.5,1.2593,0.0741,0.8049,0.1618,25,0.0488,0.439,0.0,0.0,0.3704,0.0185,0.6111,0.0,0.0,1.0,0.0,0.0
human,2211.07739,math.NT,2022,32,45,1.625,0.5111,0.3778,0.5111,0.0889,0.7333,0.7111,1.1556,0.0222,0.6897,0.0962,17.0,0.2143,0.1429,0.0,0.0,0.7333,0.1111,0.1556,0.0,0.0,0.875,0.0,0.0
human,2211.08039,math.CA,2022,16,11,1.0625,0.1818,0.0909,0.1818,0.0,0.6364,0.4545,1.5455,0.1818,0.9375,0.1176,8.0,0.1875,0.25,0.0,0.0,0.6364,0.0909,0.2727,0.0,0.0,1.0,0.0,0.4375
human,2211.08164,math.AG,2022,55,40,0.7273,0.15,0.125,0.15,0.25,0.175,0.2,1,0.0,0.875,0.15,32.0,0.1,0.5333,0.0,0.0,0.175,0.0,0.525,0.3,0.0,0.5455,0.0182,0.0
human,2211.08725,math.GR,2022,17,14,0.9412,0.0,0.0,0.0,0.1429,0.5714,0.8571,1.1429,0.0,0.75,0.1333,50,0.0,0.7647,0.0,0.0,0.5714,0.3571,0.0714,0.0,0.0,1.0,0.0,0.0
human,2211.09106,cs.CC,2022,22,34,1.5455,0.0,0.0,0.0,0.0,0.7353,0.8824,1,0.0,0.7273,0.2353,5,0.1429,0.2381,0.0,0.0,0.7353,0.1176,0.1471,0.0,0.0,0.9545,0.0909,0.5455
human,2211.09624,math.OA,2022,33,72,2.5152,0.2083,0.1944,0.2083,0.0972,0.3194,0.5417,1.1528,0.0278,0.4545,0.1566,16,0.1818,0.2121,0.0,0.0,0.3194,0.2222,0.4583,0.0,0.0,1.0,0.0606,0.0303
human,2211.10178,math.KT,2022,18,39,2.1667,0.3333,0.2051,0.3333,0.0,0.4872,0.5385,1,0.0,0.6667,0.3077,21.0,0.0,0.4444,0.0,0.4872,0.0,0.0,0.5128,0.0,0.0,1.0,0.0,0.6111
human,2211.10471,cs.DS,2022,18,20,1.2222,0.0,0.0,0.0,0.0,1.0,1.0,1.1,0.0,0.8333,0.1364,7.0,0.2222,0.3333,0.0,0.0,1.0,0.0,0.0,0.0,0.0,1.0,0.0,0.0
human,2211.10607,math.CO,2022,16,30,2.1875,0.4667,0.4,0.5,0.1,0.2333,0.3667,1.1667,0.0667,0.5,0.1429,8.5,0.375,0.1875,0.0,0.0,0.2333,0.0,0.7,0.0667,0.0,1.0,0.0625,0.0
human,2211.10977,math.AT,2022,12,19,1.6667,0.3158,0.1579,0.3158,0.0,0.2105,0.4737,1.0526,0.0,0.5,0.2,24.0,0.0,0.1667,0.0,0.0,0.2105,0.0,0.7895,0.0,0.0,1.0,0.0,0.0
human,2211.11065,cs.DM,2022,2,18,9.0,0.0,0.0,0.7778,0.7778,0.1667,0.1667,1,0.0,0.5,0.9444,5.5,0.5,0.0,0.0,0.1667,0.0,0.0,0.8333,0.0,0.0,1.0,0.0,0.0
human,2211.12259,math-ph,2022,29,49,2.1379,0.2041,0.102,0.2449,0.2245,0.2857,0.6327,1.2653,0.0408,0.5172,0.2258,10,0.1724,0.0,0.0,0.0,0.2857,0.0,0.7143,0.0,0.0,1.0,0.1034,0.7931
human,2211.12564,math.CA,2022,28,46,1.6429,0.2826,0.1087,0.2826,0.1087,1.0,0.7174,1,0.0,0.6071,0.087,19.5,0.1786,0.25,0.0,0.0,1.0,0.0,0.0,0.0,0.0,1.0,0.0,0.0
human,2211.13898,cs.DS,2022,13,12,1.3846,0.0,0.0,0.0,0.0,0.4167,0.4167,1.5,0.1667,0.6923,0.1667,13,0.0,0.0,0.0,0.0,0.4167,0.0,0.5833,0.0,0.0,1.0,0.0,0.6923
human,2211.14195,math.AG,2022,24,28,1.375,0.1071,0.1071,0.1071,0.1071,0.2143,0.6071,1.1786,0.0357,0.7917,0.1212,17,0.0435,0.2609,0.0,0.0,0.2143,0.0,0.7857,0.0,0.0,0.9583,0.0833,0.0
human,2211.14735,math.PR,2022,38,53,2.3158,0.3019,0.283,0.3019,0.0943,0.6604,0.6981,1.6604,0.2075,0.7222,0.2159,9.5,0.2632,0.0526,0.0,0.0,0.6604,0.0,0.3396,0.0,0.0,1.0,0.0789,0.0
human,2211.15050,math.PR,2022,47,39,1.0851,0.0,0.0,0.0,0.0,0.8974,0.7179,1.3077,0.0513,0.9,0.1373,13,0.1489,0.2128,0.0,0.0,0.8974,0.0,0.1026,0.0,0.0,1.0,0.0638,0.2128
human,2211.15796,math.AC,2022,23,48,2.3913,0.5,0.5,0.5208,0.2083,0.5625,0.5,1.1458,0.0417,0.4783,0.2364,7.5,0.4091,0.0455,0.0208,0.0,0.5417,0.0,0.4375,0.0,0.0,0.9565,0.0435,0.0
human,2211.15915,math.AG,2022,33,51,1.6061,0.2157,0.2157,0.3333,0.2157,0.6275,0.6275,1.0392,0.0196,0.7273,0.1132,12,0.1212,0.2121,0.0,0.0,0.6275,0.0,0.3725,0.0,0.0,1.0,0.0606,0.0
human,2212.00099,math.RT,2022,39,137,3.6923,0.4453,0.365,0.4964,0.2993,0.2993,0.2044,1.0511,0.0073,0.5128,0.2847,26,0.1538,0.4103,0.0,0.0,0.2993,0.1752,0.5255,0.0,0.0,1.0,0.0769,0.8462
human,2212.00745,math.CO,2022,18,23,1.8333,0.0,0.0,0.0,0.0,0.8696,0.9565,1.4348,0.087,0.6429,0.2424,34.5,0.1667,0.6111,0.0,0.0,0.8696,0.0,0.087,0.0435,0.0,1.0,0.0,0.0
human,2212.01022,cs.AI,2022,36,51,1.6944,0.0,0.0,0.0,0.0392,0.3137,0.4314,1.1961,0.0392,0.6667,0.0984,6.0,0.2222,0.0278,0.0,0.0,0.3137,0.1176,0.5686,0.0,0.0,1.0,0.0556,0.0
human,2212.01045,math-ph,2022,23,44,2.3043,0.0,0.0,0.0455,0.0,0.4318,0.5455,1.2045,0.0227,0.4783,0.0943,5,0.3529,0.1176,0.0,0.0,0.4318,0.0,0.5682,0.0,0.0,0.7391,0.3913,0.0
human,2212.01234,math.AG,2022,17,26,1.6471,0.2692,0.2308,0.2692,0.2308,0.4231,0.6538,1.0769,0.0385,0.7059,0.1786,15,0.2353,0.2941,0.0,0.0,0.4231,0.2692,0.1923,0.1154,0.0,1.0,0.0,0.0
human,2212.01373,math-ph,2022,56,79,1.9821,0.0,0.0,0.0759,0.0,0.2278,0.4684,1.4051,0.0633,0.6042,0.1351,27.0,0.1481,0.3148,0.0,0.0,0.2278,0.0,0.6456,0.0,0.1266,0.9643,0.5714,0.0
human,2212.01872,math.SG,2022,26,53,2.8846,0.2642,0.1321,0.2642,0.1887,0.434,0.4906,1.4151,0.0755,0.4615,0.1067,8.0,0.2692,0.0,0.0189,0.0,0.4151,0.434,0.1321,0.0,0.0,1.0,0.2308,0.0769
human,2212.02345,math.AT,2022,26,33,1.9615,0.1212,0.1212,0.1212,0.0,0.3333,0.5758,1.5455,0.1515,0.6154,0.1176,15,0.16,0.04,0.0,0.0,0.3333,0.5152,0.1515,0.0,0.0,0.9615,0.0,0.7692
human,2212.03121,math.CO,2022,18,17,1.0,0.2353,0.1765,0.2353,0.2941,0.2353,0.4706,1.0588,0.0,0.75,0.2222,9.5,0.25,0.3333,0.0,0.0,0.2353,0.1765,0.5882,0.0,0.0,0.6667,0.0,0.0
human,2212.03227,math.NT,2022,33,96,2.9091,0.0,0.0,0.3646,0.1354,0.5,0.5208,1,0.0,0.4062,0.2604,16.5,0.1875,0.3438,0.0,0.0,0.5,0.0,0.5,0.0,0.0,0.9697,0.0606,0.0
human,2212.05054,quant-ph,2022,217,299,2.1244,0.0,0.0,0.0,0.0,0.1104,0.1839,1.5418,0.1371,0.5069,0.0347,11.0,0.3009,0.1759,0.0,0.0,0.1104,0.0,0.8629,0.0067,0.0201,0.9954,0.0415,0.8249
human,2212.06131,math.FA,2022,48,36,0.75,0.0,0.0,0.0556,0.1389,0.7222,0.8333,1,0.0,0.5238,0.1111,23.5,0.25,0.5,0.0,0.0,0.7222,0.0,0.2778,0.0,0.0,0.4167,0.0417,0.0
human,2212.06304,math.DS,2022,27,55,2.1111,0.3091,0.3091,0.3091,0.0,0.3636,0.5273,1.0364,0.0,0.6667,0.1579,11,0.1111,0.1852,0.0,0.0,0.3636,0.0545,0.5818,0.0,0.0,1.0,0.0,0.9259
human,2212.07529,math-ph,2022,27,13,1.1481,0.0,0.0,0.0,0.0,0.7692,0.7692,2.3846,0.3077,0.8889,0.0968,11,0.1111,0.037,0.0,0.0,0.7692,0.0,0.2308,0.0,0.0,1.0,0.0,0.0
human,2212.07992,cs.LG,2022,55,223,4.6364,0.0,0.0,0.0045,0.0,0.0852,0.287,1.1435,0.0224,0.3636,0.0667,3,0.7091,0.0182,0.0045,0.0,0.0807,0.0942,0.7713,0.0493,0.0,1.0,0.0364,0.0
human,2212.08157,math.AG,2022,19,40,2.1579,0.2,0.15,0.25,0.125,0.225,0.375,1.025,0.0,0.4737,0.1707,13,0.1053,0.1053,0.0,0.0,0.225,0.5,0.275,0.0,0.0,1.0,0.2105,0.0
human,2212.08193,cs.DM,2022,30,34,1.5,0.0,0.0,0.0,0.0,0.2353,0.4412,1.3235,0.0294,0.72,0.2,11.5,0.0909,0.1818,0.0,0.0,0.2353,0.0,0.7647,0.0,0.0,0.7333,0.0,0.0
human,2212.08207,math.GR,2022,20,37,1.85,0.5135,0.2973,0.5135,0.1892,0.4324,0.4054,1,0.0,0.6842,0.1351,22,0.0526,0.4211,0.0,0.0,0.4324,0.0,0.5135,0.0541,0.0,0.95,0.05,0.0
human,2212.08803,math.AG,2022,14,19,1.3571,0.0,0.0,0.1053,0.0,0.1579,0.6842,1,0.0,0.5833,0.1579,26.0,0.0,0.4167,0.0,0.0,0.1579,0.6842,0.1579,0.0,0.0,0.8571,0.0,0.0
human,2212.09188,math.CO,2022,6,25,4.1667,0.0,0.0,0.0,0.0,0.88,0.84,1,0.0,0.3333,0.44,12.5,0.25,0.0,0.04,0.0,0.84,0.0,0.12,0.0,0.0,0.6667,0.0,0.0
human,2212.09665,math.GR,2022,39,58,1.7436,0.4655,0.3448,0.4655,0.2414,0.1552,0.2586,1.1724,0.0345,0.6842,0.2206,13,0.2973,0.2432,0.0,0.0,0.1552,0.1379,0.7069,0.0,0.0,0.9487,0.0513,0.0
human,2212.09793,math.AG,2022,17,16,1.0588,0.0625,0.0,0.0625,0.0,0.4375,0.5,1.125,0.0625,0.9412,0.1111,19.5,0.1429,0.2857,0.0,0.0,0.4375,0.125,0.4375,0.0,0.0,0.8235,0.0,0.0
human,2212.09905,math.PR,2022,28,32,1.7143,0.3125,0.25,0.3125,0.0,0.875,0.5312,1.5,0.0625,0.7857,0.1458,5.5,0.3929,0.1429,0.0625,0.0,0.8125,0.0,0.0625,0.0,0.0625,1.0,0.1071,0.0357
human,2212.10868,math.CV,2022,27,93,3.7778,0.6129,0.5269,0.7097,0.3333,0.1505,0.2903,1.0968,0.0215,0.5769,0.3627,9,0.32,0.16,0.0,0.0,0.1505,0.0753,0.7742,0.0,0.0,0.9259,0.0741,0.0
human,2212.10920,math.CO,2022,36,48,1.8611,0.0208,0.0,0.25,0.125,0.1875,0.2292,1.3958,0.0625,0.6111,0.1343,20.5,0.1765,0.3235,0.0,0.0,0.1875,0.2083,0.6042,0.0,0.0,0.9444,0.0,0.0
human,2212.12277,math.PR,2022,30,52,2.2333,0.2692,0.2308,0.5769,0.25,0.1346,0.3846,1.2885,0.0769,0.6,0.1045,10.5,0.1667,0.1667,0.0,0.0,0.1346,0.0,0.8654,0.0,0.0,1.0,0.0,0.0
human,2212.12348,math.CA,2022,20,26,1.3,0.0,0.0,0.0,0.0385,0.3077,0.3462,1,0.0,0.6667,0.1538,10.0,0.2222,0.1111,0.0,0.0,0.3077,0.0,0.6923,0.0,0.0,0.9,0.0,0.0
human,2212.13316,math.NT,2022,53,152,2.8679,0.5724,0.5066,0.5724,0.1908,0.3618,0.625,1,0.0,0.587,0.2039,13.0,0.1304,0.2609,0.0066,0.0,0.3553,0.0,0.6382,0.0,0.0,0.8679,0.0189,0.0
human,2212.13352,math.SG,2022,20,36,2.1,0.1667,0.1111,0.1944,0.0,0.7778,0.3889,1.1667,0.0556,0.5,0.2143,8.5,0.1,0.15,0.0,0.0,0.7778,0.0,0.2222,0.0,0.0,1.0,0.0,0.0
human,2212.13588,math.CO,2022,38,79,2.4474,0.2658,0.1899,0.2658,0.1266,0.5823,0.4051,1.1772,0.0506,0.6053,0.129,15.0,0.1053,0.1579,0.0,0.0,0.5823,0.0,0.4177,0.0,0.0,1.0,0.0,0.7105
human,2212.13681,math.FA,2022,51,71,1.3922,0.0,0.0,0.0141,0.0141,0.5775,0.2535,1,0.0,0.7174,0.1268,5.0,0.3478,0.0652,0.0,0.0,0.5775,0.0,0.4225,0.0,0.0,0.902,0.098,0.0
human,2212.13874,hep-th,2022,20,13,1.1,0.0,0.0,0.0,0.0,0.3846,0.4615,1.6923,0.1538,0.8421,0.0909,21.5,0.0,0.4,0.0,0.0,0.3846,0.0,0.4615,0.0,0.1538,1.0,0.45,0.1
human,2212.13999,math.PR,2022,32,119,3.7812,0.6471,0.2689,0.6555,0.1345,0.1765,0.3277,1.0168,0.0,0.4138,0.3719,19,0.0645,0.2903,0.0,0.0,0.1765,0.0,0.8235,0.0,0.0,0.9688,0.0,0.0
human,2212.14391,math.AP,2022,19,14,0.7368,0.0,0.0,0.0,0.0,0.9286,0.9286,1,0.0,0.8,0.2143,21,0.0769,0.2308,0.0,0.0,0.9286,0.0,0.0714,0.0,0.0,0.6842,0.0,0.0
human,2212.14544,math.PR,2022,39,97,3.0256,0.3505,0.1753,0.4433,0.2165,0.2784,0.433,1.2165,0.0206,0.5128,0.1695,10,0.1026,0.2821,0.0,0.0,0.2784,0.0,0.7216,0.0,0.0,1.0,0.0769,0.0
human,2212.14607,math.OA,2022,35,75,2.4,0.0933,0.08,0.2667,0.1333,0.24,0.4533,1.12,0.0133,0.4286,0.1429,21,0.0571,0.1429,0.0,0.0,0.24,0.24,0.4133,0.0,0.1067,1.0,0.0571,0.0
human,2212.14666,math.CO,2022,17,25,2.2941,0.0,0.0,0.08,0.0,0.64,0.64,1.56,0.08,0.5294,0.2308,35.5,0.0625,0.6875,0.0,0.0,0.64,0.0,0.36,0.0,0.0,0.9412,0.0588,0.6471
human,2301.00266,math.SG,2022,41,112,2.8049,0.0,0.0,0.0446,0.0714,0.0982,0.6161,1.0268,0.0,0.5854,0.1217,5.5,0.25,0.125,0.0,0.0,0.0982,0.0089,0.8929,0.0,0.0,0.9756,0.0732,0.7317
human,2301.00288,math.AP,2022,50,28,0.8,0.0,0.0,0.0,0.1786,0.7143,0.75,1.4286,0.0714,0.7917,0.2,11,0.3256,0.3023,0.0,0.0,0.7143,0.0,0.2857,0.0,0.0,0.86,0.18,0.0
